feature_0,feature_1,target
-3.267726981527693,-6.4669652312839236,0
-4.2731092018418924,-3.815355017465893,0
-2.7572132912820151,-2.9579170718762491,0
-3.3053838804446434,-1.7650550102728149,0
-2.6991658438947423,-3.0317476415159681,0
-2.5798600549422188,-4.2759571139885919,0
-2.6697918082728416,-4.9104427389790519,0
3.1336035459123237,-0.84571225815150397,1
-4.576501707546198,-0.20048281420450165,0
-6.1658080521797967,-3.0120516936861454,0
-3.9895788360616899,1.3827251571972461,0
3.2886588792585654,2.4327476535542205,1
4.2809604547276852,1.7864157303038779,1
-4.3534477297986038,-0.94086889571229149,0
0.70727324973842443,0.57347882357668167,0
-5.8925060259764601,-3.2538980099272448,0
-1.2735795341384339,-1.627060814527437,0
3.6773753326731011,5.6010376616572257,1
3.1118800869696468,2.9935386159949822,1
-4.2246210085159497,-6.2556847589210012,0
0.24933293115437438,-6.0225082448546896,0
-1.8234579568363678,-9.4670990030997171,0
-2.3814296542132714,-5.2933400178001815,0
4.090311065609753,5.6770631499067861,1
-3.9494426634099673,-2.8547493688163734,0
-4.5755873736577835,-2.1065219920994962,0
-1.7162072927835317,0.53761077971304561,0
-0.61772465321605052,-2.207434797626938,0
-1.7933528497185203,-4.0139046354522661,0
-8.3580388017300677,-2.9655561181025978,0
3.7648408065741945,4.6521922636409334,1
6.7532272839297551,0.11001091427381171,1
-3.1760985038756977,3.0580185762262682,0
-6.6902691234625733,-2.3261294403780033,0
-3.8131662399640649,-6.6828602077101404,0
3.3194450759571925,1.2618757649848409,1
-2.3429919257143137,-4.0652523908388734,0
5.7983092961035281,0.53381163633669804,1
-3.6637771871570872,-1.8982893496109263,0
-0.22419815125709563,6.7017393979424256,1
-6.149948701265707,-1.1887837675798378,0
-6.4413219797569141,-1.0688179580531767,0
2.6883492193179555,3.6778127228225044,1
2.0912131774685889,4.4545598223024871,1
5.9327961121869839,1.3973139993666599,1
5.2620604804904119,1.3054573529407063,1
-3.5777621818839083,-4.7311589622534278,0
2.7080469808714738,2.9487506521941609,1
-4.3556066691378952,-3.4967403309950318,0
4.6476341971658179,4.4650374620331137,1
1.6844585947573838,3.1942515194015084,1
4.6731022806633966,-1.443823823178799,1
4.7883413466306557,1.2638945582301255,1
-2.1434830022852855,-1.8058384467546758,0
1.4142338585741339,-2.5703941490337652,0
-4.6262173176252226,-4.84662809268419,0
1.0057629791176232,5.5583532911893494,1
1.7177726713687405,1.7097228270427243,1
3.363485926687745,-0.26547073257384302,1
-3.9716294982390599,-8.8279451853063087,0
-4.6473885946623295,-1.9096838233552822,0
-1.7729378883713998,-2.9460331599451663,0
4.4038111901427985,6.9526412201915626,1
-2.0745481697206958,-1.4680633205360596,0
-1.0626160792981192,-4.302028792326781,0
2.2467151894227069,-0.50449187318370603,1
-0.41677964546266422,-1.3351276660301903,0
-3.0250765372719108,-5.4782390026339165,0
0.33646571387702373,1.9751461682167353,1
-2.8679921318076191,-4.4191214909913201,0
-2.878067497050349,-1.771057508568721,0
1.5225792784293712,5.4259832810388957,1
-0.30546306981794968,3.0674817942266168,1
4.1849274058786934,5.7611568825955484,1
0.89780534231075304,-2.475642538531698,0
-4.8733214179568227,-5.5214491074388166,0
4.168971747540402,2.2850637282092241,1
4.2679520974823761,4.4648933055537938,1
0.91924371866044696,7.2733966231479252,1
4.0720441534020679,4.6013612627955141,1
3.4401135699498009,-0.24489076812458244,1
0.040845376320615578,-1.6509055052526336,0
1.9728357409354544,4.2729107081856759,1
4.4887089566725571,2.8765360574046626,1
4.5657835957116788,1.558053968285851,1
-0.87575613639458227,-4.2699028322739068,0
-5.9776629002329056,-5.0681090331887484,0
-2.3141787763345851,3.2459521874429584,1
-1.5193874389979942,1.3767688583411548,0
9.8427739869601503,2.3746216198365762,1
-8.6569643414815278,-1.0971897426561592,0
1.6979367765796045,-4.616221048910564,0
5.0840376922798232,5.1758146896472272,1
4.0194195683070948,3.858217518335219,1
-0.55672791102339714,-5.6894842802252423,0
3.0545339274811498,2.9268258242211882,0
3.7650844549184521,3.077736710291552,1
-2.7342275961383056,-2.7376225772319112,0
-3.5138146368394043,-1.0495924262247034,0
0.41897392810714518,-6.5847666182332256,0
3.8599945942701996,2.5385247531812722,1
-1.7995994728332658,1.5295936514949418,0
0.61232644931359914,4.6281815816233216,1
6.9685955936187156,2.2734658625006778,1
0.5414958774838956,2.9842030854238031,1
-4.7914178455319654,-2.5439402445634287,0
2.015979362802125,2.6531272867024431,1
2.4379479528559562,4.0165709744300893,1
-3.1580289341577417,-1.2504728354866159,0
2.0537252844714926,0.59448600676021623,1
-2.3205911616217092,-2.7093912760614782,0
-4.2506131700039411,-4.7741713758968283,0
-1.7410868758742151,1.2258252809988899,1
-0.38748366274551538,-3.4517222682819684,0
3.4049771778811504,2.6830480533975427,1
-4.9344376454726815,-6.0252937398958828,0
6.1861492590677081,4.5242814988725799,1
-3.413887329789778,3.9708967091668903,0
2.7831721108800069,-3.6042126692734184,1
-2.415463823567821,-3.6156589697500507,0
4.2082508139941535,1.3645236183839433,1
-3.2491688386677016,-9.7707259744765,0
-0.42327845717727364,1.8454324422036896,1
-1.8390998858165823,-0.98177419267911548,0
3.8159489318899116,5.5164787127644637,1
-4.3287383600622524,-1.3174976913255789,0
-4.6740872053845255,-4.02074546978666,0
0.30410380194735698,-0.20394160893027102,1
-6.2697700115300838,-4.7656136490583973,0
2.1408435203613774,0.99223524708853539,1
-6.8543932914613492,-2.5511022680706437,0
-4.1831399602203998,2.2366642643880077,0
2.4043810254252351,-4.939613319073576,0
-4.2163264428023783,-3.2984067565925934,0
3.7922990133808367,-1.3803530904471604,1
6.2467698095559463,3.9562745527371757,1
1.0366925120237827,6.1231539290447223,1
4.1930275146680165,3.085432317772415,1
-4.5853499611320414,-0.4760399662303052,0
4.3124410495039189,1.3261552711720344,1
-0.58676827196464831,-7.8406520518164182,0
-6.2605169059367656,-6.7340451741917349,0
-1.923770080896291,-2.9897258520676497,0
-3.6101328536185453,-4.1615274093041545,0
4.6998551530452222,4.3133545147818904,1
8.1641940228828389,4.1328073820260594,1
0.3165853864259871,2.8860481268943374,1
-1.0853371743335802,-5.8322774538921358,0
3.7092003948574361,1.6361920827729071,1
-4.2103221199555172,-3.1900354728746061,0
-2.9010273975081762,-3.5547508907396335,0
-3.1029118462096505,-3.9469797350067823,0
-5.9666845279528138,-4.5637049002565861,0
-4.760118006788729,-4.916918653832818,0
-2.8157526981169947,-2.7588426458775093,0
1.3861288791826303,-0.18142292780929248,1
-0.55659355146673084,4.6915439062599633,1
0.5575594674859774,3.8405153374986734,1
5.7026149573403284,-0.20931003439519191,1
-4.348787565331568,-0.8693834625969501,0
4.9424996729787605,3.6955146230474387,1
-1.9520212951659552,-1.3966413920685077,0
7.1087736430221522,4.4050255063047477,1
-2.448575634927626,-0.78300285375165446,0
4.1880363701028145,0.14679664110544843,1
-5.1846015094442652,-2.1096709919768006,0
0.44214327751401683,0.28333270256597398,1
-2.329111372473315,-4.041096946720419,0
-1.2039326070783112,-1.9708713374346645,0
-4.3469361555147552,-1.0298516926478052,0
-5.1714807266378457,0.35599478873083834,0
-4.7812336003239349,-2.7107493310559532,0
-1.3785238602406344,-3.1620820122490998,0
-2.3998724031814289,-2.2161390268593717,0
-2.0167889597307656,-2.8236850367328326,0
4.8217355340818022,2.2877898656592563,1
-2.50641377157769,-1.9513280499965131,0
-2.4348313524465741,-3.5643134516937169,0
0.023367482905269021,3.1117188551576378,1
0.72699578735263692,-1.3207490830964659,1
-0.76339346032433708,-1.4197382967390528,0
-5.188906131709075,-5.7883225145897068,0
-7.6586275146576002,-7.5399726863624181,0
-1.2595642574555583,-2.6531285277640424,0
-1.1932687066158203,-3.7619243872959851,0
1.625336991032009,1.3762154781495715,1
8.0437369433630597,2.9472099684385085,1
-0.77269063047072573,-6.7064954246958965,0
1.9668242422565809,-2.5368121793499321,0
-7.7677597085519254,-7.9161936010687102,0
-1.378097020781766,-4.4954758360617753,0
0.1099908304828987,-3.2549305082903675,0
-0.46590835741591485,-4.7540726456324789,0
0.84264713325110696,-5.8578073912239397,0
7.2111295507023279,-1.3095854777306428,1
-6.1596102776779675,-3.3018277189906389,0
0.62846622935577878,9.4365230330190855,1
-1.7403306164761889,-5.1280568996558005,0
1.0859125976523574,3.8219037857215388,1
-3.6412564434229369,-0.56642984674785346,0
-1.299788563594575,-0.39470069082014048,1
2.1547847704037721,7.7704644619110965,1
6.5820114005659995,1.5109538772261875,1
3.4232212778416176,-0.18725459451786319,1
3.1188105998601676,2.4539684506263493,1
1.9892883178463614,0.81867712642576596,1
6.0671999102978251,3.2637934480777346,1
2.2665567036346035,6.8685473152547969,1
2.8719702008336627,5.2879752624126013,1
-0.52847698904385165,-1.2848115968164835,0
2.4055691775577164,2.2720304968900642,1
-1.5766317433116359,-4.8989092677813462,0
0.49069619149283339,-0.11382953979619437,1
1.2327596631419626,4.4557871406887264,1
-2.7978742462293145,-1.7079372186207817,0
-2.1132674028694325,-1.6679416706624133,0
3.0822161899493867,6.0078169398289472,1
2.6816693387542543,5.1741582052944199,1
2.332740030728413,1.6207382771056649,1
-3.9937326729655216,-4.8783880581366574,0
-0.38433041309906635,-0.36010903763024338,0
4.7081098149721869,3.6011947850898762,1
-6.0229422410336628,-1.0790192683445416,0
-4.5172190370609844,-4.2673838748782655,0
-5.2898218028701542,-1.5454178182087213,0
-5.9273972681068976,-3.5201929817567423,0
-2.9013386187463874,-5.3896557513193244,0
-4.3899862053926206,-0.56867844313629989,0
8.8482024613325514,2.9427463914530696,1
5.9332850958831109,2.2473881519780163,1
-1.7493022181934779,-0.019835834610936409,0
5.0328415387281504,1.0868142350196581,1
-4.4837098088716525,-4.371644008112642,0
-3.9219754907664566,-4.662506899726119,0
1.2078580880820704,0.76197067105195382,1
7.2598089054653165,3.4633136470778441,1
-3.8312963096691921,-4.9813003354165417,0
-4.5237015580864268,-3.9389195467900215,0
-3.0145935256478693,-4.3753779680173963,0
-5.1659740817670974,-5.0736277542146055,0
-0.035153061782006834,-4.8237312736340465,0
-0.14348779774138087,-2.130714170219703,0
-4.7274135507926935,-2.4998301772384259,0
2.4811534746550734,4.7196350664953037,1
-0.27478953595813493,3.869548912275464,1
-0.51827882088834665,-1.2296219053232029,1
-1.4886387080875212,-4.2187058807238387,0
4.9875290981924092,1.4040951287388228,1
2.0965718604316628,-1.3566087631825881,0
4.0116915399707356,-3.5323810434142624,1
-1.9245040922400445,-2.1123644185231409,0
-6.0548218792713229,-3.8710680479260335,0
1.3633496232820292,4.7593705473914341,1
-3.042377722204674,-0.29176576492388406,0
1.8436793756072429,0.45685529699871452,1
1.7769616578668339,-3.3694141883622795,0
-0.80004885772431988,0.74851340500541719,1
-6.3945391913673628,-4.4623103626633247,0
4.9123976627681811,11.713079161814017,1
1.6973273908573656,5.2334859039643726,1
2.4473114065712882,1.8035439222088769,1
-4.9022749251325113,-4.7944001961658849,0
2.6364556810112205,3.549138444670946,1
-3.1242938562113372,-1.3003762967280159,0
-2.1848026368278024,-3.8822881558030549,0
-1.3240375300065101,-2.5492506226928699,0
5.6674582139747205,2.3543202026276306,1
2.323003965612064,-5.5227312978649401,0
-0.590127248519424,-2.8357833459612376,0
-1.8265461102860705,-3.210482399961871,0
1.3337148536095647,3.5795184176362653,1
-3.3404337975619374,-3.701332259726525,0
3.5907710592740991,0.10825911756407391,1
-3.6472186941436147,-2.6552426504755866,0
4.0499275643604911,3.4801417251736151,1
4.0099941087164304,-0.71276897417928664,1
4.1473328418222684,1.3784284891003322,1
-0.7108802995570751,7.5939247058742794,1
5.2987592069167322,3.1592152670137712,1
-4.5731111705135019,-1.2704980564353014,0
3.3555381922542158,-0.4252573556448751,1
-1.4465970856665211,-3.6276798098124154,0
5.3053175995149005,4.1201244591871218,1
-3.9905143326245942,0.19475924269094236,0
-0.74152951934024669,-2.0987146017498497,0
-3.0099597444373392,-1.5320774196445519,0
-4.3710902788236101,2.1304113765720896,0
-2.330937908424819,-1.8182819123119576,0
4.0282979390657152,0.52926437337058596,1
-2.3956058906863285,-6.1704851580262652,0
2.2396144161846729,1.7119883480424825,1
3.0531321810178946,4.0947015872927492,1
-0.18446205139679073,9.4689455379048511,1
-3.7033747210710874,-4.2137709877822696,0
-4.9023933172234102,-1.4363887393560428,0
-0.65779864691715462,-3.9196183801439943,0
-4.008142101727719,-1.0890147688556198,0
-1.1011929930286704,-1.6985057901664533,0
4.8717275786792325,1.9015747315474631,1
4.020393672408983,1.8290926085559687,1
0.83556289825664587,-3.1221609309564928,0
1.7856319899421162,-2.56314633472756,0
1.3340857586905508,1.6308417040298064,1
2.5714396271129463,2.5695284355252141,1
5.6278979524565287,7.1177235101726763,1
4.6416424267207645,1.9319886045768158,1
-2.4975370577127105,0.39553129822086674,0
2.9770078063114211,-0.88656160640028192,1
4.9110127148500817,4.8788590095709798,1
-2.7279521390039738,-0.63479648369916442,0
0.77603108734394599,3.6789991233719825,1
4.5546696543199667,8.7444012977429182,1
3.1657680245077797,2.554331756503506,1
1.565778180399112,5.1985466311247954,1
-2.3762949479022213,-5.9006711945117285,0
5.2026368308788644,5.1276128463389057,1
1.1069313221043902,-1.3621544107020682,1
-0.83906118492746407,-2.6543109693227804,0
1.9431293887255952,4.7720657627130709,1
-5.0824388768291549,-3.9498461487647614,0
2.1363138251351339,2.5056868788731914,1
0.26633611495928378,2.8821063364020034,1
1.613814016715349,2.1046591049410157,1
4.773809455056174,-0.55742457580419158,1
4.0648715363443664,1.6857374341380311,1
-2.1286408293882326,0.65496703291887659,0
-3.1763952325025815,-1.2512737023900338,0
1.8456026479077894,2.7970232774650894,1
2.2921967193410175,1.9144526005300664,1
-2.3524414397828597,2.8481996677908978,1
-3.4770881279370349,-3.3700359238237394,0
3.0806704517728121,4.6509255608550424,1
-5.3853896935253314,-3.0278177182615105,0
1.7897904381686718,4.1724960786194316,1
4.1932281042830386,3.9051412112296147,1
-5.5434818181717747,-0.61401433106202852,0
2.8602054462658693,5.687086055444512,1
-1.7331841646828687,-7.6640823433579364,0
-6.5579768841525974,-1.2233432806104851,0
-5.0676241327013738,-2.660549964021155,0
-3.5912617839622558,-1.4652832500370672,0
3.923927137505947,5.6864812711407797,1
-2.1068316655692927,-0.45323374132577277,0
-4.4024827949429586,-5.1869258391090529,0
1.9239161193334748,0.31417455690228024,1
7.1905141657444522,4.7434692325210461,1
-1.4955948031129376,0.98070463557252019,1
0.52216434269766232,-7.1246872958253871,0
-3.3723293568896064,0.82911532775980668,1
3.3008462726092236,1.4417830496070514,1
-2.8461702668463311,-2.1907899607601138,0
5.328995653146011,3.5163032935481433,1
1.0982016297631252,6.9762355514474272,1
-2.2587484301916119,4.3590762166863151,1
-6.3959963776113167,4.0027083903369203,0
2.2829960001155292,2.9861839096480982,1
-1.4476028988202476,0.38576064835770563,0
4.6050327735539929,1.2684547151665058,1
0.9920151702881097,5.0621506698424614,1
5.7812850527608131,1.8766117221117709,1
3.6772584604291283,4.1044835455126085,1
-6.0246332461310192,-3.3880107576036473,0
-2.5538452986889935,-4.7376073264184786,0
4.2664996054960742,2.987434545690022,1
-3.2695377231377218,-3.0385657857931654,0
-2.7934043785463514,-2.5393273698004895,0
-4.3341603178028123,-3.1831594881190575,0
-2.3388875820738577,-3.2647008411169267,0
1.6371884000308721,-0.63311906840305676,1
-1.8382885431343896,-1.8375375884676448,0
-5.4935025407076798,-3.1498338066646361,0
1.4429066572535587,3.2524238792328992,1
1.2461175274356604,-0.24419551190476652,1
-4.4760191824109796,-3.7365907131533183,0
4.4458903090804274,4.1989985323702319,1
-0.4235073662703126,-6.9559099230889636,0
1.397640022306704,-3.9666877319538454,0
5.8985767999518863,2.9802242274575654,1
6.1693339534268787,3.6068609274571957,1
5.4111943610036528,4.6155612865122837,1
-3.3001577853857333,-1.3595691130498198,0
3.674112448121897,2.0955330626237849,1
-2.134474199649905,-2.2358265967971152,0
-3.4242383450729044,-0.96792104470282458,0
4.9301315336688925,4.9297694095515316,1
-1.1863539589855401,-4.5811437597083788,0
-8.0407185113729618,-3.1679956470678752,0
-4.4634424992909434,-1.2954921769165753,0
5.208451688040892,1.1551465434381707,1
6.3550322933351726,4.9708300793801312,1
3.8691437707549734,3.8079228258875393,1
-0.18486134035794599,-6.1731321917260971,0
-7.1613529618058491,-1.9422803214480335,0
-3.5127153924518266,-7.8938608935079069,0
-5.3010972067450863,-3.6178650216084418,0
-5.1340851006931327,-2.7296436373170474,0
-5.0767353565074114,-5.5132975671486655,0
-2.4256076240803273,1.3264370611680576,0
-0.55318652020416614,-5.4949761236292263,0
-8.8244185860852316,-3.9020959864862572,0
0.63135072499052747,3.5241353597170804,1
0.73278793050450819,6.3395666297841222,1
-5.120933963906376,0.55137691061174321,0
-0.48390638301649114,-8.245966208958631,0
2.6123768109758778,3.6419266834724677,1
4.1181467776170795,6.5257860729514761,1
-4.3564496399656676,-3.345252543336489,0
-1.1367933245803024,-1.2199376831153474,0
1.2513836760663075,1.9298638249891225,0
-4.0748445594283114,-2.3853769645002192,0
1.7178255649924985,2.3325498078760747,1
-2.9768212456319669,-1.2223845220203207,0
-6.2068346696595045,-4.9918153159341294,0
-1.658816014654044,1.3945005300682822,1
1.4249708949820132,2.7071616741742224,1
0.078451536832660373,-2.2279340145428304,0
4.6210125864170166,0.28193227104758645,1
1.8952774811813418,4.9635279616754335,1
-4.9315487698677192,-3.4857170948156448,0
2.3262120084944526,1.6266535191208473,1
-1.365581814746325,-2.782578137476817,0
5.3825694684676897,3.3207047353846622,1
-5.8653159783607762,-4.8327270310939792,0
-1.843669944054559,-3.857637508997402,0
3.3197004001009893,4.2908099280146494,1
-5.3313596230743094,0.12583401887599344,0
2.6647402048591502,3.5183250711494827,1
1.7841843359343406,5.6471726456833693,1
3.9864288899719322,0.72012576841198861,1
-1.917806499689771,3.4249472441617281,1
-2.5825423479938774,-5.9045790971429355,0
4.5631864904878459,2.5220001157636478,1
-6.4658320677028644,-4.5040236031187391,0
5.1133113090640769,-0.71697325119150923,1
-0.20597678077355752,0.3113962387148117,0
-3.2595571013846243,-5.9479133143387095,0
-0.31173860172661838,2.7514798028544161,1
-1.4421416865534882,-1.3161268397906816,0
1.2686940461832483,-3.5991916467869638,0
-3.3203855222409873,-3.6358600927693532,0
-3.78431905910809,-4.5483805862590989,0
1.6760224653146101,5.6818376209364736,1
7.236964816747534,-0.0079397660874747089,1
-4.4900981957752881,-2.5273034019132288,0
3.2360455919717133,1.838739066976862,1
-0.68400328217465978,-5.3274837299406954,0
-4.5595662634595868,-1.4922289597988432,0
5.0326717991415766,2.3335195000327511,1
0.11829263141720636,-1.8160985920657291,0
3.1022520125900721,2.7435286439089084,1
3.8958277139933979,2.7125682358694005,1
1.7197838597499828,2.9606179819248584,1
-4.9345459818778297,-4.6460018036888204,0
-6.219309549874577,-4.0687291603442279,0
-2.1398507266024733,-5.4114438473993305,0
-6.3873286146885295,-3.7152531433687463,0
-6.2095062834941697,-4.5121200494039115,0
5.0198656324005375,-3.1452335231341113,1
-0.46723969243702879,-3.4082822278297908,0
-7.7201866778676207,-1.8265178276263743,0
1.0353778275572183,0.23050682138017464,1
-0.87794985188854024,4.0516456522958189,1
3.5990420112216528,1.0562887271956451,1
4.8994826229944506,5.1713223249582798,1
1.8580639854339065,0.42464474988278855,1
-2.3057235153037419,-0.2172121786993948,0
3.9726915560308051,0.41346904570070109,1
0.60041524757371434,4.9827721145510031,1
1.6939791772620378,5.1973865718377228,1
6.1309882038094123,5.1012239993022614,1
2.9773979525666596,1.8486584999403455,1
5.8792566906936443,3.4964669942902886,1
4.6494958510134063,0.54770727388653118,1
-0.27843526670827101,-5.1322987012055883,0
-3.2588450914614424,-2.3408064492895586,0
6.9801850323833632,-2.6338771242458403,1
-4.4386396676807598,1.8860066976352652,0
-3.8708570743854724,-0.83113120402812513,0
-2.7844456698509252,-4.7290294779430653,0
-0.56363498966662373,-7.422374520398451,0
-4.4858252959804839,-0.42887691667756389,0
3.3053776756153024,1.7772268349312821,1
-4.224083326477122,-2.0425456717902555,0
-1.3224073428960055,-5.3146999608835817,0
-5.4512859362200121,-3.3704359534620427,0
-3.0782451809552565,-2.3272365749444468,0
-3.2260811726383984,-2.9684544762184104,0
-4.125427779376186,-1.7131539256910793,0
-3.1184417501724337,-1.3979351883679882,0
1.4503678175943553,0.48278722613611125,1
-2.3015452932386014,-3.4380036620049799,0
-4.3722137340031928,-6.6685136771057696,0
3.0739657678568153,4.638943464888972,1
2.1860722416201033,2.8607922582516605,1
-2.1369456570554148,-7.4354458752422028,0
-1.9543737298709438,-4.5960215098967456,0
3.8153876535931213,5.8082964541092661,1
0.24518188864166612,-5.8095197006485719,0
3.2367940353602482,8.1145213351293819,1
1.0145009571040093,0.27709616427906925,0
0.58686231750891782,-2.1957060460814013,0
-3.8292531501900688,-1.7960607410146603,0
-0.91149075737033325,7.209554639043926,1
9.94339038240782,0.41917565087553266,1
4.9488482155469491,4.9717502230381223,1
-3.6675514730091763,-5.6098895122850534,0
3.9093435671209775,2.0162893930385257,1
1.9231385540815185,3.3023468261967772,1
-4.0820977222382719,-2.3367283359540498,0
-0.37380551061661071,2.3589053047415325,1
-2.8384819944153077,-5.5672751828612075,0
4.3748496960334773,-0.79162572203226089,1
-1.0644312704173648,-2.0219974423227742,0
3.5085142153706737,3.511646430289427,1
-1.6417335747459587,2.6102094351147018,1
2.8348119270252234,2.248505773305761,1
2.238316058063675,3.7461233738542696,1
-4.4468084966545964,-1.8261979321391437,0
3.1570871394184721,4.0564576850616749,1
-0.01163254143231951,-2.673711148247035,1
-4.0866300610016957,-1.4819099737609895,0
-1.8683330582992996,-3.2083422051477188,0
-4.2595841384671047,-2.197692742899171,0
-5.2581976530547667,-7.0065526266979914,0
-2.0145497605660285,-2.2341123024882537,0
-2.2486887248148744,-2.3067652280673925,0
-5.4812041472174169,-3.2067976369543403,0
-1.3874034991238571,-1.387558569808899,0
-2.1368339320308234,-4.7682253141087845,0
5.491176609000302,3.8522013690573647,1
-2.9419865121966224,-4.2947032472033557,0
-3.6856235305236162,-3.2488506647377422,0
1.8639290232083521,1.3146743941109709,1
-5.1855854455167325,-1.6870273623828078,0
-3.6493543197145102,-2.6804353644324013,0
-6.1279405942128218,-4.2241462134634489,0
1.5217185312821857,2.6351998656400895,1
-4.6483565161272349,-4.033891091503472,0
-3.3363214241284531,-4.8798576435731453,0
-0.44356192291874841,2.136443099339477,1
-5.0352158446948811,0.28364290792924818,0
-1.7490277130710208,-0.95488852299331439,1
4.4028170163483242,3.9281655306578385,1
-3.3997663484191682,-2.6391960058327637,0
-1.4865715598108022,-3.9799303446811116,0
-3.1776274391972845,1.5512272986876594,0
-0.54205734411189344,-1.7747035016525787,0
-4.9324099731654174,-2.8783224175920634,0
3.846079744093517,1.2120710975586741,1
6.2018029237977004,3.6021041827613161,1
-9.5920549332891394,-2.528211178797517,0
-2.9281229213129287,-4.328454311064263,0
-6.2029201709938491,-2.2277494971183458,0
-1.1414396900930632,-2.4720000857960502,0
5.3869479808891612,3.990475861100792,1
5.4103455000312497,0.047678459762670933,1
1.7421080817300756,1.7086885350636893,1
10.060672937673992,1.2150119914594129,1
-1.0948883900591198,-6.2345937617190321,0
7.1154578552975121,4.3548482546093759,1
-4.0327334641271344,-3.4377200644497141,0
-0.25972133185389046,-0.064112072846707058,0
-8.9745283758599221,-5.5175818715118625,0
-2.276403865680007,-1.7032352879656529,0
0.30285475234664938,-0.53449366034974144,0
-4.0343805318046435,-1.7695016638921446,0
4.3361566086705308,-1.3065566177530634,1
5.2863787130186175,1.2880851493538255,1
-3.3159272810148952,-5.8720135220530612,0
-0.64840177718336012,2.7170169366459915,1
2.7090997092102898,2.8366430158341944,1
3.5243586691217423,2.3081714434577094,1
1.8013704149606782,0.024304357143923649,1
-2.4142812759515135,-5.7563640906747597,0
6.1420960049850661,-2.4537705914028329,1
4.2396633306075273,2.3084863330916132,1
4.578178317330365,7.7008394955482284,1
-5.1654932271579632,-4.8909819732482784,0
0.91276430869221326,7.0419267589735624,1
5.8770224711612045,4.0924503995771433,1
1.1708334900529351,2.7667826073500983,1
-5.7154916988577833,-0.91660325891623762,0
-5.2217265708834546,-5.7274853404459982,0
1.8384335668957106,7.6598493903403888,1
0.28684424759727767,1.1734227646159525,1
2.4336564088090129,3.573287000718075,1
-4.5970831674984076,-1.9231773229948093,0
4.7001813205888556,5.1057560934508324,1
-2.5933390735615727,-3.4066124587882407,0
0.028025450913017558,4.2548028156289677,1
2.163844286586297,5.1609294731771236,1
3.7926994111889112,4.7683328936629046,1
-3.1587470152622528,-3.2566086464384782,0
2.3937370069094079,6.0122732514779393,1
5.7257056381790541,9.2222364323409707,1
5.8823934428680982,-0.070774358880404176,1
-1.5617633215504179,-3.2261178359756624,0
-7.3312978135888907,-3.5884851077209667,0
-2.8076182017618958,3.6710615865419864,0
1.1004356069203203,-4.4356204420626479,0
0.34637919718127685,0.31176586263165218,0
2.3358650634630869,7.6000622256564796,1
3.5544181658496554,0.098821554575464265,1
2.102874275801196,3.3522781817991336,1
-1.4688748545202461,-2.8929641981478591,0
-3.0033811178054046,-3.7907435405297365,0
4.3876648178796316,4.2301058216737619,1
3.6164751712530219,6.7444867310887817,1
0.92112404133963199,10.024896696359331,1
-4.2839821299679937,-6.2361683227300375,0
-4.1692061551847885,-2.3381391722680878,0
-4.2684220557569601,-1.6066003156296869,0
5.4332395716560544,2.3644239450406546,1
3.2433690562038979,-1.3870492403398416,1
3.4861114884934148,3.3447357249531224,1
1.7869377358954563,2.5177171051807101,1
7.0393761056201791,-2.6724008739493623,1
-4.0961698642565585,-0.18128916026015895,0
4.3314792289572033,1.3999732030747134,1
2.9616505308464021,3.3948569082619353,1
2.7798449039479953,0.83035672760146806,1
3.0880144138833558,2.6000208579374928,1
-1.2271720317585395,-2.9792128867112178,0
-2.4897981505058451,-2.4571725287385591,0
-2.3254152994758379,0.48952526121594619,0
-3.2066182000382932,-5.9964132924739939,0
2.3642440045630586,2.6524564823707486,1
-0.61068072542075091,-1.8779307668775891,0
3.8631254605778715,4.2364952701166132,1
1.3524120557459902,3.0216512239873392,1
-0.62772277934777909,3.9329991303435161,1
-5.0210073773587176,-3.4582085325255352,0
-3.0432340825102413,-5.1668138481589345,0
-5.2051679193454099,-3.9971691636092608,0
-6.851235354710516,-2.5779373016823763,0
-4.3696179163393785,-2.0381724705558804,0
0.43972426597602388,-7.7473234806474114,0
-0.61912112425877863,-3.094163093806515,0
-4.1626000364902698,-4.5201942965210327,0
3.0236088643668189,3.4050101753142878,1
6.9477518819876938,1.8302536167645271,1
-0.68213856159669506,4.7866433303306071,1
2.0637906464404985,1.2653159342816884,1
-6.3188005097777484,-6.3456472197527258,0
-3.1212579965208649,-5.0324557566128707,0
1.6565010871155492,2.0327402201086238,1
3.8935764262779475,7.993360412693673,1
-4.0351949377161818,-4.4274620853764315,0
-4.2678874804153493,-5.0487072068746137,0
-1.8700610630264498,-8.040271278549147,0
0.9409427896759559,1.211002839744739,1
3.4487951309532279,1.5603635004918672,1
-0.64314729588804953,-2.6720610490466541,0
-5.2623314271397348,-5.9814083394710043,0
-0.33902160770304945,-2.5481841914392622,0
-0.37308706785569834,-0.96377963970692537,0
2.7418582163085889,4.1334483094291432,1
4.5769876885224017,2.909315632833315,1
-4.464482371151238,-5.0477075511507365,0
3.7282828599605109,1.5167280906841478,1
0.70292011999136017,5.6212328718773534,1
-0.033547610426088781,-2.8796698919316035,0
2.8817198780441382,1.7021084469112202,1
-0.2885140609346899,-5.7583783190068516,0
-2.1530798058179466,-4.379580415969107,0
-6.6263216203794801,-2.1960645644990149,0
-2.8594974004745768,-2.0836552183579169,0
0.13958421440833746,-2.0346994504938669,0
-2.2286141332177207,-4.5572534236858484,0
-3.0723632786734996,-5.5942684427238376,0
-3.079023347182134,1.6205963721519066,0
0.96251149390235335,1.1857752125344001,1
-2.361707751864051,-2.3708640878493594,0
-6.5007642592403876,-2.8858846295285905,0
-9.1133042399567721,-1.3997950331040443,0
2.3956477865870092,1.8389317589285341,1
2.4252351130892507,1.8731165878411919,1
1.7672504997129241,-2.7230105605897443,0
-1.2020247903667576,-4.1274237922339312,0
-0.7878318111839957,-4.2592443454076498,0
-0.89012306485848303,-0.23007363442196294,0
3.4385547792297002,6.3733175422213346,1
-5.1609688164194756,-3.3208333222072723,0
3.4717199070362343,0.31869671682641831,1
1.6138294361861536,1.8756691362639577,1
-2.5315276296203475,4.1715072977294865,1
-3.5582342191106311,-5.0432094879671094,0
0.49435399763952059,2.521742938334409,1
-3.197493922164595,-4.012159560638354,0
-3.2737162750171009,-4.4771003980960185,0
3.4351153452004723,6.4020512404746768,1
0.13731788985553983,2.5883654607941797,1
6.6278879961488277,-2.4622530521226125,1
2.560904441837923,-1.8384938367211463,1
-4.7366352868886157,-5.2920682223147821,0
5.7859044769872057,-1.1230930334260076,1
-6.4114073147768611,-6.3305702934474146,0
0.08579764090160813,5.6370491018055144,1
5.8365601652446557,3.9854307289072133,1
2.1791050765029225,2.8705142107148944,1
1.5334591576727119,-1.0988880509900945,1
1.7999296785990959,4.8303087475376341,1
-3.9747564298015372,-6.9266412694018094,0
-6.5416482059134342,-3.5490689688338772,0
3.8752776333164416,2.609794742904854,1
-3.4797838375360657,-4.6850152181698093,0
2.2468885966175431,-1.9711223417929227,0
-4.7049652261808408,-1.991118976940345,0
-1.6667765805488868,5.1970764073350484,1
-5.3836189231402383,-1.4119172478659805,0
3.8192174522185676,5.1558221320428688,1
9.7550157142471505,4.5918658419878939,1
-1.5949196226379811,-2.897732395090804,0
4.2179368170199805,1.5182561764909153,1
0.42293285774510636,4.9344300075210779,1
5.4273901520568515,4.1170969970262501,1
-3.0172034143819344,-4.8003497716264407,0
3.3752973945261626,4.1104217628259656,1
-2.3975620089883209,-1.212210302326469,0
-6.0923138021080341,-3.068652601578703,0
1.1354161609365794,4.0002288383496794,1
-2.2046841266517734,-2.7302857130550229,0
-1.8811568175270634,-3.3499518381932267,0
-5.7375261054540383,-2.1253557864352293,0
-0.40360220394007351,1.145004476392252,0
1.4877889644588482,-1.6843275099128743,1
-0.10887330417746455,-1.9383164476312897,0
5.491686182408106,3.5236804751752917,1
2.9685789189392566,3.0980313477320012,1
2.0960382442643875,-4.0635039875449399,0
3.2461869169983641,4.1739509946824001,1
6.5790122252513576,1.5702301605305742,1
-4.336600162793709,-4.1932868112625163,0
6.9482226571834245,3.2509192790608852,1
1.5629757226513228,2.8472703182080634,1
1.7397537618573626,3.3629765822863091,1
3.7172498346663736,1.4946434966941795,1
-0.92631607775193991,-1.9148230695370301,0
6.7939792219036903,1.3013489489232117,1
-3.2904128384712461,-1.4075389749976259,0
-1.302047683297114,-1.9471504487233979,0
4.7485044481593333,1.2852281477066918,1
2.201715789741578,9.700984654034972,1
-5.9856845220102928,-5.556055201129289,0
0.47436946041478878,4.1084061616027849,1
-4.2055311536981748,-4.973405611068797,0
2.262656977401889,5.6561780525348917,1
-6.1813473088287347,-2.4220819905440196,0
6.0923491043203146,-0.0007763604898451959,1
1.2026411999726028,3.69901948585143,1
-2.0952834966756777,-0.47060917319647633,0
-0.83623941296856641,-2.8105575864431755,0
-5.9921868600475392,-1.5243986921237118,0
-1.1374529219096914,2.3067451055410482,1
5.3287542886222772,0.27722227932453292,1
-1.5616769634672185,-2.2715041889097956,0
-0.63400974904530782,-1.7765441165624223,0
5.8145573155515233,2.8306082059813957,1
4.7998688499992905,0.66166518019182252,1
0.84479847541809994,3.1302734873235103,1
-3.3444820576409287,-0.58385480765676157,0
-1.1708797034917786,-2.3631343162739231,0
2.8745730674165078,0.52525307429396806,1
-5.8916353236953398,-4.0294430980328482,0
-4.3365717674097475,-4.9902724661047593,0
-0.25900677955796025,1.9498134128261035,1
-4.2240428160932098,-2.3788261470365195,0
2.4151583108274739,6.565666436940516,1
-1.8371093669193272,-3.4685572656572794,0
-5.3630371783886472,-1.8854606612176275,0
-0.46387490212593496,-7.3550380956786974,0
-1.4675034548477064,-1.6124577003986906,0
-3.385252434080114,-5.0339637329710545,0
1.6109242144881135,0.32236348657862601,1
-3.0459848360654886,-3.8126453500892952,0
-3.5183069375612717,-4.96677859113999,0
-1.6568004331199706,2.164865957525838,1
-6.2589353164393682,-2.8123144288804394,0
-3.4826520227537836,-3.9569423323442807,0
-5.4895657547427774,-6.1333092798002511,0
2.3479692019549159,-6.7703516930478571,0
-4.9386747426510862,-2.2020635540075539,0
4.3739833684479672,1.4352543250499521,1
-2.3323311401233808,-0.13087428260713452,0
-4.9896654256107862,-4.8064403932193187,0
-1.0376084333305742,-0.66035417883321745,0
-5.6782489428778806,-0.77264082888341434,0
-3.5547454538684766,-3.6501408458149589,0
-2.4589988229932938,-6.656215550094613,0
-5.6582569212201195,-5.0215516998262189,0
0.34188242230408816,3.8116574169815425,1
2.3200420051257722,3.780157677663647,1
1.264240197870051,-2.2006792128728567,0
3.5169514282996683,2.4003637031894431,1
-2.4296903424051166,-4.4199805797717318,0
-4.3779110481026624,-3.4823806047037982,0
-3.3997372915966046,-6.187693372562201,0
3.8286036801403545,1.1204185231316579,1
2.6153879488262768,7.9662699726146569,1
0.84650438115864013,1.9291127967884882,1
0.55943137182229874,6.4051855364689736,1
7.572293268894545,1.1343270349979742,1
-0.39191669407085516,1.1957935820683396,1
1.0769061680577163,-5.1693374530594314,0
6.4727615268993581,0.029037298915034704,1
4.8288025426750032,1.4341188886296765,1
-2.2273595923313474,2.5861747502704571,1
-1.8049266123449292,-2.8092073384037795,0
-0.96187082172453531,-0.3053620559907575,0
3.2084773770741895,-0.38584748902514532,1
3.9037372838274851,5.438486929459275,1
6.4651689575011524,2.9060289416394158,1
2.0153990136333375,2.0906034974573062,1
-3.2629607082308021,-1.3605324554896472,0
-2.9920030856065898,-5.4641028102486731,0
-4.1807401766046421,-2.2969922685886797,0
-0.74997092553188205,0.095311252480355435,0
-3.2304502788831337,-3.6572702240778954,0
1.3352933157465039,1.1433905650644538,1
6.4549365270376757,3.2685352988425511,1
-3.5543401582010032,-6.1865984343568519,0
-4.5788283330474586,-0.5275910244941131,0
3.1176614550671204,6.2823223611662957,1
0.2357908622823035,2.10859038823877,1
0.38576637000783887,-0.083529548793735753,1
9.0993187498942927,2.992609126729314,1
-1.0384807726103524,3.954644929549417,1
4.5966737835217053,1.0683648846070397,1
-4.623527135810706,-0.66367282060687538,0
-4.4887586956495031,-1.3982670758266151,0
-0.5640959666407146,3.0638145119764268,1
4.4016142366245443,0.29962577601237816,1
-0.54864667364495157,-3.4054351419117737,0
2.6480559199754694,2.3618988295035575,1
1.9706231737250652,3.3969200048726842,1
-1.8712929129749469,1.1217617655277614,0
-7.7151207529716741,-4.6732472406102445,0
-6.3735499319194764,-4.5506617522476276,0
5.2726752095778595,1.3891564995015035,1
7.5539989894682877,5.3081064511366582,1
1.0659542733215153,3.6450528914136915,1
-4.8185247924426289,-1.7518719578380961,0
2.4658407877977013,1.146760752736864,1
-8.1629763656249317,-1.0449585183143704,0
5.6075043026492946,7.0686237002918233,1
3.4274714075138029,-0.58758522170726524,1
0.79262590831986968,-1.8790782240722397,1
7.1279788672768474,3.7297162394377152,1
-3.7209022708414796,-4.0330686044395021,0
-5.7236742760480688,-3.5656152926315645,0
1.4945502159689132,-4.3353069864288383,0
-8.0025390851544174,-5.4127099356996542,0
-3.7758171389988577,-0.50610166615631691,0
4.1589087339445427,1.6244836854234217,1
-3.3144694804003758,-1.3599455929425659,0
-8.6037425125995917,-4.9183817187021939,0
2.6856530499357256,3.6901015067330207,1
-5.4037596130188312,-2.0637453223581197,0
-3.4505469267947291,-1.4441966554699182,0
-1.6221766873661017,-4.5662918615167012,0
-3.3280744937552571,-1.3169816864443817,0
-3.5846258143913259,-0.72435416370285299,0
-1.8420117467647787,-8.4849420411767902,0
0.070659694603833589,2.4749436771941093,1
4.0055050518801245,2.040970731371905,1
8.1626383166731564,2.4461596827680787,1
-2.8169821738239746,-2.5314727601044305,0
-2.9331622699940874,-1.4678301290750035,0
-5.2848928950414482,-2.5894137391817083,0
0.57781826863206964,2.6232557812613981,1
-0.93840879802755195,4.234484140955856,1
-3.7882999190129771,-3.4903570223050862,0
-0.35271484672444142,-2.3206225211285609,0
-1.2358369545056018,-3.6263339884488248,0
-1.5095821023002673,-4.9561476419313655,0
-3.3302321993821318,-3.5218710110101039,0
1.0050451195672316,-3.4785028497299928,0
2.788809138918193,-4.8993020497484618,0
2.8759421278031452,4.5408745586688513,1
-3.7154049562164113,-1.6564683147201404,0
0.59001981960250394,-3.0067152677191427,0
-3.1486789877518251,-1.2267110136877095,0
-1.4048520738803534,-2.4245877700804193,0
-4.7958579323321349,-4.1375350476625323,0
3.0882594982814568,-3.8175071315125604,0
-5.6783327019649876,-1.408370194319116,0
4.2517562615753306,4.7273035014766061,1
4.226072814669033,5.2657670766647469,1
-1.0156243379051966,1.7051798867087582,0
2.8009957243217793,4.686639230458983,1
-5.6408434801732596,-3.7336423883581222,0
2.167384739337948,2.5901353968504228,1
1.002465748437074,4.5165695981130343,1
-0.30808926652776547,1.6438231659269631,0
3.1255646858297181,1.5585631432204412,1
-3.8710479138418794,-0.93267262434417697,0
5.3091293514776918,0.001056598589544766,1
5.368152865812073,4.3032883411108145,1
2.3755587425661644,3.6574786646870359,1
8.3043816532683721,-0.98063927263936623,1
4.7453433063568813,6.4035213526209089,1
-9.2557975739505096,-4.6055489973576371,0
-0.63660446852729002,-1.2603404914142402,0
1.3047527810404227,4.1032243151696699,1
2.3718750231670116,4.4630080098558595,1
2.1087802525100638,1.7903463481747846,1
2.9919231890917621,3.6098655708176595,1
6.3668248990953167,4.8222819903136376,1
-3.9191405189708712,-1.012127688886937,0
0.58136520446723994,3.2882710506365553,1
-1.9452039257518261,-3.4884920590969952,0
0.055528619365836196,2.2992362145084595,1
0.85412475945546662,0.7157348024473249,1
0.51173175441018115,3.5563888995341952,1
5.8652496023740426,2.7569875033908606,1
-2.6538440923337392,-2.3384309484522778,0
1.9945280789477218,2.5705925909048197,1
-2.8962083281959794,-3.2523590119617545,0
-2.2441197666861745,-5.8190897363442362,0
3.4838899985345404,2.7664033857517278,1
-5.1801665443786646,-4.3873217425362485,0
-3.4250963691515346,0.39083562098960556,0
4.4088187223560231,6.251425567708254,1
-7.3320892332721748,-4.2699896102120878,0
1.5574714814598611,3.3991435650576158,1
0.30469643270366165,8.6242946486376617,1
0.18063200787435818,-4.1596732308564022,0
5.764288393307166,4.2693171381677617,1
-11.719372061341337,-1.9639618654950695,0
-3.1209540398916613,1.5244864031488268,0
0.34820374169457713,5.6927058195063553,1
-10.120813918522249,-2.5488527413294157,0
-2.1902909071855459,-3.6893309002675734,0
-2.8489106621772335,-3.6513283905603355,0
7.3512650211741306,4.6867123571275782,1
4.2771001175389349,3.4437398777247776,1
4.4150664867009271,5.8272447759827122,1
2.0115660226172878,8.0521623724632185,1
5.5951782357161974,3.6835895783778243,1
-1.0394439015150647,3.217321946746297,1
-3.5398074456728348,-4.5325869086682626,0
0.84759033279932261,0.54792943547847628,0
-0.84826092887559357,4.3227108504926779,1
-3.1494080777148921,-1.6383475401063781,0
2.494051152267506,3.3505683405603186,1
-4.3690765246646661,-5.7172527209739119,0
1.7484039185363436,-1.4620448198366345,0
-3.6670935022724596,-3.0074290307192131,0
-2.1104863914288745,2.963638870691689,0
-3.9494535689800756,-4.4122261617017262,0
-4.3188564345648226,-4.5747917226408257,0
2.6694676019293833,4.2485509897189297,1
-1.2375150282094671,-5.4188708938885952,0
5.4423207945792509,0.16052952256254827,1
-4.2557192248460893,-2.9595505921837888,0
-1.8792164872840624,2.4740568117327504,1
-2.3415220954040352,-1.7348594067958027,0
-2.2896203761656673,-2.3125253064111027,0
-5.7455965372600044,-2.1147196844227389,0
-3.4002790694915119,0.26121616412026549,0
-3.3448009710537638,-2.9431635440235331,0
5.6471595107134931,2.4239685221513398,1
-5.7576231187143048,-1.0769879912092595,0
1.7565908938052281,-4.7212144446199202,0
5.0725813224986975,2.402246607192505,1
2.4018176460497682,-1.2932400770620021,1
-5.7724513359008913,-4.2684492795435247,0
-6.7489434577377079,-1.3152771996434929,0
-2.7359917858428036,-2.9819754578394688,0
-1.2627900549853575,-0.42414464135212926,0
-5.6136469098026254,-5.3676117827533067,0
0.47848306809618357,4.3251802589693975,1
3.0681763060288563,5.79897924906364,1
3.3651522075443068,0.079689681406679647,1
-1.5069175162082842,-2.1690329185358306,0
-0.33578878431215076,0.54546271225771692,1
5.48883575467603,2.7354361875367026,1
2.0570697841348826,-2.6211803505965343,0
-4.1097076548181173,-5.076391899258013,0
-0.83472444757547359,-2.6345876872544522,0
1.9872918084855895,-5.2736356714201431,0
-2.7276263805263601,-6.2298288002841495,0
2.6321762895509213,4.2492170655983035,1
7.4641768801442341,4.8543058818416549,1
3.7320604971352527,1.3725415511462593,1
-2.9283584811212076,-3.0280900883900044,0
-4.5651727705880774,-6.2940480555353862,0
3.4775379878451269,3.827179507779956,1
-0.92196400270723133,-4.513514961736341,0
-1.3789843856809219,3.7918825734768271,1
0.50665330471180958,-0.51675675712046454,1
-0.66111521566079468,-2.1583531167532444,0
-4.5877384217446355,0.94995247859707144,0
-0.058625473673106665,0.96177996797808119,1
2.6077298935177282,1.7112395358302408,1
-3.6110915432409407,-3.2393010005878411,0
-2.8140834831178356,-3.8262387494970134,0
-1.1861066806818086,-4.933111429938613,0
4.3143748552110086,8.2809908781636814,1
-6.4547215950818924,-3.993174906732972,0
-0.64235503767335533,-3.0324562339835333,0
-0.14668990829766138,0.72010031754661208,1
2.7869335780464306,4.0570967787718768,1
-5.3042243360573282,-1.5549573800577776,0
1.2530241988397521,2.4049838513452833,1
4.363939558561782,2.4717985846643358,1
-1.4343593208111076,-3.6145985422872711,0
-1.2168105681526944,7.3970542601859322,1
2.6956819827500564,4.5876568156362714,1
-4.5774386266503813,-4.2421134680556181,0
1.9871250335534132,-3.6632557885954977,0
3.2445729218738557,4.5076466389300158,1
3.5773403388737437,4.9423503549120724,1
7.4046541293791934,0.4430700990838683,1
-1.5746490023913833,-3.1519768162393742,0
-0.4319991849575664,0.87112098792295711,1
-1.5033198787084525,-2.0564475252450265,0
4.014907986105869,-1.9301193798154097,1
0.88192157657141124,1.8206269175430894,1
-11.996056220203588,-4.5611550329591548,0
2.2719339495705593,5.1027272786970812,1
4.8033544530899146,7.8236017734999459,1
-6.8093032427587072,-3.6557764288641152,0
-2.6395963107781739,-0.90618729294070599,0
4.6649077599456277,2.8901703250863546,1
-5.4919190868231862,-4.2494279157967423,0
1.1068486533288564,5.3944554584522049,1
3.4210135047608032,3.6785527321224603,1
-1.9141858408802856,-5.4014027605011954,0
1.5648646287566839,1.6546249244457363,1
5.4432683014926511,4.4152427260518827,1
6.2528941469440147,4.7684810816736185,1
0.37581764752339009,5.663399846746473,1
-4.4546858366235416,-2.6785477275383931,0
3.0211887790541123,-3.9770028563359539,0
3.0303138389611877,2.110123126689933,1
-0.23067002062687525,-5.5589402136917956,0
1.8705471880540872,2.4906391241238723,1
-2.2823622211712529,3.0272281207927509,1
-1.4324789591755538,-2.8559096793688985,0
-4.0165161201529012,-2.3672329900302826,0
-1.5575364476981959,-3.5619211766964352,0
-0.8118548578410687,3.0619953580873687,1
0.25262463234654309,0.83381533421931486,1
-4.0030564873571635,-0.48994726096988384,0
3.2409320453127108,1.5048513517519664,1
1.4815655803249579,5.0819744974566579,1
-3.0126480287198865,-2.1779075911855648,0
2.9454071089293912,-1.4823809139900463,1
2.2165884831920919,2.8865953443152916,1
-3.5834775373682941,0.93029966960202293,0
-3.4170675730509306,-7.4331123336643063,0
3.753376966751893,3.55249594738188,1
0.61020648838761726,5.8225173076764136,0
0.62475603677570257,2.5300936407361014,1
2.5372675122583539,-0.032603023229038186,0
4.704269097121661,2.2590053123764013,1
1.6623006733857473,1.2824563122554404,1
-1.9025160597723174,-5.2434930614071682,0
2.5797262130748946,4.4696820396447743,1
6.8785917780362116,4.3123947790043191,1
-3.2574236835469534,-5.3759899916213225,0
-0.99405274532745302,-3.3527765946237995,0
4.0295141998424366,2.2250714558713041,1
-4.4021981921606734,-1.4578879407721479,0
-3.1560385139434799,-0.70254725488875236,0
-2.7683479426003927,-2.3371783399587054,0
-3.1421739937350726,-2.7778491369914815,0
-9.3987681952612885,-1.7971078670789951,0
-7.655802438620583,-2.916050727462367,0
1.6761225416117063,5.1616208477104699,1
-0.14382037617522281,-6.0068929850479922,0
-2.9034976033958957,-0.2061908215219117,0
-0.74921613267824183,-3.8697509109683521,0
4.0213215251198537,4.0942225747114991,1
3.5102118805588254,-0.56127896567508628,1
3.5714339360186882,3.7273529270938015,1
1.9523280217044003,-0.54225670008807247,1
-0.80958106225957804,-8.373442849088871,0
1.5384861000749339,5.1185012917445327,1
-6.4302117581173377,-4.1240067229508748,0
6.3112319880012624,1.3533585701584832,1
2.9162718955847637,5.9199284389444369,1
-2.7517220334528263,-1.7625787343653549,0
6.9858868769552682,5.1952615838073442,1
-0.055957842789750245,3.2535533745484484,1
3.1490968218500202,0.059735426285990378,1
0.48872696012332506,1.6410243842275785,1
-4.2808630373046412,-2.1027370585714382,0
-3.5206820739688984,-5.6500169810077647,0
5.6370145068689013,5.4968031910627317,1
7.4357371958398746,4.9294370166506747,1
3.2097911144605722,5.1623387876821383,1
-2.908594353147445,-0.95568334254382314,0
4.5533715668185977,2.1076869623276702,1
-1.166418208312979,-1.3922649573251078,0
3.9332405962436474,2.6955066854800185,1
2.5707652847039864,3.4970322841717172,1
4.7262299587464653,3.7745313862207719,1
-2.9593037812169953,-2.3224784796802673,0
3.9571670137491757,6.1544211918218767,1
2.2480636187891334,3.4167802229836841,1
3.7744263631594945,2.6437067255318887,1
-0.71769522361239346,3.3604448143111849,1
-5.1540454068493959,-3.9128550276437704,0
-2.1542317140602156,1.1301035893481455,0
2.8929642327185725,10.971042283917916,1
4.34502257424126,1.4785909866420395,1
2.1035086326650037,1.8703943546591799,1
0.22836283676415636,1.7841365541585812,1
1.5674297390506577,4.525958271826557,1
3.7567197033019064,2.3991536301040024,1
2.0211574589849812,4.4291712859367554,1
4.0036920184089029,5.9469910625715654,1
-3.7560289944032039,-3.3585205204796069,0
-3.2636349751121281,-4.557040237169625,0
-3.4473068247820327,-4.3752084471700448,0
-1.1461100640422659,4.7144718184032985,1
-0.67370334724888803,2.0340150426896684,1
2.3374274084862439,3.2539277093319914,1
-6.1659334992542689,-3.327773626327756,0
-1.7014210702892631,1.6273456859245412,1
-1.8502473072764867,-4.741076248361991,0
-0.56021606323167816,-4.1469547368023143,0
2.9074157704626913,-1.8586994611320122,1
-5.0395318840972436,-6.0661693172634852,0
1.0490754813243521,0.7175054785129289,1
1.4651987850545549,-0.90107798280570117,1
-0.74089333805617219,-4.3670371192030384,0
6.1658459308228624,-0.63486777243131343,1
1.4217574902893813,8.2643940987851607,1
-2.3289590902006281,-2.9261813063495601,0
0.42513446624363116,1.0389813430002277,1
0.15458755103210509,-5.8651155168882454,0
2.3085495142197288,0.41717686660708564,1
3.7368472175692706,3.3593167879973342,1
-6.939896660325604,-2.6162423874514831,0
4.1899232938395281,4.8360194286538754,1
1.1479082236408926,-0.15305643190527229,1
0.8727541776086869,5.45041554643044,1
2.6633060409996667,1.1710357567018514,1
3.7537803563226859,2.2730204782726435,1
0.45293010467173067,0.81204293460810639,1
-2.2263086461945014,-3.7208392593089643,0
0.26023336098934813,1.3832708490414154,0
-2.4565526307742425,-0.9328527523841541,0
7.4879344059372235,2.071096664086765,1
-5.24012943880488,-2.1943871129935038,0
5.0072752256190061,5.2052429198939461,1
-1.0576650408710608,-5.5087746210085999,0
0.020213011523018132,-4.1803938060226304,0
-2.4473115813183837,0.72759102933497299,0
0.3816702088184809,-2.9027050070307756,0
5.6693545488713442,0.15108047525216683,1
0.4251193493080776,6.8229274082360902,1
-5.601162448678628,-3.0504626056537392,0
-1.6875279139583519,0.08570206762526178,0
-2.9808899269637221,-0.57873915496853545,0
5.1682232503204899,-4.044978378086955,1
-1.489124612331588,-2.8537580441041115,0
0.79643742216799085,0.22658739994426202,1
5.4894157704320428,2.692506886252465,1
-1.9745225747769863,2.9934888676774301,1
-2.2033388935884641,2.5198205721308993,0
-3.6666740627215986,-4.1042790076758537,0
5.2425317694254776,1.450913228146252,1
2.6376141124194774,-0.32331047056830764,1
-4.760216482857869,-1.7024445979206324,0
-5.203374638756177,-3.304602985622024,0
2.677923621736519,7.980153700147274,1
2.2997415508737076,0.66752696792443311,1
-1.3131422457649184,-3.885178334226282,0
-6.5114451673566345,-5.5483837944809293,0
5.7175250335733026,3.2693511634292522,1
-1.5595151590358127,-6.1263409403170606,0
-8.6835322987634846,-5.8715490274541793,0
-2.8265427971537451,-4.5417631849542595,0
2.8613337947053656,1.1267502827762959,1
3.7785422439577401,2.4698919237480341,1
4.2998791600907751,4.015816427845369,1
-6.7548953406502008,-3.1232950028577471,0
5.8288991268533188,2.4521993617371383,1
-2.5566847815674358,-1.133204638377977,0
-4.5783408680308924,-2.0461035634812106,0
-3.4237948611342262,-7.4999252457053549,0
-1.3024942921519695,-3.9216267195213668,0
-6.2805343309071517,-5.2597279479517773,0
-0.4310275056298174,1.4985023504834687,1
-2.4241464024101838,0.2769522756164009,1
3.1058835131539402,-2.4311783844224024,0
0.43345625567867963,-1.3108449545877983,0
-4.993208635626929,-5.1127051416111922,0
-3.8321112206784451,-3.8382633677292413,0
5.7542966301889402,0.83648352380419011,1
-3.4533260641976011,-1.8035240399192649,0
-3.5476010284241193,-10.035162161773046,0
1.0598428401258397,4.4260066481955453,1
-5.6265178473897315,-3.7474849589677341,0
-0.12593789634178298,3.5333214786594018,1
-0.32327634998971,-2.3818109679365249,0
4.3410701875027264,-2.2798419563745753,1
-3.2846326306443245,-1.9489303387903507,0
-0.4624400273142002,5.0384343874677988,1
3.5846807183036709,6.6662913193672182,1
3.7319430661679176,4.6150802700314362,1
-1.6361464911865609,-2.5226670803507556,0
-0.46054860872716219,-1.8223490762325387,0
0.25781893384055588,4.668862203316408,1
2.9359473788614445,6.3207105890340687,1
-2.0130057006432835,-3.5421958213474669,0
0.051326644215496042,-1.7446778277773638,0
-5.3524846418868197,-2.6826534236601454,0
-4.1608904406401823,-3.7120353225580525,0
0.8583259926552409,3.5589998270326189,1
1.7354350101901543,-3.3689308077219908,0
3.0739718726761796,5.4833408866949114,1
-4.0550062866792844,0.08119199994815629,0
-1.8931562055882016,-4.4055065389333077,0
-3.2181304088190705,-1.3027815511057808,0
-4.3411344828168543,-3.9475011432973646,0
-1.4317065780485208,-1.2197084701786012,0
0.54724335300308447,5.5030663071074244,1
-4.2082031198957814,-0.67788790465363302,0
-3.3100595194869276,0.77542892467909574,0
-3.7380474972688593,-0.86901205843508311,0
5.4952781045783983,1.9717582697993381,1
-4.9498655908186633,-2.4866562466427298,0
-3.7131192479337432,-6.3954346408103868,0
5.0483630241167941,2.4004669668730827,1
0.11686556160446715,2.1442087584014056,1
-1.314939267399895,-0.87881051758753737,0
3.564763992120108,3.4492613624880106,1
1.9660992516836109,-1.4329542673373625,1
3.5145926173066471,3.9180101525105884,1
-0.60377672516243219,-4.2539299939907442,0
5.7070612735556008,5.5556576046712358,1
2.9372880727926751,1.7417962187338774,1
5.6451193844777947,3.0777357291908731,1
4.2078715571741361,3.7512131125227617,1
-3.6569331175680642,-7.1204417626032086,0
2.7017417980065663,7.5561380311045196,1
4.1584019964347814,5.0365301176408632,1
-1.7358088905873732,3.0930648374275096,1
-4.7628035320247246,1.0589065199927195,0
-1.5595461996867004,-3.5141446591002317,0
2.1542613688918761,-5.1454986943356111,0
4.9439499097551929,0.5796269071751512,1
1.7567912327427453,6.0692484049230426,1
4.1638622192615058,2.4419974496376691,1
0.41369211344092838,2.1979535137309592,1
5.4904310596884063,5.9139566874760412,1
-0.50786545150686502,-4.3365180055887258,0
-5.1106907543603413,-1.8592340693215395,0
-2.5246909233109891,-2.2717840063231631,0
-0.56559358230922374,4.3174898362340759,1
-4.2446703155883423,-4.839085750125383,0
2.6695679098932188,0.71264301807324326,1
-8.8038264846998757,-3.6539143717641247,0
-2.696496851989941,2.1661298092090444,0
-5.054128300595476,-5.5453138060200136,0
4.0598027218500867,5.6285785545577003,1
-2.1961599933876155,-5.4718144286829258,0
-4.6682815175568013,-4.8297787271707726,0
3.8083861814474984,4.2709351048976787,1
-4.6342701288947286,-1.7873592816176231,0
0.69388924073912905,-4.1175434268101725,0
3.698761645561127,0.089523623245020278,1
1.5270358491597082,3.3189114149756418,1
1.176989092363709,6.4712577164463694,1
2.1470663630996043,0.91682128449694966,1
-3.5872351431366907,-2.1292606364075377,0
-0.26022025889412914,4.8742225501974534,1
-3.0457267433467257,-3.7104167254560725,0
1.6094982759319316,2.6739160662804968,1
3.737601471761149,7.291127322458653,1
3.5914858977682353,-1.5320915290376487,1
6.3669175017500663,4.1592951321228924,1
4.5147483085955358,5.2791968620106049,1
-3.6711238714800989,-2.0355912105812131,0
0.67299572267106988,4.5204559519057241,1
-3.3311811091111609,-1.4420502896984633,0
-0.83342215718018497,-2.0029614341962962,0
-0.59087044972008096,2.4664307645565202,0
-4.3135609372898776,-6.0179564758867716,0
-2.4860966840631105,-1.0380018349560982,0
5.0417644890857369,5.5284729637270171,1
-0.80237302152521961,-3.6617749893465099,0
2.4675008690645095,4.8358937305206933,1
-2.0924074401852542,-0.56477427394696633,0
1.1585474501519704,-5.1654566338350856,0
5.3354774113603165,2.5653954344214478,1
3.1045133485442107,0.36613960520035516,1
-3.3506461929531044,-0.02118219313760239,0
-1.4346378873718595,-4.0655730069800899,0
1.2044792851356863,5.7579687018795678,1
-5.3421068649840731,-6.5031268874280599,0
-6.4877602088952013,-2.6577547829757089,0
-0.14564887296793128,-2.6831129075065068,0
0.02524072835229374,-1.7739313567141386,0
-1.5536714038064403,-6.2258797790099116,0
-1.9797707344431099,-0.61607332401663051,0
-6.1042202651082693,-0.70088123198599162,0
4.2223626627924213,4.1353089942533927,1
-3.4951969770036135,-1.8066776051272118,0
-5.3109637314687728,-2.7847780143286545,0
-7.8880098756081241,-6.2950030208836623,0
0.40596397629946201,0.24246251236178562,0
0.50394919293216578,0.49340335835484384,1
1.7799698435924762,0.78943734757743078,1
-3.8521932754280797,-3.7870837541784113,0
-1.8168077476953095,-3.6473172090334791,0
-2.7759632885588346,-1.5817841136766997,0
-0.12274280378055691,-5.4364160304428353,0
-3.5367363503006444,-8.3331148132771862,0
-3.3948291923575327,-0.0080450845725015263,0
-2.7384139568136558,0.47646910826328082,0
-0.82136616644309512,-2.1542617709500407,1
-2.906202129923003,-3.6882662895344804,0
-6.2017702918426458,-4.0471053288925551,0
2.7462005503250966,2.0727916531449497,1
3.7845127089121275,0.59244436838209014,1
4.8641720995234188,4.3519398210679956,1
1.2781500845548799,2.8905903900704786,1
1.8376264933007038,2.3059465374246191,1
-1.8205552340836115,-1.9252416503304468,0
-6.1005951622256163,-1.4024604643883283,0
4.9677300400398856,1.229975155097571,1
5.4479416765070834,2.1760306463713399,1
5.5645112620498223,-0.09125085922167786,1
-1.5035849495960223,-5.2289709523629622,0
-5.3606002000577373,-5.1945212831722589,0
-4.7869232201134784,-2.9700996601371217,0
-5.6871094258486536,-3.3635686963409794,0
6.078317023789654,3.6634446111355814,1
-6.3454884146580159,-2.0956120374866951,0
-1.1230033241193778,-0.9360513110445674,0
1.1090385272601722,-0.77996915719945736,1
-9.1668633824303001,-5.1361664946058383,0
-5.0537721273790055,-3.6313429032621345,0
6.2637524492875514,1.4677515279024675,1
-6.3212176138643397,-4.7774282697322761,0
-1.9579301718312516,3.1359986906435511,1
-3.0131391951318816,-1.2831713009834944,0
-3.1260612372837775,-3.1731471894839109,0
3.3790121196990954,2.3486629108974797,1
3.7208236039529798,2.208512233852177,1
-1.6224226575448792,-1.4032246746300876,0
-0.73959416785124477,1.1372182515493021,0
-4.7753118408304527,-2.2045593316836305,0
3.3894144184922106,3.1004600663576238,1
-3.600469703791771,-3.562254789925805,0
0.75095144406590286,1.3626429542585652,1
-3.9073188942867296,-1.0066407828901414,0
-0.078365584101331542,-1.3289283873839886,0
-7.0520096875150777,-3.3805913506115677,0
1.1234318140999697,-2.5618388201820492,0
1.3564080122106414,-0.16009796491694051,0
3.9687930252094175,4.588266016143419,1
-3.7949238554663296,-4.0433327657596996,0
-2.7149510288180583,-1.2292165218280409,0
6.484496832869131,2.6116814619184652,1
2.3132761309162482,3.486129444577458,1
3.557154199111245,1.100405491964717,1
1.7764122163324101,1.5148024918736318,1
-2.5270314515922729,-0.95111424829429314,0
5.6847980396761315,2.1124143220876093,1
-0.24893049457859773,3.4227090586225932,1
4.8528755912676615,8.0958770721338631,1
-2.0965118441158377,-4.1410684487309473,0
-2.6480492866229781,-4.5119678861464543,0
-3.0917805883507006,-5.8048768214981035,0
-3.0735222517199485,3.3319215809650524,1
3.1159335327506961,9.2097355095859115,1
-1.8847597774112457,-4.3238489214714821,0
6.8827226152612795,2.7433552783301525,1
0.7019286249946104,3.1828754387683924,1
3.5177008900307221,4.7569502009273528,1
-4.1175526550311705,-3.5280671397469408,0
-3.6967751567768117,5.5537191264076302,1
-5.594412266677752,-5.3761444750279743,0
-2.4972757123333262,-4.7804677018055903,0
6.4421779681490463,4.9682488800919042,1
0.87502323178218999,-2.6614076959044484,0
3.950964027510306,3.4269422740020943,1
0.49270516760816818,3.0439461646973709,1
3.7324420124311626,1.7133935066890227,1
-4.3037930532676087,-3.2755806060394099,0
1.2289637265159461,2.0056319603892558,1
2.6357964661035642,4.0363687799605925,1
0.19378858686268075,2.204739438265062,1
-0.27308052034510144,3.3558930066398789,1
5.4667757227931659,3.5433929289206443,1
5.6544522183834403,5.8662255432395458,1
0.00019817356514550966,-4.0263387668955639,0
3.328331343118812,3.4463234867353716,1
1.0553906033599958,1.1963569695565861,1
0.46175596591049572,3.3091840568469166,1
-1.5973198702973754,-3.4628854988576725,0
3.8303379729378646,4.2556889124915234,1
-0.66580889876007587,3.1260272427453621,1
-1.1762679117953763,-3.4894769871547626,0
5.1905516933525586,2.9328342556581664,1
3.2602499770647806,1.0579551864976,1
3.7527346387583824,1.490087551774983,1
2.2859192487905529,3.7713798925082633,1
2.6321934896969181,6.4494214021009348,1
-0.45474956930343202,6.5519863018115476,1
-1.9661451911406109,-4.8446916640364979,0
4.4100943451896555,4.5697552621052084,1
1.9844580024266669,7.599104223467867,1
-5.1886461690748211,-3.5501269569714555,0
0.37344642820731933,1.5810960785297306,1
4.9190473346185186,5.1360279705624095,1
5.4985405450050404,2.0771065109275209,1
-5.2033091820523758,-3.8166367879648604,0
3.0334205582386113,3.2451605500406662,1
0.34641148918843623,3.1833668073937096,1
0.19887327395986221,1.6697192975447022,1
1.3503943335492359,2.9005217744689964,1
-5.2567262922199545,1.7363960489679346,0
-2.8460389818783045,-1.0480536834221545,0
3.7230004532553687,1.7568952983698722,1
3.230978635553114,4.090229566997472,1
4.6797689215182743,4.2775879277175388,1
-0.81471441909613374,-2.6695273230932215,0
-2.3119311848274164,0.51268724476327643,0
4.8794245206139681,2.6782056612156899,1
4.3700153796433669,1.2381984971908468,1
-3.1049341482626311,-4.8117720030765083,0
1.4951368780334251,-3.7728938758286921,0
3.6132519172504032,1.4637654097504744,1
3.5794475184692298,2.1060059801224456,1
-3.3084691333258904,-2.297820381928144,0
2.2414535522383221,2.4989131602188333,1
5.7114215095868239,5.9096042676185174,1
-6.8237418807333183,-6.68812188332363,0
2.3923949105801325,2.3521116952779995,1
0.80761981038454911,-4.9357798343102477,0
2.3215229731085838,1.0782538427668118,1
-3.397119231655763,-5.58288519003675,0
3.5862549961087886,1.5411401884171887,1
1.978977786462951,3.9023215713047392,1
0.48846091178652262,-5.634279461907882,0
0.15647782521949472,-5.5645423638517943,0
-2.7085190591493009,-2.729714087842483,0
-3.6426184505580252,0.52048393583494024,0
1.9291898384191535,6.8238530401907287,1
-2.6146644268979209,-5.1239115116951632,0
2.5163286286943842,2.7689842123897237,1
6.7618520461903255,6.5971571729230174,1
-3.7055730424283819,-2.7847357587969741,0
0.12559498186367302,-2.0582653681600522,0
-4.5292351493463068,-0.19384026696322065,0
-0.057933757027921473,5.7366514095013281,1
-3.6680210716398536,-2.0845270578283488,0
0.77603526639455067,5.1459713724856844,1
2.614930080911344,1.3548030880288167,1
-0.807693832203082,-0.0093517819647130906,0
2.4578405027934864,-0.40039652690283623,1
5.0476866649241234,5.2802826390271704,1
2.8915588647790584,5.0636258027108365,1
5.2261757996652296,0.81269077395439604,1
2.9307588822682833,5.5607945139943373,1
-2.5021066644819125,-2.2499285936761177,0
3.6225526559232697,3.0729274917840619,1
-5.6148986962775975,-2.2116510012849289,0
-5.0570809736911855,-3.2636949369360928,0
1.5664975773429908,3.975713900965463,1
-3.9495686563834163,-2.287635344618697,0
-4.5521274575120598,-1.5917865888702187,0
-1.4413425993053233,-4.9625563462252105,0
5.505702705466752,3.2108304802845073,1
-1.7081432985288394,-2.5151945917960337,0
0.85000366003605432,2.6163179730187944,1
1.101648847859952,0.87446495123621082,1
2.670038595263609,3.8972326899929568,1
2.403594220871986,4.2507313088565359,1
-7.5236527423486752,-5.2882817245116822,0
4.8327493237782067,3.1196109355263366,1
-3.1973058129121199,-1.9749880848201553,0
0.40538561653069971,-2.1917294246752776,0
-2.7419794346487389,-1.2757340602799785,0
-3.4895925771112344,-2.1387531003627149,0
1.5501819057826065,-3.127699942881573,0
-0.58319974375871064,-4.1008646719478428,0
3.3503149543281801,2.0882078625125819,1
5.1923968361845025,-1.1704833357446711,1
-5.3137532763554169,1.0530413292481775,0
-1.0256232281099014,-3.6322986660590133,0
3.5464051094631062,2.2513019052795147,1
1.2334476231338687,3.7364461737011347,1
7.1860422334632306,0.43894334335916252,1
-4.127810656959122,-6.6382055740172223,0
-1.8891437997288913,-2.8489494307492729,0
1.8795806052680175,2.7293937531671655,1
1.3109535081477994,2.0162853788032562,1
4.5082306395434584,-0.83225304194243988,1
2.5297800359070952,3.9362200356080876,1
-0.013505763129580739,-2.7943180064718369,0
4.1090734632731944,-0.5052558917386647,1
0.90363906350603918,3.6538963367887707,1
-0.11379596664570313,1.9819684578676346,1
4.7372383907410809,3.8171562692362389,1
6.564283981531073,2.0655273443587401,1
-1.3974742892602063,-1.1589507631635954,0
0.14621891808397036,-6.6427751346393951,0
-0.91396049474663155,-2.3937384086094151,0
2.2716040331283969,-1.1414675735907194,1
1.2678078443466125,-1.9577208231490726,0
-3.3048967142632106,-1.2181512717896938,0
-0.11211378910097913,-0.27364752872959563,0
3.841520597570304,5.0235890768678484,1
-1.0263147007195352,-1.3616650033058386,0
-0.4381038465039091,-0.11076118520722478,1
3.4903804576754003,3.0230912242756074,1
-3.8095425630308877,-4.2026836518345441,0
-0.63340056314525572,-5.2779293913435339,0
6.0832256936899061,1.9233789853025169,1
1.7569975195940701,-3.2768885355916697,0
-2.7215033001601574,-5.4485513886868908,0
6.7067229127979413,2.9282423114461547,1
2.7613942334331738,3.2116797315910186,1
2.3660169231426851,4.047291117452307,1
5.9060906082182889,3.4637757887879559,1
-0.2055293339911981,-1.3215314152627875,0
-0.82196389335839548,-1.2823577231715695,0
3.1873026237018838,3.1628663538728388,1
4.0442875648785108,6.7767919303240598,1
-3.321886076509629,-2.3091042391968144,0
0.074149419634780944,-4.5488928699606115,0
3.0776122294551125,3.1684771643142216,1
-2.1186964958494405,2.3322588262236694,1
1.2842901475619362,5.507927939446537,1
4.9632964042216265,5.0752690096103148,1
-0.4235380720841242,2.7282150491922339,1
-2.3996863333632668,-1.7936932600710489,0
-4.9154047496015103,-0.43908172855115524,0
6.5873397244943712,0.25391754611765149,1
3.0776443076581832,1.6498951988584158,1
7.0684996695923523,5.7134191289338077,1
-4.5460622186790474,-2.8616742385897487,0
2.796059026841351,5.6012608787128633,1
-2.7049020317036305,-0.14622118987099464,0
1.4995670859751578,2.0192810342867746,1
-2.3313835835451902,-5.0109408354165712,0
7.4044551005619583,5.7029083841041537,1
0.42561907249329778,0.34990877463752312,1
-3.7237231983771961,-3.3307981566298932,0
-2.4675379706202332,-0.27968602840830137,0
-2.1503909807692425,-0.64722745785696922,0
-5.1439737429330048,-3.5538159163383516,0
1.0675092069457603,1.7816461208680046,1
5.1213258781871058,3.9953171972680948,1
6.8816668726847112,1.0927517011335033,1
5.1051340176879245,2.4352359049698493,1
-4.8990325541289961,-4.490337731267946,0
-3.3080643221362318,-5.3192918575175412,0
-3.7063351980066406,-5.5220667075345728,0
5.572632846783927,0.53687597053404668,1
4.3195321407677865,2.5879037000671969,1
-3.1651449538149476,-1.7785940806690577,0
3.3275827393155994,3.4838813494810341,1
0.71441148568642587,2.0874258624436628,1
-3.6873314417911907,-1.7124799601614817,0
-1.7754132069086026,-5.0187938771731506,0
-3.0267466684841846,-1.9313878785661953,0
-3.1152668063739029,-3.5482459499905268,0
-0.25497171423881637,1.3274821393706053,1
-5.7767681154525317,-3.6208524831560345,0
7.6402996490716113,3.2380565422969241,1
-4.2236217072282383,-1.6500333066691613,0
-4.9484097134679876,-4.9883543954905143,0
-0.77160268097979934,-3.6853648277753228,0
1.9126130976029783,5.9672018477549988,1
2.3784607943679053,-0.72927002362537774,1
-2.1199057651086912,-0.21568625910510653,0
5.3406516566802829,5.9990001525124743,1
-1.5576808642389872,-2.2262089481356413,0
-9.1957732669790655,-3.0944592181538524,0
6.3178085870360228,3.5687488831782437,1
5.637506288747316,2.6672896725536988,1
-0.69817218271081716,-0.63301402468411627,0
-4.7400903879754903,-3.2622153213966869,0
-2.7558155826646917,5.2605475100885597,1
5.3497658326850104,5.4498593736566203,1
1.8374940055876241,-1.6688211672951641,0
3.5596320667216825,1.3373673137077389,1
0.55458120013437506,-6.7286299806663825,0
-5.1263224560396825,-1.4089843895226359,0
-3.7506497454243388,-1.726564630214299,0
-7.5280148767779593,-3.09169862834207,0
4.7454943636698843,3.268028597403545,1
0.032745442832379457,-4.0773645533984091,0
1.4164289151119795,3.5978727232080345,1
-2.8910410016525794,-8.891313210469626,0
-1.9772316199020183,-5.6867654174595987,0
-4.7733016292448731,-4.3764015696415246,0
-5.8659547915861916,-1.1000895395537935,0
-0.08500889395034017,2.5582549141261608,1
-2.904773113592896,-1.8614556365716026,0
3.9905658386204417,6.4238002863435852,1
-4.5211013343579882,-1.2899345357425953,0
2.3768630955052137,0.88515953106101053,1
1.2271243052466749,-3.8172005520645902,0
-2.4938216949937604,0.35234285766521056,0
3.6944721157975495,4.7189941708717607,1
-5.3178427477473962,-2.1145278930811244,0
-5.714229367392992,-5.9875815388392555,0
-5.6016556146709959,-3.3185207685962372,0
-2.3092095591448452,-4.9780453084522822,0
1.7942376628560908,-3.5032104599896106,0
6.4631741657322141,3.9779639495438586,1
-7.1309985889762872,-2.0434182931447182,0
-3.9126984743261541,-3.4302331160976398,0
-1.3503876617639621,-2.3140295676140297,0
4.3688595564228532,-0.52417052931881969,1
-1.0378369144513084,-6.3873954836281115,0
-1.7143509880920582,-4.1223900836904441,0
3.582552465590036,1.9047551495728439,1
3.4903393077360203,1.380842693068002,1
5.5279823078743213,3.2556180921226128,1
-6.9272428797632344,1.5221569199132103,0
4.0732967794247763,2.0613878887226229,1
2.1277622104504559,6.2513133806236656,1
-3.8219538988288098,-2.4121783152971439,0
-5.2199328007834946,-1.5289710652050046,0
0.78227553085973112,2.7385549370457558,1
-2.3541345997280256,-5.81162874672291,0
2.8036599508165931,5.701807456949668,1
4.1842072967740025,2.6155249769409572,1
6.4768961243108354,3.6427529549378148,1
-3.8668947382772125,-5.2503892014578462,0
3.6255918244003449,6.3776004645890154,1
-1.9074662368359983,-4.4992497925779231,0
6.6198804341372313,-1.9715859849180237,1
-0.82665677995683851,-1.055848998102229,0
1.4793134327177466,2.4879726571769161,1
-4.529935429565052,-2.2218994777706071,0
-2.5416539211021134,-1.1631173015841476,0
-0.74936752682301222,-3.4274614848977509,0
2.5823304808563519,3.1687718105729648,1
-1.8938766511249405,-3.2966057232051416,0
-3.1367983245720201,-3.5674889680964563,0
-3.9224046361040363,-1.4897138235348808,0
-1.2982822232754119,-0.77558192272285087,1
-4.6346919969092397,-3.5724849816804936,0
-4.2150046282303695,-5.1050830847439617,0
-0.3522035532687986,2.0402690132242745,1
-1.8370165247983994,-2.6714610708444835,0
-7.196374357466147,-2.5463601186338969,0
-2.145093240950815,-4.7307295469992319,0
5.4315149146504442,3.7106893073717213,1
-0.6449603406948734,2.6539534562460969,1
0.87128894923300537,-1.5529290828775846,1
-2.3652101981941365,-0.16607181452769781,0
2.7280911881584462,6.0993751956647877,1
0.25948181693100958,-0.12873466807527256,0
0.9424979303432659,2.0973598091885974,1
-8.7805961376380051,-2.1882762914403253,0
1.859473119511744,1.3568712982060451,1
3.3551588347198122,4.5411915415766373,1
4.689633542590486,4.4097575371916822,1
-2.9153387815366232,-1.8157918764032195,0
1.8332895283309572,3.8876400765096983,1
4.565398065224584,8.2030758867080458,1
-3.2471084678395283,-8.1863825549459115,0
-5.029487471618121,-2.4269735418102423,0
-2.8911697354248971,-1.1266273413942363,0
-2.8591782570253863,-1.8687619183326116,0
2.0309265709974214,4.0405519126042231,1
-3.6139240601413891,-1.2777920523055473,0
3.6041016555177157,4.7111512518084702,1
-6.102886872977626,-2.0018228803690432,0
-4.8356010260450422,-1.5447835088733664,0
2.469106036542537,7.0519932233301219,1
-5.1821796507132589,-5.4618934599736946,0
-0.26830876354169497,3.6907225369121304,1
1.756027400594069,0.81939597057965985,1
3.1025033443028862,3.5442464683197406,1
4.7113265839926388,2.9675716516123849,1
-0.47501364981860972,-4.8245688836432619,0
3.2471045999557768,2.3193024997497145,1
-5.0175139470055221,-3.5674033316459655,0
-0.665386454795037,-4.6041845761657374,0
4.9802362549917998,6.3025616706826462,1
-5.2838829785325299,-5.9872754082457869,0
3.2279949612344465,0.58972361341751478,1
3.6330735173125146,1.7373935179694373,1
-2.67851563212092,-0.34415872195072827,0
4.3379332510755848,1.9554802224149823,1
5.0719109098663484,6.0386898590531457,1
3.2099396504146913,3.3671558208931449,1
-0.19498466421295912,-4.1320572149084587,0
-2.0573127433755545,9.3564256009427691,1
-3.9516180148149957,-6.3686945168652347,0
-4.7496501077240403,-2.0089838674267697,0
-4.8199401175323757,-5.7991617329670175,0
-0.024416299920703821,-6.4760225464331498,0
0.99583258678274822,4.4169989100254297,1
5.9280802554336383,1.1036494967188997,1
4.5951446427404168,2.2487770107953859,1
3.4638213099894402,6.5745428166211504,1
3.7504790982982374,7.9558165591252861,1
-2.1112466286265308,-6.8979029520706874,0
-1.9969272541042262,-3.1671767814182026,0
-5.2445867424588011,-3.273473602528143,0
0.39623884643128715,5.5686713680688769,1
0.73949634302737577,1.7943177092587963,1
-3.9212001887996268,-2.6784726923744659,0
4.3230807368622486,0.66238765509195741,1
0.17922142434451782,-2.3310214800413633,0
0.62568046253640786,-2.6660977851244656,0
3.989869089366946,1.5047754012044974,1
0.054679085561162299,-2.7401446238685043,0
-3.8706707920575485,0.87555945268691149,0
-5.1253306924149236,-1.9569178150296174,0
1.1907358367605796,2.951751905054103,1
-5.8740267395287322,-4.6704278272176207,0
-3.418583226159452,-1.7121240901627033,0
-0.78174101102303029,4.1374074853202352,1
-2.2583780752817502,-3.3999872350150202,0
3.3668983208375689,1.1440368443761644,1
-3.0579359570906215,-1.5872507163606626,0
-4.2170000830338381,-3.7072686509352426,0
5.5686905612526107,-2.6206227651591538,1
6.1981267467254089,6.6199163945563955,1
-1.0362299989454371,2.2450025703177889,1
1.1650474488455573,3.7543998762497988,1
4.0839052112645406,5.4364247540616137,1
2.1424177663262345,2.4343149625712908,1
2.1305974846401012,-4.1591931022166762,0
4.3006338696780162,2.7880926997748539,1
-4.2713152280445286,-5.3027127269246019,0
3.2865917992796376,4.3188265624716422,1
-1.677530969750419,-2.0348966608585259,0
-8.1781743293606368,-0.1251352712090954,0
4.5239916341745738,-0.098740232878748557,1
1.7591663838417193,0.56273376842066858,1
3.5534153811714195,6.9929972008511987,1
6.1255772166048388,1.6797108364162274,1
-0.20884308252182571,-1.0734756227102211,0
-0.59441115950696233,-1.9218470843993651,0
4.238289443778319,4.4290308460888754,1
3.4022534453787703,6.5933964948001309,1
3.1267623943859757,1.3513312464116258,1
-4.665202604296355,-4.467261480139495,0
-1.1822862607114255,-5.3873179653265453,0
7.7215182263684534,5.4658146567071366,1
3.0212501806407137,3.8413402177825882,1
1.9495004629859609,2.4372545839823463,1
4.321179221241743,4.7267896113738024,1
4.25930304995968,2.7093695174083825,1
1.9344432109011152,3.1561018329460362,1
-1.8768616068575394,-4.6665310074916162,0
6.0818487269647274,2.4592443951362188,1
-4.3041058382749151,-2.7805565951265141,0
-2.9217579740959549,-3.7015250413133618,0
5.6918937341943732,2.422233108584996,1
7.0801912535434797,5.6464322730128975,1
3.3373726533195431,0.44917330790431897,1
-1.2941914072372021,-3.0201872179093927,0
-2.3661948820929153,-1.4217826231981099,0
5.2194211971382041,6.2883727694216898,1
-0.33680163026106191,4.1539998733531558,1
5.3025384965827094,3.8720672211321516,1
-2.4862429033288613,-4.2755240075283618,0
1.8212483991000943,-1.3167391255856691,1
-2.7123784064227676,-5.0991051728941503,0
6.5357051910119663,1.6569079613289583,1
2.1501704540492099,3.2179149794705362,1
3.6045494362525585,-0.6008053619894187,1
-3.4573261869890537,-5.3319061662663669,0
-2.3708667336194473,0.03533378682384658,0
0.5659141119466593,5.4996726449487312,1
2.9871022685563853,2.9438547514400786,1
-3.9220095797310872,-0.51604331892223421,0
0.92347187676275588,-5.1981491331095722,0
7.5734578770591501,0.97635592932621584,1
0.66020951333911126,-3.2036800418337599,0
-1.3359877288632833,-0.52043071517212125,0
-6.081933279724514,-2.9421612428967143,0
-0.29258213894457619,1.2120898238684514,0
0.95320615341311576,3.0618397036871974,1
0.3645322349817568,-1.5176162552940129,1
3.9801836400674686,-1.1921317547500347,1
4.7974242167108088,6.4577374029183261,1
-3.0786591361253013,0.085229324938539186,0
3.0349914966193081,1.3226767382157563,1
4.5676310222519527,2.0540594096649856,1
2.9938108025265389,6.7855230979448891,1
2.9506651239679491,5.1317211278656494,1
-7.0274439888212852,-1.4689242592160465,0
-3.1969979423762296,-0.76678699111929838,0
-4.25010792762499,-1.5430716410282632,0
5.2456866912499773,2.831223093885693,1
1.3486121394998378,2.1373651228567709,1
2.1337334328594464,1.7833204029587089,0
3.3825511597078535,1.7227803532281543,1
7.7316478132818665,9.2459393286362115,1
-3.2484892192784485,-3.9795292989297861,0
3.7083605850174868,2.8004635731900316,1
3.6121667915890598,3.3292887037707839,1
-1.4909644812176865,-4.0465235897084559,0
-2.0715633110058453,3.5955192845473269,1
3.8514224207450285,2.4353626087871207,1
-3.1573928940097424,-3.9177867663598831,0
-3.0910551761085565,-3.0460595851773764,0
4.867440973795639,3.1061370583978469,1
-3.5305734979063859,-0.9357739497627855,0
-3.4860053156116955,-4.1626314934924178,0
-1.942566298292183,-2.8097339745477035,0
5.9410647483302998,1.7111365865285681,1
-2.1255525946577345,-3.515556437955047,0
6.0228783749045665,4.5756324192128153,1
-3.9283504657721897,-3.6931389238216892,0
-2.6308009881567189,2.9151263286029243,0
-2.0168052548799533,6.519231027758785,1
1.0143371182843168,-1.8854322887035568,1
-2.6850246713212997,-1.3630565776597103,0
-4.3589231206862067,1.5103456792997285,0
-2.0200526898294648,-6.5698553324682791,0
5.6048017549383635,0.48167034880364623,1
-5.1700151452086622,-2.8986933025472053,0
5.5750588979081268,3.9240080953075989,1
-1.6022937569389513,-1.5424265963807255,0
2.8482242152950423,2.3957241453390439,1
6.2006921060924505,2.6302302672085776,1
-1.6133848413220042,-2.3502068459852103,0
-1.0470954711509921,-4.005108765508667,0
1.1334185146992777,2.5418058601563907,0
-5.7623281120217378,-4.0430906735036691,0
4.8644394073144284,6.2928611020616669,1
3.5102798208044037,4.3293806937442909,1
1.1544861829428252,2.0916083802404648,1
-1.2405043350523615,6.6839171578519272,1
1.2035179438947092,3.9148538769993029,1
-1.203754492239919,5.458453622493213,1
-0.1556703278843572,-1.7250013825028458,0
-4.1621209135976782,-0.82188432710712478,0
-7.2126197402298331,-1.051586753522628,0
-2.1061147246209631,1.2762011259087958,0
3.8560138426754649,4.546777617910374,1
0.34537644473977114,2.6025515722687143,1
-4.7192830385822848,-4.7470804183058934,0
4.969451800316234,1.7465650731041682,1
3.7879647660717239,0.82626847362746858,1
4.0883861877645806,4.034007679822019,1
5.8316666035556146,5.1024995939885471,1
-3.3619454534711037,-2.8293419540219475,0
0.44109852894556223,9.9728928121788663,1
-2.4172141641276101,-3.0568974578335375,0
-6.1942712310552484,-3.5224363701659454,0
2.5190829463424862,0.54334186837010412,1
-2.7241174266219415,-4.4490084843355078,0
3.9632075559224127,2.4836598504941398,1
5.8018673099448197,4.6066236332790726,1
-3.1274932710154286,-2.4193470358265112,0
-5.7848741231118392,-1.5165294531079672,0
5.7117081814547586,5.1631752930986234,1
0.57273884785298534,1.6891446608077605,1
-1.5887027958687114,-4.0993638241655921,0
-1.0046968114191517,-4.1479768003755844,0
2.4017041703859978,1.4117292176029927,1
1.061763683303127,-3.1113583521627262,0
-1.1148283994417165,-4.4931086204676012,0
3.6695993777807687,1.8723419206561558,1
1.4390437304703163,6.530580326088681,1
2.1056126737962386,3.4256964382410682,1
-0.69431496514007351,-1.7402932255583143,0
4.5555631781403338,2.1529737755432756,1
-5.7978687205440629,-4.0646849570885966,0
-4.3094376801890091,-3.7520406315968775,0
4.2023042796650527,2.9851771208457718,1
1.7565433035217566,1.6758863434412727,1
0.78500567875099625,0.59836301849150075,0
-4.187975264500011,-3.4838710555795771,0
-0.44803221667355775,-1.2080585824193779,1
-4.5181806043918984,1.6042759170029939,0
2.8308061454784577,0.66115254849106186,1
-0.13133258733384334,0.43633330518142799,0
-1.5994479371440318,-5.8569587806938124,0
6.512906615722148,0.9551463288699833,1
-1.3693780173899104,-1.3475791122973737,0
2.3435658359634948,3.0048403775779216,1
4.097130174884942,6.5913576315279805,1
3.4347256836325348,3.2727763367483025,1
-5.1835165823056606,-7.3404905353138119,0
-1.4224601829075172,-1.9480302568885497,0
3.8987337794708692,2.6157637226668373,1
-5.5356743342136383,-1.4785598106006932,0
3.7354776971374744,5.82936943175552,1
-3.8517940059622635,-2.460843657708498,0
1.5081875139997436,1.0866354440748809,1
3.842261063909107,-0.22682527903035465,1
2.9978658307701118,1.5083356334332272,1
0.94041612872933289,0.31131484516580077,1
3.4979458417468581,1.9835010132283857,1
1.4728261358814168,1.7606689322329909,1
4.6148661536619002,1.200033561534916,1
1.3767451367103323,4.9475755181419396,1
0.28402249714125194,-1.2227889378046375,0
-1.5329072152444998,-0.43761773035593832,0
-2.3656124032587913,0.60603136062568685,0
-3.2443012861425338,-3.6313712193168461,0
0.20576120080711169,5.5685887618123635,1
4.1433705143183222,1.4106222934965482,1
2.052198866725643,3.8724527459329483,1
1.5410076639065637,2.4680748835571533,1
6.005210104613715,4.699762286691012,1
-6.2385360419443527,-2.110293963228556,0
2.0662450746276302,3.7567485738121618,1
-1.2437789092004305,-5.7746866392011196,0
1.7692722041560804,-4.1104589831933689,0
7.0415490526426998,0.58885761834563866,1
4.2405985551628937,5.4981741223082663,1
1.7255177796395023,2.5184841944749685,1
-3.4759890604326795,-4.2503532462566973,0
-5.392980070793266,-0.89126825186519998,0
-0.55949770832532719,-3.4760853530945512,0
3.6639703341701018,3.1105193956660284,1
-4.6605897433459305,-4.0227481565079852,0
-3.7566841314686048,-4.4789263947292435,0
-6.1407125610673408,-2.870681707579295,0
2.2103620193062579,4.090229782091483,1
-3.7255411274397843,-5.7307384256976395,0
1.5876005217628328,3.4107847913402662,1
3.6355254988854884,2.9255379518564175,1
-3.2579788589306724,-7.2458081473371667,0
-2.3511915175109643,1.2780360007635672,0
-1.6800284116668522,-0.57957370809213593,0
-0.85861747666009691,1.0021596404458337,1
5.5003610249676216,0.62349909428627992,1
1.0697767696215505,-4.4666711539403865,0
-0.90128175234348218,-1.4089821772971265,0
6.1064015233719093,3.4632451896421421,1
3.7522651561296141,1.4305727169857985,1
-3.6669412980568019,-1.2576937841279254,0
-1.9324958871838316,4.2034294123224631,1
5.1179503405852813,2.1876944670369776,1
2.6024954911534741,2.7653630474559696,1
-5.8868275830790529,-2.7722277010024148,0
3.0265714992661135,2.1002585364239028,1
-2.2640980269392887,-3.9868773371759585,0
0.11128325813548656,3.9163360869501194,1
-0.47170327819972258,4.7679384326205403,1
-3.6590284552833872,-4.6426216019948239,0
-3.5993758136952732,-0.64102434852132673,0
-4.5577737545571066,-4.4635233765133808,0
-5.0054450840579303,-3.0744983265796746,0
-2.8184014716134742,-6.4104221885409149,0
6.0471134388921861,0.62347646090863673,1
-2.3054218472657437,-1.7540744121741578,0
6.6639736468632957,4.4098293774594453,1
-1.3497936103281272,-2.2967829899127423,0
-0.79227206830257524,-1.3929187064576709,1
-0.912520818730016,0.71472467069011048,0
5.2892308076662466,3.6591364904942529,1
-0.97939859724680201,0.60098573090532392,1
-5.6645630115688181,-3.5444634007022633,0
-6.5123218712236843,-2.8079473755576743,0
-4.376695334541207,-2.4184992369134095,0
3.2945796449770963,0.52898198600050295,1
1.6530606783332624,0.43661800587373545,1
2.29082800673413,4.4119629851089899,1
0.6424582236454186,-2.8456564709166154,0
2.274962978372435,3.7567943909431638,1
-1.6483043143368692,-1.9141010329149455,0
-5.7886244871706989,-2.7149027850172494,0
0.34210262013231763,3.6669218219818895,1
-6.8342028155472541,0.050872904983104039,0
-0.55381400957150362,4.5899688790742443,1
-2.6405724674004705,-5.3337253813142107,0
-5.236759492593654,-5.1908621568603071,0
5.0212564102233399,6.6130940361576442,1
3.960759442447956,3.1775294070747493,1
2.3727724184404786,4.0167073268131928,1
0.32340294356564403,-2.4291111517125454,0
1.0757289462348947,7.4404723649047302,1
2.8047517193343992,7.5310382893401329,1
1.022471720001942,0.99808994792978156,1
2.5576349021711628,6.5607179653327243,1
7.6436668336647919,1.4452748763338943,1
5.6374349320910158,4.7147796443975922,1
-1.4052037758918741,-4.4486729503620408,0
0.27157207166646913,-1.3334429993561441,0
-0.67734877984934805,-3.7184544655215914,0
-4.1807213054286612,-4.6282721490928509,0
-5.2836862900414774,-2.0208168991480355,0
-5.8680909010379558,-4.3095706519982446,0
-2.2690298816912575,-0.77302460995096789,0
0.74226660915178444,5.6495951602138508,1
6.0429338584218879,5.3844641703825191,1
1.6458406213727312,1.3351808148147628,1
-4.0734300292813241,-1.8368529627983945,0
2.997007913909866,4.3917978730345002,1
-4.7356142885076515,-6.5985342029616243,0
-1.8322289401251055,1.5923255011222874,1
-0.79107685392704363,-3.5370510852592592,0
4.8505947787027477,4.8666817328737766,1
5.3576256783746601,3.999453071207399,1
-0.10271134399873416,-4.5363177678786926,0
-3.3371385820051063,-5.4381695081396932,0
0.54194458404620338,-4.4407450926446685,0
-0.095897217754396635,-3.7806342327780991,0
3.4949616425352161,4.7907445059655007,1
3.6963446154551254,2.0169065297062545,1
4.7867416073918632,2.8165079732932479,1
1.4640622777822114,3.3332503036990917,1
11.725687627973567,2.7510931364412357,1
-0.31122987407595382,-5.0583650543118104,0
-3.5912791160642032,-0.93828071094454701,0
-1.1160468062583917,-3.1048725292137189,0
1.3632412555555566,-1.1984274012871532,0
-3.5418533660447835,0.089826630933118601,0
-1.6567211366335797,2.1101634932932951,0
5.1740654464294513,3.927745603410524,1
4.2046567523195595,3.4385646684676487,1
-3.5823218113122701,-5.5937655029250895,0
1.3433999494057014,1.4210474897103453,1
0.85333461867904736,3.3158288055726555,1
-2.8793077278191519,-0.34327220603784703,0
2.1660793217793799,4.6978402782718556,1
2.4040222126033832,1.6368436520790701,1
-0.57484311806006261,0.25181643600623049,1
3.8397139239696543,4.91745382358922,1
8.0500306090834428,1.5082476785685932,1
3.2766008828415254,3.5909468042999322,1
5.1325504752123097,-0.10881528751258918,1
6.551250395505634,0.71224941770896955,1
-3.4233643694000824,-3.2134085960278864,0
-6.5242874607380301,-2.3410711857203559,0
-4.0846772776268043,-3.9547386525508124,0
2.2574545306473119,1.616904316522956,1
6.7895035984445729,4.4935645582835324,1
2.8471712654428716,4.4507072554498723,1
-5.6574660796935694,-2.0368292786222915,0
5.3484075359107752,6.0011743728030567,1
-4.7628184877237754,-1.075933249284416,0
-2.6320179219553586,2.5867945114793569,1
-0.53817658137121338,4.2692122031131703,1
0.527509385071665,4.0976640844767438,1
-1.560890418953794,0.79512512740252062,1
0.18055894666401295,-2.9730955048973953,0
-4.1610840374371119,-0.73351275455539922,0
5.1756000875185553,3.6254075539035009,1
9.0834759283603823,2.0087632175971297,1
-5.0311294416409869,-3.8167442443276807,0
-0.33349375648941981,-4.3708743263455636,0
3.0474715984666045,-0.49522482461549,1
4.3475184423515909,2.2063874795410863,1
2.514019358066125,5.6925381155301107,1
-0.048839826886985627,-2.9583057200900438,0
0.93007219987247813,0.97627274066388692,1
2.3903928379857069,4.3653053262058013,1
5.3900352008693062,3.1340220564159091,1
-2.8532239085389572,-0.014045352266218281,0
2.4872770047845569,1.8245724416323446,1
-0.30094880747323538,-6.9433657689386958,0
-4.5533209072182235,-4.4893467823859989,0
1.2972778640300444,1.6025830809999722,1
4.7994480288743455,-1.1783796744778936,1
0.34413049534255968,3.3350790678507112,1
4.0988826176833024,3.6117615212651284,1
2.0819903970026252,8.3845799044065394,1
-1.9476472814929275,-3.0915588597872303,0
2.1880076330910354,-3.4464436397154361,0
-5.6249480070951403,-1.2930619158785797,0
1.4532476171478521,5.8641013017092707,1
-4.4036766413893371,-4.2817398110036375,0
2.0784770232888725,-2.6939103895351404,0
1.758238676041745,8.0909318567535955,1
3.8751340659325813,3.6878904828587156,1
7.3705440240460032,8.3640873308515467,1
-4.7941685739025814,-3.8864871035581725,0
-3.3943224110222721,-4.1667977413054214,0
3.278155811296954,3.1230836005230045,1
-1.9986394087535733,-0.78029184540125174,0
3.8010532539082789,5.0029103972912754,1
-8.1661737740959595,-2.4012653699731716,0
-2.7310348096631656,-2.1156189129204219,0
-7.1260542039221733,-4.304595900691103,0
-4.3996747874118061,-4.4468737441885402,0
-3.6130957194709983,-0.76173935992205433,0
5.480468375407443,2.0713388359448599,1
-4.0948969069860244,-1.7996919573644798,0
-4.4543663819634807,-3.2754122107550723,0
-2.0652312582406998,-4.7636675473513801,0
-1.9668300788216464,-0.7743410709314964,0
2.0384434206317397,0.76114389738066723,1
2.686679842059549,1.480844010372762,1
-7.2228661164676149,-3.1176260780025005,0
-2.598986938879718,-4.5581799659509841,0
-0.5917749481118455,-3.0572174545549657,0
-2.7483289058007294,-3.1588409177481318,0
4.2793092557590766,4.1635166489816235,1
-0.17387833388404195,4.9464452643803263,1
0.014361772228654424,0.0044178825871132865,0
1.8140819499355236,5.0400025290902404,1
-4.9178754134922755,-6.5783913015024726,0
2.2901647867258967,1.9416995761126186,1
2.7294719748127627,6.8286834018397853,1
-0.56622530733415966,0.35565508108952093,1
3.2600465099132525,6.0196931084093492,1
-4.0252955568695796,-2.0081243510657911,0
-2.0387955573182692,-1.4436011539749043,0
-4.7460228791515728,-4.0229298368678883,0
6.8098479512241568,3.0014332157867836,1
2.671390843612877,-3.4824231016270493,0
4.1389208796274515,2.9712095628138591,1
8.5727125483032545,6.7416655467974538,1
-4.532107498624919,-4.1452210945227588,0
6.12827559681691,-0.63623462358115601,1
2.3545935774990401,7.2214235245367808,1
2.4652870491180083,3.2128604411236665,1
-5.1359880693130524,-3.7775975084402513,0
-5.5113826303646629,-1.8431996112183879,0
-5.7763757702148428,-8.6751232703959058,0
2.1747015026760459,3.5782062247716397,1
-2.5155674079985557,-2.3441479457387517,0
5.9992573053635754,-1.0311433180392822,1
-6.0293172111182969,-1.2635267335876921,0
2.2832981961535364,2.2808676542141439,1
-4.0612816984735467,0.26389737913521483,0
5.1286906229359301,2.0506310863075057,1
-4.7512146301221074,-6.3476899355244925,0
2.1786278997026063,2.7381037825098824,1
1.4169362747711187,4.4881055536122956,1
-2.5379420686488117,-6.6930703448402191,0
6.1860198464165954,3.737473972263877,1
-2.995916144075685,-3.3843970906286751,0
2.4771201871534174,-2.1866139104386537,0
3.1290055039633051,5.6784376051627694,1
-3.9251368383767526,-1.8852698969292807,0
0.64320556497106507,3.3480454241826778,1
-1.7603308189791098,-1.8305271135212533,0
-0.65658919980038499,-0.21831252780176147,0
-2.5712677754620694,-2.9724534187866101,0
-0.57443058958904158,-3.6854166503036696,0
-5.1407153801939609,0.2981442614387797,0
2.5620448659969042,9.6483871864472395,1
-9.3614880453067091,-6.1962493987483551,0
4.3733756676268571,1.3206541636498046,1
-2.883387284718069,-2.6340447517997632,0
-1.4044219106500739,-1.4708556294695334,0
5.8413368828438994,3.8276077813417597,1
-0.12319461535604859,5.1272696596414136,1
-1.5277242765039805,-2.3459516054287519,0
0.11858241368550537,0.4350053402181806,0
1.683398568807748,3.8135002958880522,1
-1.4097855914025705,-3.7644672185743442,0
-10.507690094314668,-4.6256041368867749,0
-3.4899047342856786,-3.2522869153862262,0
8.1954023310685287,6.7368282477815962,1
-2.8903105488766023,1.4774859346722247,0
-4.5434759145803643,-4.4338014323750556,0
-1.0820221541779693,-4.9842816842361142,0
-7.8382305950071274,1.4529893788261905,0
3.9924892540466779,1.0292714092201312,1
-3.844624560331269,2.8296533166232694,0
5.709445682775014,3.2350029090861239,1
-1.9159998257046149,-0.63263387589185704,0
3.6107092296194505,1.9159744301908015,1
-0.30798311182165827,-2.5494277554180855,0
0.41287547771779076,6.8821565912343718,1
-3.1853131093314864,-3.8279995316135644,0
3.4591378145976703,8.9197607991225869,1
5.4057733631142169,2.4027121034086663,1
-4.6824973461388542,1.0603246063003793,0
-3.8211847888149637,-4.1926396694940866,0
2.681546711731587,3.9665706588628931,1
1.2019850844751181,-6.7636069828782102,0
0.78670485095337384,2.1401047662353991,1
4.1601685043747878,3.3799045878336913,1
-7.648480742931338,-5.1993969423083684,0
-2.519500760530347,-6.7883410934142816,0
4.6532743726709205,5.3252375989958258,1
1.5880900780279488,5.8422372185999905,1
1.5434293792336409,3.2768379255941937,1
-1.3459426528972034,-4.3117455700576928,0
-2.6588152887947327,-3.2211524286722595,0
4.4338426794938197,2.3410879913834255,1
2.5362423409624628,1.9964933402916001,1
3.6808775876665791,3.3000581972408081,1
5.593264261812501,2.8995144247190816,1
-3.5898482586284652,-4.0360242720078805,0
-5.1162600973993317,-4.437017330425272,0
-4.8051509908814642,-2.6750336570834139,0
3.4310599016674401,3.6290307750721604,1
5.7945122111495806,2.389346959261375,1
3.442524409781841,3.7114266042442554,1
1.19521839097039,2.4770778207459769,1
-4.3751255376018294,-9.6638859024722876,0
-4.0563948886787031,-2.3692639578498875,0
-5.0643310683959362,-2.61826218248815,0
2.3655038956828087,3.1248801085655966,1
2.5112868091939329,3.4273622591684125,1
-0.46815773359092816,-7.0719233259313405,0
-0.3094311840602102,-1.5754609384941132,0
-3.9960739258806823,-4.1483397287932373,0
-1.3350174523612297,-5.0163567276601064,0
0.79933333510583937,-0.43171953576338673,1
-6.4858210718503706,-2.6791282156298841,0
-3.8110384402764517,-1.7137569281685672,0
-0.75911960117405908,-0.99106017301664284,0
3.501896673716006,3.092074299079957,1
2.3555760721118277,2.8596764536833055,1
5.7865972678240611,2.5291949734823551,1
-1.4300248012746315,-3.8816890465615663,0
1.8155227791230877,2.1926860719904213,1
-5.5124988643915191,-0.52122380600306473,0
-6.0325824373822492,-2.6434353301459397,0
3.9293424548692748,-4.4859964507333494,0
1.87647289715138,2.4255854275207978,1
2.2098835666031111,3.3178999603050032,1
2.5727431052038523,-2.3250100722177933,1
-4.9274936301940482,-0.93798792062752545,0
1.1596239418757044,-0.24948837215937614,0
3.0752563570931439,4.3862523010266088,1
4.7172078997445857,5.4552329831314932,1
3.5798354005098161,5.8132805169989474,1
5.4978867388365984,4.1783754914771158,1
-3.8189563284085706,-3.2020146843333368,0
0.38686811454585657,4.2629247982286511,1
8.2591773746777228,1.3757276641039644,1
-0.28950880389399991,-3.8449714198221603,0
-1.2345633143760966,-2.2028008874707172,0
-3.6408937535115635,-0.24045373908741396,0
6.5640825173356472,4.1429127563831942,1
4.8886677417608686,5.2230141335872791,1
0.92399924816071177,1.1430875959954658,0
-3.599275353680615,-3.8315952901441754,0
3.3254073677231606,1.0890959412655239,1
0.83197176227031422,-2.540066654794165,0
-3.514454347653142,-6.3737246404615124,0
-1.5034728972876799,2.5608391075247248,0
3.5774949388388766,4.8847809967683133,1
2.7091025267949234,3.6436264384416459,1
-2.9823976261439871,-0.1599614360308208,0
4.8848657392124331,1.6635315794226186,1
1.2361161373322678,2.4064453039553229,1
-0.36502388410685471,-3.319170159129861,0
-2.1657131336691302,-3.4153325266363512,0
6.2944302078467516,2.7897476340928717,1
5.2214970945507746,-1.1755479011176986,1
3.7926555670599091,1.2241194262728912,1
2.6191700675005345,4.1104466686264027,1
0.035514673571367172,0.9513904931137489,1
-1.2390051979026309,-3.0077141085546493,0
-4.383759433743176,-2.2256315137489082,0
-2.2133805087537048,-3.2234789597408064,0
-4.3981359027849525,-2.9731996905290483,0
1.2573228044532812,-4.2450756475616878,0
-4.8202444950323731,-2.9144524183192875,0
1.7816698679477252,-1.8738977916593544,0
0.68041009970232391,2.5655607234423785,1
6.3744460918571697,0.76000370425803876,1
-0.29085599769010217,-3.8354334097489327,0
0.04279385799278046,2.2087688952875704,0
4.3363242115208411,4.3695112364369919,1
2.9829610738296641,4.6942749174509935,1
-3.0840743689781318,-4.7387324702995546,0
5.929504243910122,4.4700803923705061,1
-1.5218453513623575,-3.8694223794140434,0
4.1765636672319371,2.8393586452558091,1
-1.1588373452763985,-1.3335847466532449,0
0.89986862713644866,2.989531611855218,1
-1.6602240512363033,-4.063605218821003,0
0.099665919077428278,1.8371654258518468,1
1.7074438992109713,0.58106342127051036,1
2.9366665342115224,-0.61777281610521895,1
3.3823755344449951,3.8007071612966303,1
4.1724069821536514,1.7834089993720526,1
-5.1078135213928801,-2.2708621024258253,0
4.1470846058578044,0.90836114150446479,1
-3.742845690848283,-4.1510764521444408,0
2.7604229720432554,-2.3310020089121206,1
-2.450245951827835,-0.85863698990594628,0
-4.2473600412097756,-1.3673901415716163,0
2.6903283228917969,4.4979834586727963,1
-3.6796224072737846,-2.9084726359096553,0
0.60059171863875394,5.7546423292814914,1
-3.5881207380805353,-0.99660555447412724,0
-5.2543220703336111,-4.1441503980478851,0
3.996529525714041,5.9338133997977502,1
2.7822852380659828,-4.9665460200093605,0
-0.22410808444332231,5.3737605364842853,1
-6.4080993489059423,-4.2409799306218465,0
-5.7105959274154081,-2.5089995464512294,0
5.5475922099229873,2.5038955578058721,1
-7.152198046684763,-4.7697485253369685,0
-6.0937241934856754,0.82376500807531094,0
-1.15082417110756,-4.3346421010936895,0
-3.6981672292258194,0.55127485955816224,0
2.4687957761368642,3.3518393816889613,1
-0.40031123714442929,-3.8793084000359999,0
-5.1350585226770447,-2.8948028468378979,0
-9.5696280151051667,-2.2643939257439594,0
-2.6616515598863932,-1.4128926068800345,0
1.6333007164693922,2.0845022885223861,1
-1.2552915696834699,2.966766506971501,1
-2.9010730235533932,0.41416456950763303,0
-4.6458189945548041,-0.30504036671903956,0
-5.0778861003935329,-3.5514310221286043,0
-6.4619380863550067,-3.3889231482880042,0
-4.6037871143761002,-2.5055137575730719,0
2.5581646473884501,-1.3909012598646164,0
0.32466706254561073,1.3226963599029666,0
1.203074248072264,-2.0770853482653453,0
-2.2172315968741776,-3.1942762241934446,0
-4.4589092793714258,0.77411349912366578,0
1.9694896820069738,0.032880557668868882,0
-3.2284799711580128,-6.0328758994554956,0
-2.0786576885808898,-3.8725158840945282,0
-3.4805793563946379,-4.379284673506282,0
-2.2217026513563733,0.0024485114765324667,0
6.5102440538947501,1.1959161229760351,1
5.4424312577960237,0.10469330745421868,1
3.1963059342248146,1.8062587675079469,1
1.5528159768957668,-5.2735034006101298,0
3.8775421981206089,0.3444432535762898,1
1.2413743877157701,2.2887822908079376,1
2.2018057543361413,4.3427201386934087,1
-3.2277996468740184,-2.9310291233155201,0
-3.6337933869490788,-1.4857120205377832,0
5.8190462853676603,1.045201536674315,1
-4.1288998717204972,-6.883327702117179,0
6.1682817078899062,3.2910813218870234,1
0.7939137257239377,-0.10220037005270699,1
-2.6857724437385766,-2.1300842826639892,0
-4.3190240481253159,-1.2523161710543165,0
1.4249110187547889,4.4932419526271516,1
2.4572050915631474,3.3579448676533161,1
-4.7163443823233635,-4.8162474325888649,0
-6.3602758550235592,-5.0279069963543517,0
4.9058785282417929,-0.70828257171826792,1
-0.45449597401313158,-4.064926883329135,0
-0.15310870675598975,-1.8630326822011645,0
4.9899306892710253,2.9888772739608531,1
2.0840482684004686,3.3857417864781998,1
0.88530154271490069,1.8926608690588309,1
-4.1761081671687297,-1.4667496066024805,0
-3.7630358226056289,-6.227772589120212,0
1.5979873956738975,4.1268155876057051,1
0.32565865103115499,-2.1503442870702671,0
0.76044411202461548,3.6165005956712828,1
5.065812696408992,5.1412180772385838,1
0.88346102755688038,2.1447786305317829,1
-4.2783354865262506,-4.9508220112553314,0
5.5316926083607232,0.97785729254142106,1
-4.1414332412418871,-4.5307862006606525,0
5.7262994337211168,3.0296695064639603,1
6.7672481565898366,-0.18673037742005194,1
3.6677484334400337,1.8214927580878446,1
-3.5170369099215644,2.0926459923628329,0
-5.077393363536693,-2.3193549135900136,0
0.521099564342697,-2.1854609555503561,0
2.3328422702104472,1.9919304035629368,1
-0.16295094011206013,-1.6962368115708326,0
-5.7929738935773418,-0.96589592416103986,0
-3.1235216190891433,-2.244364564079139,0
3.2709755195799493,4.3946123094212091,1
1.0795973280011466,2.9405293208006795,1
7.2922633916611517,4.2546089682804755,1
4.1506740581975556,2.8689297633865305,1
3.2284242371442566,4.3980131984697026,1
-5.9649523048364621,-1.8812849155578182,0
-5.0139389704870974,-7.4279957245160375,0
-6.7237276209783978,-4.067408398678837,0
-1.8031262619075132,4.7226678863145457,1
1.9531912575314589,2.4998272376672501,1
-0.79872563618724968,-4.1244510404851651,0
0.4104342113936652,2.7444678302875589,1
-6.7469102444908753,-0.81452514245509677,0
-1.2354003183530509,-6.149409743482062,0
-1.8458468588757182,-1.4834365044860827,0
-0.79301640287859154,3.580048030997228,1
2.1833706504709003,1.068966252526375,1
8.2567334713115201,4.2062057590667354,1
4.4012775878468542,3.0033341768654012,1
-0.092679725619777553,3.471828120312209,1
5.8143836772408601,5.2241203194190478,1
-0.62075271285818046,-1.8182139513244251,0
-2.1187416166017172,2.2773725891407768,1
-5.2145180036567087,-2.3051061259763808,0
-2.3320195292200951,-0.34546826355834792,0
1.7205688396872942,-4.0252415685890934,1
4.3525867690301627,4.9325721298545302,1
-0.32965592947862143,-1.950785735259271,0
-1.7253623355143737,-4.0702553722757742,0
-1.22434462393171,-5.5971829827321482,0
2.5794469910040503,2.3426815085914674,1
-7.6120170103820568,-3.138725120368695,0
4.6733147586149615,2.369441601584219,1
-0.90538176150346938,-3.3152175314984582,0
-5.6509454625847555,-2.0055685089833553,0
-2.9668903434208209,-6.5049737910045318,0
-1.0288004367876082,7.4303982090947205,1
-7.8893497562470269,-1.3487584004241471,0
2.012176912934621,2.8126093227647049,1
-2.1939311092662264,-4.4827532215114703,0
2.4514147694729385,3.6343032808461939,1
-1.0837661372260006,0.049988265458356551,0
-3.2567696329875244,-0.25225232672732467,0
1.7393925676201765,5.0838349340367479,1
-5.019226189328176,-3.4823721301466763,0
-1.7376122398798204,-1.8778756748911922,1
-5.403059367096418,2.3993738305381749,0
2.5407928510322497,4.4759140157108757,1
-2.4841590581161928,-3.0324464747334248,0
3.5929393958880365,2.064445904986842,1
6.4323520708036011,5.2891035520733585,1
2.272358537754922,0.93348445605405272,0
5.6377187199778405,4.1960854367900966,1
-3.6248221015899014,-4.9980920490518042,0
0.64675120540763897,-2.72216622348469,0
-2.9440858108280912,-4.4051024160550103,0
4.2550315821960458,4.4013201419624526,1
-4.4374955624780519,-1.3512524871290914,0
-7.0355254896832076,-4.308855983097847,0
-1.6539782374222907,-2.8384050435284056,0
4.8063168385151203,1.0036845492784288,1
3.9718132247402078,4.7263420346406884,1
0.71554112848308282,4.6953466369951808,1
6.2682362096869255,5.1389818166985624,1
0.87281797546376216,-7.0246169891765682,0
-4.7734245071489028,-1.9531434477855356,0
-4.3051560664565516,-1.5740261848862356,0
-6.9553099529322449,0.036385743209235599,0
-1.0550810394615575,-0.52487115426027664,0
4.164718575561885,-1.0741285669979987,1
-5.3601667992427,-2.4631125014348023,0
-3.3607154904131402,-3.9498858415585065,0
-1.7940929877953269,-1.0151997009453289,0
1.6582060597478852,6.3637063202939359,1
-3.7083536804666544,-4.4255948436878256,0
1.0702359985273335,0.63284854009906155,1
-2.8579807287349572,-4.9087670494635409,0
-1.7773523965237901,-2.8359574576246827,0
-2.6304498303032662,-2.6406953385109047,0
4.6704747864193603,3.4986762333735566,1
-6.2973473092319434,-6.3030912336947038,0
5.057156818175506,3.1871600082223313,1
3.9078387919405113,0.70233965326109216,1
0.2489820907084157,6.3311411064032548,1
-2.5448397328929322,-3.9332004351527412,0
-0.75224442024798499,-2.1339397783281022,0
-0.61805454135098437,-3.3038775939902516,0
5.0147521218239914,6.5527150921794775,1
-2.9407832310585245,-4.9236898458998608,0
-2.7537438059345747,-4.1961450161196066,0
4.7427095765923157,1.6606730039509587,1
1.4477053191680491,5.7949194641313797,1
3.9670693073379519,2.771510622028527,1
0.9186926566482474,3.0772549844124333,1
1.8067142992162417,1.5792235831803185,1
4.5674753027181039,1.380864538253856,1
-3.9954273100474116,-5.8236585631232769,0
5.1717541154972375,1.0021478044849266,1
-4.2611089097926529,-3.5079336986193868,0
4.3575708784256184,-0.12926608530539951,1
-3.6675976197244666,-4.9804128673051205,0
0.95007395771901804,2.1038066121144299,1
-0.21341501927763051,-2.9531320096786753,0
2.984333706690534,0.7538988552543362,1
3.449279941503947,3.062025960745312,1
-2.2399777222649044,-2.8851848601661878,0
-5.7928451637681047,2.6778744233315912,0
-5.1379041737171463,-2.4079620800605097,0
-4.4359744319773107,-2.2367227721577998,0
7.8633317752501197,4.5331038322531931,1
0.21321142553025041,3.2925351690154745,1
-5.1797869236996146,-2.3187458702135384,0
-9.1738324078991482,-1.2606414492729834,0
-5.5883020837514223,-4.3596295591205401,0
-5.2998905642300738,-2.6222301932353242,0
2.4585864059882709,1.8936765183324635,1
-4.7797177430547944,-0.69443054159770323,0
-2.5645932405611154,-2.4577595557397736,0
0.39858931985368429,-1.3951297967156757,0
-7.4258303306224747,-1.8245956881654046,0
6.6904288033852701,-0.45976716773037074,1
2.3623865819033103,2.8639745496759059,1
-5.479864533095216,-0.86237636541279805,0
1.9711886581747458,3.0044903967516281,1
-2.5497404493286111,-4.9862844445872243,0
-4.7140515852247384,-2.2046817990706424,0
0.75909802015150474,7.0731045854692844,1
-5.9366004126140339,-3.2284003710751619,0
4.4130286874472455,4.9883775185640609,1
-3.912154959724619,-6.4716558358991989,0
-3.5106406217080171,-0.91556567559634905,0
2.7107822138349631,0.73258416094769441,1
0.12994201170747255,0.61866554026661058,1
1.068241740063681,-0.30614803974388938,0
-1.7718059964472799,-1.4711825082058916,0
3.6756313050107532,0.83880886934903387,1
-1.2718907563552593,-5.484796892014602,0
-1.5819005424637111,-4.3806984855622879,0
-9.3216515744585227,-3.4192205027099969,0
-1.5502928509855756,-4.1678879924382528,0
-5.9247565841231298,0.95740492976646774,0
-2.6491883744061995,-5.8573551922225429,0
-2.1186636234420759,0.30077033581002421,0
2.3207576287661604,4.2950103677701446,1
-2.740780872245276,-1.4263474699941865,0
1.4992861553673258,-0.14822962804256523,1
5.1116340907049596,3.2736129185284524,1
2.3785797972600675,3.8420408593762794,1
6.7448596456618795,1.846561857891561,1
3.7504008078252697,2.0671815136691345,1
-1.4690376271301682,-2.9605074814352337,0
-2.803632460747671,-1.254160769014149,0
-0.51443914895845078,-2.4356464317482613,0
2.7793820502147155,1.7147197825349725,1
-0.33110435228266732,3.2045161813726688,1
-2.8882534276743983,-4.7377549669249843,0
1.4706479009483879,2.995399017923754,1
-4.4535289953987807,-2.6594510463253105,0
3.0706907116814226,3.478496550593003,1
6.8923277400416811,2.297645156377528,1
5.1224250678004601,3.1120997142285605,1
0.1087597028183378,5.1558861764328716,1
-1.6387055047914656,-3.0510227412084707,0
-9.5133085908000439,-3.812054569185594,0
1.9491257409281886,4.7693085340191184,1
0.6662172051876607,-4.0171541019869981,0
-0.80576981320834307,-4.3328380386310421,0
-5.1355066870663579,-2.544896703161986,0
-3.474767429871259,-0.37726332840669974,0
5.4706893602781541,3.3134563436104356,1
-0.83940497621280796,-4.3230868741399648,0
4.0556212350722136,6.0050208721159128,1
3.2788772439155882,1.5336307881832567,1
0.25569885486125266,5.7351511721032438,1
3.6120824963457654,5.9914063176993517,1
0.56467612921540855,-5.3042938147254839,0
3.7981942406810512,4.912702430791172,1
-0.8610569855999346,2.7289449243738257,1
4.5652306471840483,2.2848750844379007,1
-7.5132275757803173,1.3748226788096449,0
1.956060543073826,1.2879970272181889,1
3.3718243326052995,3.8245802673780025,1
1.739984177989224,0.14587859285026594,1
-4.2141983340257312,-1.2117190092285584,0
-3.2225041985599376,-2.7862858226520948,0
2.2433223154964845,4.3391516447401841,1
2.1408207115122839,1.6656388396512605,1
-0.81580841229400614,-3.6351321506157257,0
0.30211982685812444,-3.5295178115547872,0
5.4367809949342263,2.2057362666445943,1
-3.7958043755043658,-2.8861253895990782,0
-0.68011773280948651,-2.9046989795261817,0
5.3247795686999346,5.5845251050089573,1
2.9459877051017935,-3.0255605453886218,0
2.9257048618113357,4.4981248232230318,1
-4.1180528459242591,0.04205018848847919,0
5.096941718543917,5.1778365249275424,1
-5.2722027435219676,-4.2521889499058272,0
5.0165987200400641,-0.82618315662645347,1
-0.391327028871161,-5.6236884254033264,0
5.6791840017236588,1.8773438979124941,1
-0.47480835814683431,-5.8439133636622866,0
-3.7339913795403135,-5.0947025477885504,0
-3.684290696531229,-7.0607848084443505,0
5.238211042983524,2.8234713141702463,1
4.1643652378929703,0.87189865436829672,1
-6.6283817622712213,0.084776125969903582,0
0.19261597783625284,1.9588016004225859,1
-1.2609320077641029,-5.4884690721235874,0
-4.4908975036247449,-3.9873019435750217,0
-5.6972213387857664,-5.4540296592346191,0
-5.0392335439570139,-1.4123561190761897,0
-2.5372899892826988,-4.4394517669976299,0
3.272208972735414,1.0880306466433516,1
-2.4474194812608112,-3.8551872513719863,0
2.5209630101710889,5.4995524484908085,1
-0.15875822284701568,4.2804110861104476,1
4.3986836614046423,5.6475971917017898,1
0.31872233443283271,-1.2152771504407784,0
-2.4666393629422076,-1.401461871979724,0
-0.24364213434503723,1.1228006447281589,1
0.39274972176822009,1.8011788344111297,1
1.5862516545153773,2.5159645092850056,1
-7.1973775831864497,-3.9451025041895988,0
-4.4911877341482853,-2.1355418327019429,0
-2.3368082142168123,-3.3715819177516861,0
5.4314206382174781,2.8737915068554898,1
5.2025919265978402,0.62292199386791047,1
5.0706118196234904,2.262433983501047,1
-1.3620843189990999,-3.8406660295766328,0
-8.2784134587991467,-0.74605017922989303,0
2.2299136514318323,1.6602850772622606,1
1.2667626983969447,-4.4544252234524278,0
2.6458413982072111,1.7146384272848607,1
-1.8634313912159,4.718885173001107,1
-0.41680239042761169,6.819928433179772,1
-2.4886006990388463,-1.9094847920054614,0
-1.682768805992116,-4.6157083170196502,0
3.1176074069824193,1.8340490845453772,1
-3.6104663900922693,-5.0646282412433825,0
-0.65653269212463705,-6.6513784587801013,0
-2.1506707735261994,-7.3820167220885482,0
-4.8842381340927581,-0.012020970414565291,0
-4.9107483466508217,-5.4404202568269362,0
-5.2556157117312328,-5.95232924259086,0
4.7970478833244767,5.4551139592132252,1
-7.3559950662874032,-6.2110683072687216,0
4.7333500208859318,2.6039030342530256,1
8.020950365798015,3.225218171100543,1
4.3026636494286858,0.29849117050384066,1
-5.3271549649929053,-0.3654807803185478,0
-1.295864754307229,6.1080186330690083,1
-3.0584883527383075,0.56809912971117571,0
-1.7458659064762641,-1.7799116515304512,0
3.6021349829864571,-2.5639487716146254,0
1.4102804647109495,2.6117164924714724,1
-0.19473024668772076,-1.8851299130958743,0
-1.1371603778591024,-6.0712066700131899,0
5.7164771933803689,4.7970294567609955,1
0.80820895796921333,-0.73911718237849255,0
-2.3460744306164178,-4.454817543760397,0
6.4559320617162843,3.2647932993622333,1
2.0482421589085011,5.0553724955436223,1
0.40916720657111183,2.8397326613772202,1
-4.7307919177005742,-5.5336167308176751,0
-3.8383512585658508,-5.291288746770336,0
-3.3535899291568176,-4.2415324964593104,0
-3.8790037423036345,-3.617905711782619,0
-4.3977655476976985,-8.3144885942774085,0
3.6362406882357177,-1.264490383984433,1
0.77830395111192452,-1.9827590273380107,1
1.4445222352655851,2.4985020548559977,1
-1.2730882332144233,-5.3132779158776957,0
-4.3629785323406471,2.721844481472357,0
-3.8297110934313112,-2.9109419001154295,0
2.3987806229155364,3.7152908846516635,1
-0.10613303158311327,-7.6635339104316582,0
4.1132769099292714,4.5486064592097133,1
0.75691386048226006,-0.55082753291342135,0
4.5354397069040226,1.9412494390947164,1
6.4974535827187943,4.5002737020393635,1
3.958228378804741,5.7994488307843195,1
1.5906127699636319,3.2424364397708327,1
1.6334391153275973,0.24260071102482472,1
-3.7278324992509235,-6.7637558498806971,0
0.95926000259025868,2.4609467644094281,1
-4.1454447419144484,-2.2541746437412278,0
-4.0727374115908095,-5.4525031061479918,0
-2.3957744265437793,-1.1355263187731648,0
5.9852609334890996,4.0574455445903768,1
1.5745809441125374,2.5369618363263848,1
-6.505527436133085,-0.32652619050309761,0
-5.6978293081952236,-5.0916361399957548,0
-3.8376254742771518,-2.5826372324057916,0
-2.8648162657384355,-5.1343264336019869,0
3.2043903447910957,3.1361207252631367,1
3.3234557430881617,2.9558333792706244,1
2.9629821032742898,3.3552680916260269,1
3.6393960208572627,4.7235113251038108,1
5.6519339202405696,0.58930595219233251,1
-1.0309785064514416,-4.6044757471805458,0
-0.061569211960984749,1.6250541694306646,1
-0.38032590586128867,0.51191228868715699,0
-0.58989054368792804,-5.0962096232662581,0
1.3386671774443273,0.83164789388794924,1
-1.4420395101253736,-3.8456600652945423,0
-6.1673665127074058,-4.8501276237838189,0
-2.7454855398536453,-0.70398906676293205,0
-4.0774299941433618,0.53571644196045654,0
7.5633225020630181,3.4198426962740975,1
5.1394815138251975,4.0684307144153751,1
7.326806032826215,2.8483391430645693,1
-5.7373609548761095,-2.3352406426305579,0
-5.5621708577152642,-8.2241132517059548,0
5.1553064022254436,1.6867733376077658,1
-5.6344930315830926,-4.3249703871007608,0
-5.2593772162849906,-3.8670941631311604,0
-4.4295697944564152,-4.3408689941257359,0
-3.5709488052234617,-4.555176772098358,0
1.0320499566460986,1.5461876318442458,1
2.7276816128561969,1.8071175921478417,1
4.0196047080445316,3.8995451014946432,1
-0.12799300278474668,3.6512468875636204,1
-1.040187955464789,-2.0203088170868262,0
4.1465619803791078,2.30485036925411,1
1.8158935565116334,2.8592565628992914,1
-1.9367572506822077,-3.4266350482307733,0
0.7704621659405464,6.768951159368445,1
-4.4554159352145035,-1.594333651891702,0
-4.5382607813903624,-4.845836946040011,0
4.0089747921109584,-0.24106872589031392,1
-2.7976764625898829,-4.0152134351900539,0
-0.52564156893785663,-1.7946971303166972,0
-4.3713012233959212,-3.1246056601427079,0
4.2069751072880033,2.9191151786332585,1
-2.3299241110502176,-5.0011040190012999,0
2.6398375473123847,4.1429260182900984,1
-4.6286304490836194,-0.72519748623369429,0
0.32657428752402939,4.3944034035651276,1
-2.3928680468289687,-2.6019776006207973,0
-4.0573767240738885,-6.337969695014678,0
6.1716048200278149,4.0228079674393324,1
2.426042993970396,4.9328016876382659,1
-0.027571205183125169,-6.0941696736072153,0
4.2996850193524709,3.0851626175850444,1
-5.3188145771723967,-5.5080052591251709,0
-1.842211208327198,4.0096812064257819,1
1.0875645619031957,0.36480573533161875,1
4.285330908283056,2.1131304345600492,1
2.9136439068408642,4.5285184700170742,1
2.9842893464924236,3.4642991567116042,1
0.51611896839366445,-3.2400242046481349,0
0.44132731524697544,3.5541199925627946,1
3.4883198718921182,4.3863195904052015,1
3.5290698772709135,2.557043601995963,1
-2.5019464475560875,7.9813591761603648,1
0.38510473392569722,4.3503938010915562,1
-0.013629650194725951,-4.2443468749449185,0
1.0968837902911499,-6.0483366374223522,0
-3.1955775108404718,-4.279765927543389,0
-0.54321227553631868,-1.311877403695116,0
-4.329827749878139,-6.3756775876740965,0
6.2286699095337408,5.9859464944665763,1
-0.16800306488219574,-3.2290938813539576,0
-0.10873686225289525,-3.8115688514598007,0
6.7275463381291036,1.4302059953223354,1
-3.1923240589610282,0.6690408897887159,0
0.58385284739284815,2.4237124393449561,1
-2.9232909317585212,-0.97571084097487759,0
3.3869414726880969,0.13865854272507017,1
-4.7171634684204964,-5.3241980719689828,0
-5.2416100380318529,-1.3429387084734847,0
-5.2052948098170466,-1.2045143098705811,0
-0.65814398966347687,-1.5310324864749982,0
-0.73326152404478995,2.6296746934443771,1
-0.87689578239238264,-0.24327521115021966,0
-6.7183847445226945,-5.8769002618641144,0
4.4628359404914093,0.99206343430557808,1
-2.6922637012394537,-4.2205936344149046,0
-1.0070873307151211,-2.2965731682397736,0
5.0279096309405844,3.3797854522080106,1
4.8743390255650079,4.9148739368937209,1
-2.3777688538640165,-4.571691477797069,0
2.9800949065275133,2.0908679729595705,1
3.2465679264230065,-2.0228686799762192,0
3.7767356830616312,2.5691385743602724,1
5.2464082846040565,3.6729945929228096,1
7.1228664606435661,4.0481711239013167,1
-2.2385205814594733,-3.0527460309385055,0
-4.98976457968707,0.4961724478948164,0
6.3144993505661233,2.4429470289957731,1
2.0336353004960368,4.7879727214924657,1
-1.8557350752964741,0.62251069621314992,1
-4.9317429111006081,-2.958059795586919,0
1.0468507620278462,-6.0163976611601502,0
-1.3469176896814623,-1.2692528072238556,0
0.084907379948576445,0.77087546122739337,1
3.3006892925626943,3.6093697732358789,1
-3.4788059857636529,-2.1508300671936853,0
3.1955921163788172,4.1881772199736123,1
-3.558785028701934,-1.6338287698664014,0
-1.7260843587421622,-5.9029066131774215,0
-3.0873081353885241,-5.6729718117921779,0
4.1394203072827125,2.3675514197795384,1
-0.12047375551394746,1.1388557986447523,1
-5.8639276249944938,-2.8948558377296334,0
-2.0452110675052122,-1.81783146051019,0
-6.1108799433732663,-0.017165991651030943,0
-2.9738049714768162,-1.5983486409794812,0
-0.59279153395838691,-5.1151438825898747,0
1.0108748190446157,3.0402747916430086,1
-1.3477391061446391,0.25153818929707894,0
-2.5231001488305349,-4.7414567953045577,0
6.0441818015921402,-2.7791243317646401,1
-1.7927101998578985,-1.7083262257080232,0
-6.5238173131999124,-6.0036710906295703,0
6.7981310124834984,6.6678238726310068,1
-6.3956821757353275,-0.46100034761482789,0
-6.5907328656060855,-5.0219000130071887,0
-2.6100839529212956,-5.3295673692115457,0
-2.2192444243922438,0.27478225062674833,0
-1.5712871165393265,-1.3472797859652141,1
-3.9309053641402874,-2.2739859388881341,0
3.6278096781986044,1.5023075843963636,1
-0.69927246026029355,1.8113988781171022,1
8.5976393885078117,3.274052208415986,1
2.1772634360960978,4.0721023640241407,1
-0.6517097516872572,-2.5996602842785372,0
1.9232465111788173,-2.2131180507305785,1
4.3453964326329846,-0.19781479883136477,1
2.4235620434268186,2.5024834901994888,1
1.8141111515171224,1.392880476722109,1
4.1725437395392611,-2.2166706109999676,1
-2.8245028426077323,-2.0627673139220546,0
4.050960719024614,2.9518074293302075,1
4.3852676491717322,2.9655747429436987,1
6.1991762410060565,2.6210538368943266,1
-4.8243209753625154,-2.1078424894765235,0
2.0650396813729657,3.5484740627411924,1
-0.57019191194229801,-1.226003561161731,0
1.0024482342509908,-0.89100034253854643,1
-4.5596311660221591,-1.5737122169922155,0
2.4025694987888739,1.0028293532489916,1
3.4817116608855332,5.7046685671390955,1
0.50525502030612701,1.0747027184635245,1
-6.9130475639556597,-1.4962823518731172,0
1.4038887730314342,2.2226584998735781,1
-3.0257887099199063,-6.3213998841045633,0
-4.0510836368229768,-1.0952051331674113,0
3.8354066772864361,5.048748482634613,1
-4.0370362942083133,0.017824900289652224,0
-0.25338284088285157,-3.1225102597467718,0
4.6658399640993968,4.3489645971451081,1
-4.2461222904389704,-2.5869367349247154,0
-3.7385410393779832,-2.8178244200150551,0
1.9549718237259941,5.8355988369573382,1
-2.8690765012541277,1.9014497268895552,0
0.8608351275662276,3.0863289369380542,1
0.27812433978055129,6.0297790452172002,1
2.2127481785534102,2.4364632999037354,1
5.2496853387844631,3.1724178140825532,1
-3.9071976249198315,-5.3307252686849189,0
6.6958267423185625,5.5122749842895926,1
-0.64292454788495057,-2.8421636493423792,0
-5.3691754180463001,-3.5444782829658368,0
8.9771381908346726,5.1763785304547394,1
4.095458689884051,3.8102866995940032,1
-3.7998923722816862,-0.61411617434561849,0
-5.0511830459731932,-0.56833939611370843,0
-0.67204459739367284,-5.2852583240614557,0
-3.1292411359861978,-6.7846883503037656,0
-0.5042593288536299,8.0951973228791552,1
3.2169771996207333,1.2470358583824703,1
4.4732972807309634,3.2146584902345703,1
3.5218363698143427,0.34197472743047674,1
6.7592991210181186,3.9159738533983162,1
-5.2187784564532524,0.29718585901748273,0
4.7547551251713092,5.5709584199339997,1
4.295148945585856,2.0364463565117159,1
2.5052146695450399,5.0417583469148006,1
-0.65512431421592421,-2.4833071000802542,0
-1.0911941888764867,1.4499958802308861,1
-0.48273085465906718,0.25724462856966168,1
6.8009659545001044,3.7854542008556931,1
-1.353956910665427,-5.2846001340681106,0
0.73718866041747688,1.836891238361569,1
-1.5851687094479903,-2.822788040342914,0
4.6105594106507279,4.5974188259939908,1
1.6442920880596996,1.451081858164351,1
-4.6057526055511406,-3.3498357837389543,0
2.0135511265254831,5.1258018329864434,1
4.0207477178629452,-0.37821925001751877,1
-2.8354128173280699,-1.1024837373255636,1
1.1833200960887726,4.3634369091009866,1
-0.30301387060078477,2.6043978180405141,1
2.036603862850737,0.78762543831832899,1
1.0923842201155705,1.5403208594340674,1
-6.7903074394055496,-4.7855363766038774,0
3.0772692616217885,3.7654538530698543,1
-3.9835543448807069,1.4386170666845768,0
4.0324845075975491,6.5801906911272727,1
-1.2811046836362792,-6.8537430063503351,0
1.4277886010099805,1.3780100795246557,1
3.5000258521905865,6.1445555535778835,1
4.0221402408704003,0.98133059822540325,1
0.76781040133796497,2.5589865369764913,1
6.1345344039508589,0.44434534864073028,1
-0.82907579210872706,-3.2248680938268297,0
6.1393530214185743,3.0198971730126498,1
-2.1084691580310051,-0.58464534391054856,0
-0.037911569852521421,2.3681960741275541,1
2.0977367563608191,0.26098025758485965,1
1.1128537563620164,4.160006817798207,1
2.7567192404280387,5.3727951536861536,1
-2.1797304896788403,-1.582857300414787,0
2.7052702003283216,2.380630332623237,1
0.99812917170851412,0.72159674745968116,1
1.8026476126215041,4.2034800637589456,1
1.6808723305930342,-1.2263518879272537,1
2.6998823860034249,4.2446249486143302,1
3.0439601753380208,-0.51366078140091664,0
2.0620860310737594,-1.2186154823382762,0
-3.692341443974684,-0.97367890571633575,0
0.82119759889739319,7.3258180713831571,1
-0.047895541327154234,-2.1446043768456682,0
2.1067008460111087,4.3686927097755532,1
-3.3489682214763086,-5.8962080450306207,0
-4.159071261916905,-0.5106710359113249,0
0.66568430295069136,2.8208709294567886,1
2.5582897771630422,2.0323458555551173,1
5.3654311741204737,5.4344077253328535,1
4.5250970531925807,0.35008567354531328,1
1.4361557707555024,5.1922620879670571,1
0.1399452400563268,2.8407775660527941,1
0.41819284533342449,1.5020329083072479,0
2.5586629647324965,3.2205869954863777,1
1.5101211120012838,1.5544310062909548,1
-1.3219107975004958,-3.4517921993014808,0
-1.9708447073648907,2.1792007965239675,1
-4.9490285453097451,-4.3794174972928159,0
3.61228522970204,3.7417249341842256,1
-2.2102511669490372,-4.0373442066996841,0
2.7152077371686478,-1.2332369075687781,1
4.4966518748526116,4.020783302319936,1
-0.045512170797489038,-0.15037572823155099,0
-4.1060144142942621,-6.2124029334232365,0
4.6277262219491124,-1.6490954704611518,1
3.1145241941033293,1.9028451609607457,1
5.913153982018212,-3.9160251341431094,1
3.914615513969478,5.7514276407608573,1
-0.19625659474966195,-1.1266042204813893,0
2.4773398381965497,1.3338019925897249,1
3.9350401625987477,1.1120197382465415,1
5.2047787797427825,4.1368992432465665,1
-2.0623000198652703,-8.8232087231811676,0
-1.0982084057472921,-2.5739318198778554,0
-2.5173979506464388,5.3784963028018158,1
-5.1770476472699505,-1.7326775189287797,0
4.4937323523281032,3.4658387337859562,1
-0.6718951912807567,-7.116893893842918,0
-0.92771452597718129,1.9441988740924907,1
-4.7309710699760901,-0.20420150688713967,0
-2.435126244987257,-4.3192263274505009,0
-1.3542876036612672,-4.1331056535010333,0
-1.5968868752298169,0.182698642030799,0
2.2394296757820342,0.65155497253030514,0
-0.33425669013973236,-2.9583570021374337,0
-3.1553135301068505,-3.5466234463544692,0
-5.6373182980180268,-3.8418167199995823,0
-0.78479647145593079,-1.4418804814504849,0
3.6545997577852107,2.7404752517846829,1
1.5130389313121484,5.5938549655355985,1
-1.9917516367988133,-2.4796660334892491,0
-2.6629275332704001,0.8905405477016064,0
-3.184473672514434,-2.0907214382366957,0
-4.73348131827351,-2.6232823413259925,0
-0.27557996196865586,-4.6679510947400384,0
-4.9375693538748413,-2.7259830721401856,0
5.7632866331139816,-0.00048389460770792425,1
7.3545920530115971,5.8870985485586136,1
-6.8313670586172321,-3.3153362655609064,0
5.7624996403396906,3.1311694827358352,1
4.0109183860419941,2.2454628966994439,1
3.6559921100898021,5.0568000301446636,1
-0.053817820605323696,6.7017126736355639,1
1.4442819834836131,3.918460598206805,1
-1.9829038862287034,-2.6021453199852478,0
5.9715671156559775,4.7191220780253786,1
-3.7015808823648708,-4.9577509820100456,0
-1.381982034658789,0.63308789131208831,0
4.0685583095430431,2.5280653735597127,1
-6.3057433872546893,-3.0765509589578186,0
3.431190990991662,1.9282479166567796,1
-1.4358435578158366,0.1316989887176101,0
-2.265234701068676,-1.9544224721193817,0
1.331763050716867,5.6364212757393233,1
-1.4317900446548055,-4.4981171894680649,0
8.6193842174885944,2.0237690729836699,1
0.86298022126572649,6.4788618422555508,1
8.3063184512916379,1.411065633514901,1
-0.60237908049028865,4.2445534214608793,1
-0.14789847349818164,1.0599728268063531,1
7.7629574181900445,2.3472892872305993,1
0.71977949985380407,1.9420423000558251,1
-3.992952022304455,-6.5423950143369822,0
-0.19146663483811244,3.3663971343777623,1
-2.1829009197465226,-2.0673312301287812,0
-2.6049142001832708,-6.0246121443218552,0
0.098278216039836774,1.6313374872104613,1
-4.9280386442142241,-2.0538787898316002,0
5.8509408413752482,2.2233916252259118,1
-5.0142815233204274,-2.8561467001357963,0
5.4741743114649069,-0.63316209554100888,1
-3.776449960291989,-3.5881341773997999,0
0.012362856538512101,-4.2577410053422682,0
2.1052419273222114,2.5433826944890794,1
4.8700519286603168,1.0836683013871753,1
-2.311403610235756,-1.6681125732436453,0
-4.293293305605717,-1.5315407319369316,0
-2.5928101899180582,-5.1043210439610682,0
-5.9027656480813668,-5.4057951452701847,0
-7.0328101774867982,-0.17311490129350204,0
-4.67192605906809,-2.7684675422924485,0
-3.849172601151865,-2.0952630860521424,0
-3.8442576635236567,-5.439876892381502,0
3.6719786754159909,6.7359952863471122,1
-3.395355443910701,-5.3024116491926252,0
-3.6732846743098109,-3.6981364361067426,0
-3.3867767334209535,-3.7826710359737103,0
7.2076016162457046,5.1200149557325698,1
-2.4494668840806906,-1.278348122584974,0
-5.5339358297353787,-2.2915039888979809,0
-3.7605825292298096,-0.36000049966117009,0
4.8611888758401642,5.8927446313798129,1
2.7796738107721239,-0.31100204361097061,1
-8.2088606463697573,-4.3662960749807356,0
-4.6722102251271576,-4.2899783970127885,0
-3.8234354047075101,-4.7881018516814535,0
-3.4240308977440055,-1.3185489088741382,0
-7.3376966382476487,-2.0820745000198859,0
0.45897438151923486,5.9682842719850537,1
3.9535172897213307,3.9362185150128965,1
0.16910911033354159,1.3643211472332677,1
4.7367523425225935,5.8449377394114785,1
-3.3293196153849101,-0.43272847732326802,0
-0.91203216050585656,4.2788000172612222,1
-3.7736993795899445,-3.7967203067345738,0
2.969320625527434,0.97665596089675866,1
1.3733148057504618,3.0442561406913944,1
2.9565947361143161,1.3403510692310407,1
0.56722834922630394,3.3335877625325461,1
-6.0147600689485925,-7.6625213156897987,0
1.9398788263768587,6.5588539433484172,1
-5.3163094961604571,-6.591589166239002,0
0.85063354011152592,7.5491748491360218,1
2.5343436634112257,3.9358035999290388,1
-0.25625307113340501,-2.1565217233496914,0
2.607585294109406,4.599902250777073,1
-0.67520856512087768,-3.376495292965533,0
2.6714516278761726,-1.1699018062022128,1
-3.3036295185542723,-6.9290564965007952,0
2.0775995330728638,5.4907581056504409,1
-1.3810014805202737,0.23239147306197472,0
-3.2578226769006444,-5.1281741829814127,0
1.4416538313446019,3.0781754945184603,1
-0.34281811967741538,-3.7794308324291306,0
-4.011030260559286,-5.4317487673503333,0
-0.10292064189310546,-3.9562538306927082,0
-5.0384236182867514,-2.582571447379848,0
-4.6878595953516866,-3.5133474785257932,0
-2.8255538121159232,-5.348841650285534,0
-1.0567238384400874,-5.1926262057864019,0
-0.72965981761043253,-3.3304278120941508,0
-4.4768436128524396,0.57844957885711246,0
6.361527030603483,-0.45965677584504538,1
-1.1218788510541438,-1.0974200623322592,0
-3.057867280366084,-3.9612308718253431,0
5.1301059271550757,3.2631728261548605,1
2.898058483122635,3.0624391114111749,1
-3.2489943534415486,0.58023727692507876,0
5.5709769930455,3.0101733573270439,1
-1.9337563459430764,-1.5312981257751586,0
-4.1747422152864928,-4.744071099714267,0
-5.6739424235806641,-2.7175829805974865,0
2.3420146732415175,1.1379208016802267,1
5.0120717813413354,1.1435467084977433,1
3.5760346174901265,1.3648951156800679,1
2.6756048752377231,6.1447774128263521,1
6.0772806692869157,0.036464468352714441,1
-5.2585723763690959,-2.2590918944726006,0
-3.338937743945749,-2.8700749725065049,0
0.61807747132119717,-1.2550578770438054,1
-0.58089850162786183,2.2046769427084238,1
3.4647840524218201,2.3682078355554914,1
0.32359417721190997,-3.3932667470211793,0
4.2786722504421952,1.310837437568356,1
-1.8413104025696339,-1.1209265588588277,0
-2.6176487045944272,-9.8109027091718062,0
-4.1132471632460526,-5.9940374436120694,0
-3.1346318704922527,-6.5990205526616705,0
-5.2820602002861179,-1.634884828883689,0
3.9715059502425465,1.0615442748329809,1
5.7594343519298263,4.7604686380726999,1
2.1844336190127569,-2.5553782818789497,1
-6.4664350512204329,-0.59669880004319076,0
-5.8858029709641748,-2.6405393219155662,0
5.1420144690598812,2.8801418729081401,1
2.5166438071504484,6.3568579004828596,1
-4.1368184865152617,1.6860681654525003,0
2.6659234819271824,5.3481987740986447,1
2.9920279804504184,2.8918664427093645,1
-4.7584085109472998,-1.7896408725054045,0
2.6914492056943367,3.360807353421805,1
0.49771328251882219,4.9818304706334677,1
-0.56977248521849644,-3.1131541250546513,0
-1.3488659308149309,-2.2075989386177803,0
-0.7512010714594668,1.8747251777364633,1
-0.10677249286867996,-3.7189491610039038,1
2.5706549182238261,3.2467745224170885,1
-0.63616622838485704,-2.1235344496903927,0
-5.6019852190861403,1.8505303976918777,0
2.7206889251212747,0.48048371939801005,1
3.7497344846434344,6.9989471784066453,1
3.6416855870401279,3.0844609042756721,1
-0.43219312247519337,4.9057741308656917,1
-2.2531743800081085,-3.0852616837504612,0
-2.9887476453351844,-0.54212718031068219,0
1.2272343234041283,4.2760810610369795,1
-4.800070056211398,-2.7189560557145342,0
0.20879572588418238,3.6704473368937158,1
-3.526179993435048,-2.5159925167219206,0
2.2243676335087743,1.1833253612276988,1
-6.2126606198611141,-5.7026717316419138,0
-1.5241049399230377,-6.9491144264466529,0
7.4778123051641865,3.6096645266827467,1
-8.1471710111771216,-1.7742384662468513,0
7.2735511431860873,3.3138818894263165,1
1.2072537714754796,-2.4933120790211696,0
-3.6873075086522125,-6.001444238388995,0
-5.9751447776866637,-0.58935296428448636,0
-0.23409967356612515,-2.9895142894793749,0
0.32009139762439842,2.556765790597971,1
3.7312919856619651,2.4222243170791313,1
3.2873076503612908,6.0922961395948185,1
-1.6643009743386703,-0.95471662667353341,0
0.88210924327865037,2.8820594364327152,1
5.4121643185454449,2.8600150524446004,1
8.4109474880405646,2.6197881952102025,1
0.12365110412321778,1.9513298585425614,1
5.4444064378816037,6.514402555416301,1
-3.0877917635171355,-8.8891601396915494,0
2.7774716693622619,2.9195085688671361,1
-3.6457015370307646,-2.8133434292987238,0
-1.2884508161053128,-5.9265474671300336,0
-2.5299131735571674,-5.0248164478264226,0
-0.86494582562623856,1.2287864778904383,1
0.46168719528666324,1.8301982428849981,1
-2.8546734260823965,-2.0901897547078412,0
-2.830749960289304,-4.3999895681179453,0
2.3962868362193053,0.015046941344696307,1
-3.0728825598153322,-2.6152821063957417,0
-4.0109532338742033,-4.06933739003113,0
4.3376662080529869,2.8244612448104371,1
0.65635811425844492,3.6456780327602814,1
-6.3793507562163345,-7.9944325840187211,0
6.6811832151633688,1.5479835421569497,1
-5.6183359248686724,-0.58529889716887018,0
3.101458516409767,2.5381445618187084,1
-2.2936384950599247,-6.4027950772467781,0
9.4644500220758658,2.552633451863179,1
2.9897967845765274,1.6051348200373774,1
-4.4503150495195438,-1.4838570787053345,0
-5.8292788648124905,-0.53922160876853731,0
-0.63076476517212177,-2.9372208387068639,0
-1.7680354630010473,-2.0441993267385454,0
3.3032272128968141,5.3304822544823285,1
-3.3017628580406861,-4.7014791025470606,0
-4.1251121047363819,-2.1484776724691876,0
-2.0288197089692002,-1.3544772127504361,0
0.19479286026326381,3.3345813743901513,1
-2.4768823305719425,-1.9114068826700712,0
4.2754789516180427,3.4604426066648299,1
3.3807223979463643,6.9891717053112696,1
-6.7573403274960171,-3.2730688899378961,0
2.8100999782663791,0.28394249057386878,1
-3.8331938705224595,-5.3262455627839813,0
0.52452043956102967,4.0823369553603603,1
-4.0235060612493889,-2.5076287356070099,0
5.1104531030026372,-3.4215147725796342,1
-2.2503599141076629,-3.8144837725938658,0
8.5273623197906296,2.0411137995474422,1
2.4011692069612565,2.1801345000695909,1
-3.0326378418910891,-2.0817994090037182,0
6.7485131016469957,3.0358072490729135,1
3.9877679471844076,6.2444527828367589,1
-6.3249087434745288,0.15438629154534,0
4.2627589993560289,0.51165448316461992,1
5.3722004493731728,1.44763111860014,1
-3.1101663845800962,-4.0499392851133278,0
0.82470573755881915,-3.3944596311085715,0
-4.0540412328745781,-1.924819288330913,0
-1.9993319992069272,-5.0107887078432913,0
2.620256241871787,6.3358436082457192,1
5.0606998528609051,1.5110061472632084,1
6.0175850770604908,2.0843341792861949,1
-7.968272811213029,-2.8659030976381121,0
0.10278100134335233,-3.3050512310995428,0
4.6865329803131619,3.3988606659081433,1
4.1187302617988877,0.34240258159434367,1
2.3055944054963216,4.4701771216974979,1
0.61950361587634273,3.4443956172329302,1
1.2744154159535155,5.5532363913807918,1
4.6751896346996018,6.130008872572942,1
-3.0008366291065793,-7.7686594320705415,0
1.5239642813084755,2.0767020129251001,1
-3.0572307425797312,-2.4799018996048581,0
6.9437429858292834,-0.97031863153207709,1
2.8473307920159061,5.5305726822370049,1
6.8656142355730001,-1.8153708370159576,1
2.335418687937084,5.4682021931528446,1
-0.28568198681637202,2.944670702831663,1
-0.3240852206722451,-4.8295965666069538,0
-1.8397688551373401,-1.2776739623075213,0
4.8572225061302969,-0.61928526309446497,1
-4.3486055570490656,-6.5631671388324522,0
-1.9228961199387129,3.417820738342805,1
3.5652322650156281,0.29507273398425715,1
-4.1248839176187886,-2.5069701162546436,0
-3.3949363128704428,-6.8042255069282644,0
-3.2411633865837093,-4.7538816717668722,0
3.3618380369716605,0.38952072777488933,1
-4.3305913674896468,-4.205499227664685,0
-1.2758812919987579,-3.1296382772193652,0
0.89094013120331361,-5.7825034808598659,0
-4.7548496487347967,-2.8501490026003737,0
3.7334090020002595,4.9063497599598991,1
1.248347392898606,6.1561596583341158,1
-2.4552520847573049,-3.2378530415573015,0
0.62510954866980262,3.973627563974369,1
-2.0772537371318087,-2.9435344353989663,0
-0.15380943048141882,2.2805359552269051,1
-0.8120115929436249,-3.9742087820050971,0
-1.8756606841368044,-3.3747242018392178,0
-0.53599040312188961,-2.9148500837561886,0
0.79505452403030308,-4.0481502267126706,0
5.1599672137643413,-0.13107900363970248,1
-3.2268725840328685,-1.7378627395504289,0
5.5461208655116288,5.6245366359104256,1
2.4760562577340739,4.885231675367236,1
2.193982846862037,4.0640289561201461,1
1.2023827745489717,3.9709331244721646,1
-4.4762047829032277,-1.8450814720162851,0
4.1239870937225032,2.0046396919612945,1
-4.1300811989342465,-3.0180474434908029,0
-8.2442913754594489,-4.0701769359775151,0
-1.8129402153865897,1.8639950107609384,1
2.7203299180709455,5.0662924039887152,1
4.9663733944241066,1.8913894002388119,1
-1.0717304289984388,-2.4369221166511048,0
-1.5958643174242138,3.2505853600134862,1
-0.054919903379334389,-5.1655294427184426,0
-2.1554998238455605,-2.6428512786667318,0
1.7086256590347535,-0.58194672886234278,1
1.3697699552502509,1.6243661651967871,1
-4.241868799584382,-5.7917314668455075,0
-2.2987676944015933,-3.6131345411193698,0
0.89679406309259768,0.11438062407110516,1
-4.3702432068160659,-4.5259822390240343,0
-0.30750200611800338,-1.5163286910697844,0
0.84222093200372061,0.030685701675685184,1
-2.6645377609868395,-0.70879449763315261,0
1.6155299657691828,5.0156027638202652,1
-3.4821086851313443,-4.029537263742534,0
-2.8554390154737321,-4.2263898525403025,0
-6.3536520444811391,0.035622799918471948,0
-5.4423717873533803,-1.1985274569198738,0
-2.6122956001443387,-6.0251575220612059,0
3.501012348105438,7.7518864614495229,1
2.3715749587832704,3.2534265931976982,1
3.6985347695638042,4.6610167486129193,1
-2.2754860404837247,0.73998631554737981,1
4.299481573885588,2.2864897482817961,1
-5.5648596501724095,-3.3078949973962857,0
-4.807856384130698,-1.6967356887778213,0
-3.9400880570677397,-3.9511634298239886,0
2.343382797001206,2.2258495566784027,1
0.22430147313907733,0.60272879743591501,1
4.5989724075606162,5.1233322233670275,1
3.1308355973266266,6.852837133047128,1
-3.6264263411448141,-4.4196312147747348,0
2.7182855346762542,5.8643167909785658,1
-2.8586513636495754,-1.7599372241903053,0
0.95181099841704153,2.025961472075509,1
5.6306114154358298,4.6496781323080212,1
2.3428975665775664,1.3313100212882296,1
-1.6391678886828132,5.5980581216654226,1
2.21136988518814,0.54181637459322474,1
3.6548954911100315,-2.8130213321119593,1
-3.0475306450708723,-4.9461870307614095,0
0.25830959089035099,0.76099485174995252,0
0.058513778274789097,3.2871201505182563,1
-1.2755099993982668,-3.2160518182181046,0
3.2144396277710605,1.68356027129611,1
-5.0897018936736327,-2.0838726347487015,0
4.0477005861599196,5.1260348127604427,1
-2.2072753149496873,-3.6006589262161897,0
5.392975546403969,4.0096253164905322,1
-1.9276730223399474,-3.6342030264368121,0
-4.3946682256522571,-4.1162505070744473,0
2.0098320866577342,2.9125281326664343,1
-3.5356591734061915,-3.1152032722044458,0
8.7414572966623432,7.2185056081331753,1
5.0606639036297372,4.5122343413286039,1
0.77711734320593306,-1.8338360713804951,1
-2.7960037406356948,-1.4279830357242178,0
-3.6911735007881536,-2.0366176311627164,0
0.99792560376621608,4.6367416307536331,1
-0.4465555785791131,1.489437162362748,1
0.48982749167474982,0.97817024144982812,1
-2.4531108149146679,2.0430029461404664,1
-4.439477124966146,-4.8627341912427848,0
-0.67498826259439548,3.8400334534513099,1
2.5263938244297326,2.7779802797085975,1
8.5749717220328989,2.8517828743133005,1
2.0199217971260439,1.1067012769369022,1
-1.8149433390931586,1.3564889871691088,0
2.0614689407001041,1.8033085289122468,1
5.6638529399161799,-0.055164278868519379,1
-5.4077009321941638,-4.0984188920044256,0
-5.7649592456082779,0.39092299094610983,0
2.8912346094437038,3.7759293630124602,1
5.0399362110515566,5.965780795940268,1
-1.5426696909913826,-4.1074526283110941,0
2.4040560711327696,0.075612649319424019,1
3.9382680166749986,0.65801211182447306,1
-0.68942852374013075,6.4927320950920473,1
-1.5727187591288192,-4.109590371906366,0
-0.60823877127942971,0.0025702304884487326,0
3.35278642559636,5.6482755967993548,1
0.76482278238662449,-4.2538546808640589,0
-4.2495693776333994,-1.2685347033519283,0
2.5268266419576118,6.1654413470979694,1
-3.9395037203385996,-3.4747865952237786,0
-2.9384848453125771,-3.5198257004068876,0
-0.62394073081860046,-6.9322491735567802,0
3.0908970550866082,0.1856563700773437,1
-3.5106912950359206,-3.3182534891847508,0
0.31780362926696926,4.8293799915500015,1
4.8857042511700239,1.4535944790824067,1
4.5938291143341612,4.6754712757054007,1
10.040112101090303,2.3857517749151342,1
2.3072906286690333,-0.57256787143474996,1
0.46732885790189105,1.8334421606092508,1
-0.87094941487114408,0.47303332736678971,0
-4.1936783564704552,-6.0162108718928788,0
-4.5200155752244759,-1.4450283842208294,0
-6.489463273518,-3.632172354412798,0
6.7813636723798094,0.33822354209753192,1
-4.5005526290833693,-3.0723898362973032,0
2.7780353647192846,0.72630670525879415,1
-3.0781200625319847,-2.1336976611899869,0
2.6860110693483659,0.70521570675912804,1
4.3739940268343469,4.8417996499338187,1
-3.1064198908164027,0.63838561576233532,0
-3.4227209907493643,-3.2354726817575128,0
-3.3157006058804868,-3.4324155528292173,0
-1.9191363812777658,0.53162321979846583,1
-2.8750283306188376,-3.2086317227221079,0
-5.9485452672466241,-6.4579509928094279,0
0.43961334569214428,1.9980536733771901,1
3.2981132958971489,-0.47478307455887148,1
-3.4934624552327747,-2.4359483060601317,0
-0.12688316807430855,-4.9580659382269117,0
1.9313967406223629,-6.15142299695448,0
-5.7480362607623592,0.69520574331967122,0
-0.26082387324587719,3.8423545211602437,1
-0.50361137904274189,2.9088502938838681,1
2.3523069733797506,1.5372473140623515,1
-1.5629573158434726,-1.8301727432780999,0
-4.5489471024955455,-6.8568882200944277,0
1.5594849285857908,0.11492768330761649,0
-3.9758988803891637,-5.6157565859890637,0
-3.3965476338481815,-0.13007432178192957,0
-4.8272221798147461,-3.1421521759672264,0
-4.7455447239133202,-2.517020627448201,0
4.307101271848456,6.7162921348196125,1
8.3866686205933725,0.79904258220476976,1
2.5143172576753337,0.52543119778148606,1
5.0918547273914214,3.2885189465586988,1
-3.8166774322145414,-1.6357001543236338,0
-1.8705732337017389,-3.4159913978511831,0
3.8348880058548587,5.3975045736782254,1
-4.3187294821437643,-0.91103110804335241,0
-4.7005405016869037,-3.5749649826762875,0
-6.6406327556846474,2.6566404976242977,0
10.211230585055056,3.048027572564302,1
-2.3276759869253398,-7.7026410983854925,0
-5.0783117580657953,-0.27446484197205789,0
-2.4167951119637916,-3.3904062926477065,0
-1.0505889292371391,8.0890466671435277,1
-2.3340639357091528,-1.238900380142745,0
-3.6991105713100594,-4.0111045964552501,0
2.3347290507938014,1.8969379882798312,1
4.5871808583016609,0.38321472517624633,1
-1.436699598891217,-5.1852249859296595,0
5.0102581827891672,4.8371497838542172,1
7.4140462165966499,-2.2330319063453894,1
5.3240261030657727,0.78061154752551154,1
-1.3057453581684575,-2.9649459555233446,0
5.1891949076242785,1.883500268557631,1
-2.3380470362329451,0.78828774724611472,1
-3.0324277578073562,-4.6445034495316664,0
-6.8947661164263634,-3.1191496598200739,0
-4.2752631496722007,-0.43709328287637472,0
4.1675056404120481,2.5357628407435699,1
0.55417526641045844,7.443500847007372,1
-0.6255471012960574,1.6023064473207684,0
3.6605921672701554,2.3868080171387809,1
2.6421246770566982,3.863686716374926,1
2.8127617675164318,-4.4453010516725726,0
-1.3889826844965436,-3.6941942074101637,0
-3.7875945273092659,-5.4743704589827082,0
5.0497902399169154,1.0334491497659812,1
0.60327312831692703,1.0415432262596003,1
1.1080817408936019,-7.8948062379351907,0
4.7968615873635665,2.1947543854502793,1
5.3125775504401407,6.2348377345028023,1
-0.40665950848355736,4.7018103918854948,1
0.65693566245899992,3.163519990287782,1
-4.075243580770735,-3.2693914964069006,0
6.7487071028307586,5.8191687971213479,1
2.4465636123158427,3.7474838772440773,1
1.8968426486779795,0.095406905859934721,1
1.3002008564944121,3.7504048425804508,1
-0.20727671171491613,-5.203942345787067,0
-0.23087427759207158,-2.9652942814259124,0
-7.1159127707394978,-4.3701187012250076,0
-0.77498412623734847,-2.935353033319053,0
1.7943551645680877,4.1450392392690754,1
4.918374675592716,3.3740801795037916,1
-6.662862959282271,0.086796210659428663,0
-3.0307977396564523,-3.9348491072919356,0
-7.5840324732116322,-5.6541643796637011,0
-0.69334476075299412,2.0348917464455729,1
4.9299616721342412,7.5413604871454369,1
-2.7241084876148141,-4.1756245134757846,0
0.50667826943763927,1.5517248382753053,1
0.39731799045967353,-0.19106607139593645,1
2.9181945435207584,3.515823788973865,1
-2.6093315774606931,0.29129921209039855,0
-1.36693748766362,-4.7246275780593665,0
2.3126450681351534,1.5583653983524204,1
-2.0505369619054328,-0.11171642829165229,0
5.6604387226518833,3.2643671412776074,1
-0.77342515563327607,-1.8091208667632441,0
4.6971871442653672,2.1710220629153199,1
-1.8544618798357393,0.36631891827296892,0
0.6746767881743212,3.7081803164616143,1
5.5347784953041135,4.7633092855216344,1
3.7097618696834544,1.0386201478773613,1
-6.7144225949061358,1.5827257490064008,0
0.014880157909728631,2.8237384089188358,1
-3.8252630708579649,-2.2701954158070903,0
1.490917446043893,2.5787065386382122,1
-3.4591022505265752,-2.0680476353773307,0
4.3052339095222525,4.4190377307383333,1
-7.3267012811775958,-3.5365147072279886,0
1.6559399255898077,-1.4947543844571385,1
-3.0042285244463098,-2.8917289422876373,0
-3.9124144999051667,-2.9328064519288373,0
1.9649168573900182,2.4446446982019872,1
5.7033218822349596,2.8078751670180306,1
1.9882897206991448,5.1289303135996853,1
-2.2502007667871746,-2.2809572845577422,0
5.2748786750498553,1.9574940705104298,1
-2.8265501060710592,-2.4700865583251552,0
2.6943718946797062,1.2315740836696276,1
-1.753112433777217,-1.2167698013608503,0
-0.30519658972409758,2.0280927111618756,1
-0.75942099817508657,5.1311472618508329,1
-2.239807673482392,-5.5468279302165477,0
-2.3372182278671394,-0.59596076852121582,0
5.5520103471779301,2.8602615988168187,1
8.7520627327838856,1.9966862375997376,1
-0.81180156088199329,0.69896807842301145,1
-1.1195928617903228,-1.3306292130236654,0
-1.9543082220055461,-4.6179069006729723,0
-3.3675821668193762,-6.4583988046170848,0
3.2398247190715042,5.7252282388638145,1
1.1533468680635557,-0.013080438107429426,1
-0.96121677933453631,-1.1003261218212781,0
-4.2574614265352615,-2.3486199973533362,0
5.0856549357232286,3.4076181392945388,1
0.53165821572457217,6.8612102055297433,1
5.7835023551619038,4.3942008937118233,1
-2.1669981618723249,2.6368487358452284,1
4.0404373724913061,2.4516346059931871,1
6.8874801400378018,-0.86273990488642971,1
4.6463031321326831,4.0143786127219236,1
-1.5196315832747147,1.7440788451381879,0
-3.0438742855669685,-2.8301593505152205,0
1.9669094906609006,-3.1792754042767646,0
-5.6741525693406389,-3.1192037467557254,0
-3.7884895245925412,-3.8605443158849408,0
1.8084317986924729,5.3475001632838497,1
6.7433929993487185,1.4871756616161287,1
-4.3448822507887304,-1.406906918084031,0
2.706822988692255,2.9278269547070033,1
-7.4096165400389555,-2.3849760092096015,0
0.6562183313910368,3.3840619569553438,1
-3.1789198411585353,-6.5635779052563503,0
2.972260479177677,2.9355544986376878,1
-5.5841499031257875,-3.2794316504633438,0
7.4050130771536589,1.9384214020323043,1
-5.7765526424942664,-4.5881472927681166,0
5.5634706832839989,4.0210678099157064,1
0.1048167430564253,1.9610088035298228,1
1.3546903997003132,-0.58197366983479171,1
5.502880612763918,6.9480025496981721,1
2.4068462152425525,0.70462376144437533,1
-7.5348705791141555,0.39185637348395463,0
5.4141134723081272,3.2395250942635392,1
-5.299311373858953,-3.7751091814690483,0
4.0950274647017313,2.1119315756852601,1
1.5829045612147201,-5.5095195678669668,0
3.3660166834012091,1.4916756889842568,1
0.4449114323028569,4.9967957355134427,1
2.1228996619753855,4.6516778871425997,1
-6.0790787549673517,0.90810567578758494,0
-1.2316503002248735,4.5142658086717837,1
1.3510388405036746,6.5788161630959721,1
4.0268848099024988,-1.1281262836806611,1
-6.0462504125388907,-2.5083981832997089,0
-1.0635733830375835,-6.6240258789012518,0
-1.122963184748498,-3.792048212708937,0
6.1023112325431015,3.3436839387927559,1
5.0864722504666009,5.4361498393435266,1
-5.8738498239338925,-2.4010356924617691,0
-2.3771220786494842,-1.965006330871742,0
0.22655642461812464,-0.60083688786948741,0
-2.3314185288545985,-0.35837921781492055,1
1.9787750472981429,3.0869790519169999,1
-1.3200001773183216,-2.1403488006432623,0
0.3710356233681904,2.7827147035199582,1
-4.3940155607086497,-0.72099860979082564,0
-1.8359110200594246,-3.9139587987527973,0
6.1177341983222062,3.0146476190241076,1
5.856572254311093,-1.8059081401795343,1
3.6548899156743433,1.80674994978154,1
2.6219925148451595,2.5389768029377469,1
-0.2002551996097921,-5.1166791322857748,0
2.6805708469385943,3.3508603539184199,1
-0.78442211459733491,-1.6294624167089107,0
-4.3119903376308493,-6.6369268489540083,0
-1.9175563444881907,-1.7235086038960994,0
2.8379624029555433,7.340078715506837,1
-1.8813775462621982,-6.4347605505640946,0
3.6463402197916266,1.0048105384973336,1
3.8911190082713123,4.5747925219185657,1
-1.149795698808376,-2.5984657132651972,0
4.379587796820231,3.5542544719751659,1
2.648379786377542,-7.096083090378257,0
4.7172863911685212,1.7934238693364741,1
-3.0108884653974526,-4.8598154465370698,0
-6.2640948366910321,-6.0743455916472957,0
5.886023214579823,7.1783760593843997,1
-4.0869165604093816,-1.7880338204795012,0
1.6928511534490476,2.5317326652510661,1
-5.6173864573573624,-6.2071508426989599,0
-0.59754343718452363,-5.2440274224450203,0
-2.3460550639228304,-5.1146751302207178,0
-3.5260596409929437,-1.6136112344161844,0
6.1353917006838508,-2.2304117664166681,1
-1.3622403298778141,-0.31369803736955637,0
-0.29943296391970664,4.5898541638301982,1
-3.4865507703485261,-0.34395447866592388,0
-5.1901137875939796,-2.7725035057177583,0
-0.77202943747677155,-4.1047441246671124,0
3.0400227916779858,1.8291450389766719,1
0.2853676584219178,-2.0085451192793116,0
-3.6063892441559511,-6.4780649766323668,0
4.7099780851274939,4.875791879666596,1
-1.7311587138756104,-2.3702264023959372,0
5.4029599458172353,4.0201149066142214,1
2.553859664355965,7.8467334616659175,1
6.4507933319536042,2.2654806068149629,1
-2.2155559919014527,-8.1144530626954321,0
-4.3771183166923482,-1.6853443307343221,0
-4.6760545265207121,-3.3702533699850297,0
0.007225219688030915,2.3098277561913569,1
3.33452511878279,1.8173171291665204,1
-0.79112192995979536,-1.5653005970665854,0
2.0211268458169425,3.4755829164380092,1
1.0569736026886627,-5.437605785293421,0
2.1434300259732399,5.7101117874619627,1
-1.7127527934859652,-0.97289544740223111,0
1.6434469844816146,1.0310728852582667,1
4.0076136139229028,5.1906186288834366,1
0.72102436052236296,-1.8556000156361636,0
2.0788672588254138,1.49681465205756,1
-1.6197159672970063,-2.3965455149664461,0
-1.9567009727259506,-2.3318361795176838,0
1.7381106609363262,3.9351395293635196,1
3.5796973321913184,6.6223768042147668,1
4.1549763622783527,4.1464595702103439,1
4.2252655758412692,4.6191243322541924,1
-6.6258840565607233,-7.0287613614137952,0
3.9567337339732145,3.2207851222947537,1
5.42936843051673,0.06426245136735087,1
-2.4318509202139809,-3.654644525938286,0
-0.85675181314054738,-2.9056189366866221,0
6.2898467620857561,1.8427825649243996,1
-0.55871129105697115,-2.0896243214193992,0
-1.1036336956868449,-2.8156354778675929,0
-0.36511961100711554,-3.8544778051699877,0
-0.12579865101111354,-4.7126994292129751,0
-2.2125953046715958,-5.0880668850683328,0
-1.3213718142651247,-2.5636897401351777,0
-0.55388941372623623,-3.631001533704695,0
-1.4973463499554989,-4.189461504112618,0
-2.3790773002116783,-5.4313833437217127,0
0.12888299842915973,-3.731808221512769,0
-7.043365214060672,-0.41565132862696608,0
-7.2511407246619912,-4.9305797947087102,0
4.3272998088651242,6.1389911170060643,1
-2.7387551801658376,-2.3649084201326174,0
6.2251872325572375,5.0990384892520471,1
-10.333961781997939,-1.7511506315227823,0
3.5608538198485489,6.5309970453875419,1
2.3292053188019795,4.0266393172954089,1
3.1026030282347818,2.2972496815798222,1
4.355335131967502,5.296873528791763,1
4.0062243275639089,-0.26965802169478437,1
0.70237950477963418,-2.9538001709019506,0
0.12765651233592257,2.5529656807998267,1
3.8888556731267743,0.64620641749100205,1
3.8386265840828102,6.8689288043180206,1
-0.25819035385995281,-1.4339663251164778,0
2.4022384141118831,4.7137640722625029,1
0.24513179900906756,-1.5077443619757731,0
-4.7052653155922357,-4.2147228739636553,0
2.8305036722768082,3.3046960202733762,1
2.6600168035861897,1.5113969292079379,1
2.8854483932961283,4.1851021338136309,1
-1.3627704222631061,-5.7571294875855763,0
-0.84750188154971617,-6.1992994604678753,0
5.7765209767866734,1.8513541592515113,1
-2.0764499447930831,4.1043531555495658,1
-2.9629313181227692,-5.2008871845506484,0
-4.099124307155142,-3.3493853742516562,0
-0.18860791388868359,-3.2035651112979657,0
-3.6987085750537663,-3.1566484321052699,0
-1.079456216342779,-7.1990126428331234,0
-3.4163157762162859,-3.2127020278308192,0
-0.71196487529751362,-0.061573014922915448,0
2.6444658197619062,3.6856275316046734,1
8.091062647374093,-0.14764199195595618,1
3.1232882227284393,2.6606327295990395,1
-3.8026173623743591,1.0942394005730041,0
4.1737560460226613,2.8886211973559606,1
-5.6721603169796193,-0.84893583388651983,0
0.4086399646218335,3.6146836377952059,1
-6.0452496203731894,-3.5630409162169108,0
-4.2857361382813686,-3.4836089697571784,0
0.17275942041791037,2.7345316339335692,1
-5.0773946317695913,-5.430078959745634,0
5.2208610660701682,2.7188381849299641,1
4.5320240328774677,2.3898477964689731,1
-3.3891386462844748,-4.8859434637265275,0
-6.7230470543653897,0.52041970984446984,0
-4.4432049201588368,0.13197719519410267,0
-2.571737046102704,-3.374463191589018,0
-5.9980209652507455,-3.4817176919044672,0
2.3319309545049287,3.2144484440712753,1
1.6491219583395962,6.0340461629008928,1
-0.083030882037315124,-2.6617383206383818,0
-2.6395571059695433,-0.40590927573960744,0
3.6013853299414311,3.7374746633479967,1
1.5221415531096649,3.1697298308994655,1
2.0194800402764592,4.1962855115356241,1
3.9930920507524226,4.1928909714027061,1
0.26028475501589465,-5.4706359682183763,0
-3.3465660596108315,-1.496904318177531,0
1.4487544737343061,1.8940236789726359,1
1.3963458830837099,6.7229936530395795,1
8.4408312064723621,3.4788672860883776,1
-5.0578280331043999,0.27473032767433514,0
-0.96796611196385651,-3.1466225417688558,0
0.9240242985757634,3.0140785370052079,1
7.4796393331489579,1.6846659814005089,1
3.0703111536311116,1.5357244707505804,1
-3.2495700891283628,-6.9723396589481652,0
-2.3052641105079492,-1.0352559632703486,0
-3.6442363898280279,-0.7902231391286838,0
3.588451348690767,2.5180112064324631,1
-5.4640663626964123,-2.2134774927614851,0
-4.1905318490408501,-2.2249950083568568,0
-0.56323256999217097,0.056989066561724311,1
3.0660673315189122,4.4304242904210183,1
-0.088846715936280241,-2.3927801608621402,0
3.2343131642912377,1.7762339881657512,1
-3.7303838139972276,-5.582062093864673,0
-0.69447938170042001,-6.8870041438647123,0
-5.944010049531034,-3.7385291410080974,0
-5.503982062981148,-0.52082308294335311,0
-4.8722442608427539,-0.67392778905391681,0
5.9538619825456625,4.7014305509988645,1
-8.6265257573498531,-0.86883739320408226,0
-1.6752304465842967,3.3598251042740923,1
0.82758867378279755,-4.1331612648425642,0
-0.77795495264904835,-0.98348843137440278,0
-2.9456902174227939,-3.5094096300838675,0
0.3803050692380272,-4.0628791674500153,0
2.9568390735507597,3.7254181593729596,1
1.6779969370526393,0.39084756200008952,1
3.5749364994114718,3.6270169329142723,1
2.8930658430551661,4.640640163905525,1
-2.2359650054911486,-1.0752005973695635,0
2.9419236008401786,1.3472808936056122,1
6.0417875088342843,1.559920699038553,1
-3.0862189958017154,-2.2984554023747812,0
-4.8530957229114158,-0.64255881382320013,0
-7.4390022627889039,-3.5807763945596043,0
-2.8403706059558509,-5.5980276930885147,0
-2.8485032832924162,-2.4849258166824515,0
-5.2008334155492939,1.2022526101428177,0
-4.2307588314171038,-0.69189587593252,0
-4.0994851321425489,-2.4879125000771118,0
2.6303627132115963,1.9541997995008478,1
-0.41456865271384125,-4.3380458059732261,0
4.3316493811336789,4.5568987088720032,1
-1.8260515107086537,-0.72735389070426848,1
5.2813439529195776,-2.2042028482545462,1
-3.507166412803473,-1.3449428580675664,0
6.5326672555852188,0.76024798985712083,1
-4.458198395975093,-9.3404081017970952,0
0.82888444755126534,4.5810502608512964,1
0.38018945990971709,3.1217676912621846,1
5.7507468756210383,0.78385362693760996,1
-5.0353204622811143,-0.99011393061213848,0
3.5060288836847366,6.1344743893507534,1
1.0711523828051643,5.5720052764086638,1
-3.2967071857486623,-3.4745786822645375,0
2.2283700463381959,-2.1763061244174722,1
4.8107520793877825,6.6273697552369581,1
3.1125295526787404,1.5652324138071942,1
6.3629326717616568,5.1631133594166165,1
3.5357604533616831,4.1787580447720236,1
-3.3326953359488889,-1.7644209743460253,0
-0.98937328392153434,-7.6541126677751725,0
-5.7888740690200731,-2.1882955670359605,0
-3.0590952716042676,-2.3675432954806364,0
-0.76973725111488456,-2.7239577936282422,0
-2.7677047950990437,-0.85033049821432494,0
5.0531568146226098,8.6626207466457092,1
6.9860454512589705,0.28887594662388194,1
-2.3662802806675778,-1.1556776361859165,0
-4.7873617870692193,-2.3096260290931672,0
3.8227780379570064,1.701824873744838,1
1.9010591972318396,2.3288666774348332,1
2.0331564272937888,2.6403243783393555,1
-4.5514312375050192,-0.56018838365903001,0
3.2199310423539877,3.0438166241153488,1
1.3272313664879698,3.4269213825456077,1
-4.9498196281835147,-2.1585990953025656,0
-2.9257807755817122,-6.168468948353758,0
-2.4172053836444816,0.2349645508666991,0
-3.3248468677558147,-4.3171222280111179,0
-0.61638369787374181,-3.6758258717245358,0
1.3445028059072759,3.9555221057750138,1
-2.679438031716991,1.9780380041706076,0
-3.603093940774829,0.61230115253056772,0
0.48579897409017914,-1.732242622443829,0
-1.146579664083712,-4.3456517403573951,0
-2.7676859617694127,-1.3336537358217524,0
-4.002303597188055,-1.6305766030219184,0
-0.25617809200591957,1.2449376320003571,0
4.1223904784572518,3.8910532880109794,1
0.57341273275545213,-4.363644559435583,0
2.4508847489111121,4.7753367888818614,1
2.717268634074681,5.3841049162636487,1
-4.8838370782190124,-2.8561646019100824,0
3.0131355657025352,-0.96958478944800319,1
-2.7367719758312692,-2.803722619613227,0
6.0688599731795634,8.0605140308188652,1
-2.6247297233108595,-4.0089141953558727,0
3.6264800069856062,4.6932966774512144,1
-2.1550569330539928,-1.6004471040831305,0
-0.34766899881467994,-0.31851423347202967,0
-4.6258768258560448,-0.98261901332400248,0
-5.6521323723634405,-5.3681317162913578,0
2.3354259793926966,-0.62328986883338988,1
-0.55852495132674118,-7.2948905991869086,0
-1.1697275614150129,-1.5528105921654487,0
-4.6470840623793359,-0.87824477165885151,0
-3.4822898863483469,-5.7654682500830052,0
-4.5664747899901448,-0.0075160312785382821,0
2.4378069008879377,3.4042664009853216,1
-1.0372113619052845,-2.7473435894280867,0
-4.2089746719000116,-2.0402956372804142,0
-1.0553110750734251,-1.9074124100938572,0
0.45141441638293367,7.6331931137697291,1
-2.3030103272463229,-3.7906793478890961,0
6.3772912958026726,3.8901772559038243,1
5.7934842435656986,5.7224887293082718,1
-3.3827784715665628,-3.0172994923283953,0
-0.33777166782673484,-3.2506854855863474,0
2.1206638141940979,4.8274601608612722,1
-3.3149957558996124,-6.1013367705555019,0
5.9726057398530852,2.8681380902074953,1
-5.0131810632680747,-3.9332125249268839,0
2.1642980567777657,0.71092763761494382,1
2.2605305244459366,4.3293738245324738,1
2.0197703817345798,3.9691280385507066,1
-4.7112253510351101,-0.27027932631489326,0
3.0303590936220317,2.1482314351845626,1
-3.4094232277318222,0.10847307966666619,0
4.9514393312793032,3.8274991475894544,1
4.3818042915754072,2.6395567561173179,1
3.1994488858040091,2.3395354884785067,1
-2.9776442283319549,-5.0117838170928701,0
4.2966481725903449,0.57154865517832887,1
-2.7570509068781131,-2.5960713157521473,0
-3.0648689468789052,0.33141967748921886,0
-6.1753719081649336,-2.9277853261694058,0
1.9404234776454197,2.5451845097708805,1
-5.8808638125351349,-2.1164802140232668,0
-5.9083285392879406,-4.6853825471949024,0
7.5709389587208129,4.3058630262413029,1
0.29360893638586782,3.0310134512264706,1
-3.4396894869653796,-2.0540563608780786,0
-4.3175487174008751,-8.6172883735857688,0
4.6559968060939703,3.973137718455571,1
-0.75929135819712057,-1.5101893812872442,0
-1.7315680103214224,-3.9771454959553294,0
2.5456611821983155,2.8893428208255911,1
-5.3990772123035677,-3.4659503111324468,0
-2.3104870979400189,-7.8169181297462718,0
3.2760714624988285,1.4397935812569556,1
2.1296394409165131,1.9542897065359326,1
-2.1071886234828927,-1.0752158511031944,0
4.516372861388299,2.4590382598217326,1
2.2413356855333713,2.9871415500651919,1
-1.7882491198929724,1.410549229787905,1
-2.6030197683240912,-2.2281164374292999,0
2.319405805363751,2.6962926454322038,1
0.20939958101591838,7.2256161468619853,1
3.5462906546010502,1.68081424096859,1
-1.7920160893446533,-1.8317531432392562,0
-2.6440897484636379,-3.4634251671031206,0
3.538489433452237,9.1360707968666688,1
4.1430508092621885,2.6696695749060106,1
4.8589535948496199,0.27570838017479504,1
4.3029354858411022,2.2140679114832351,1
-8.8082347664580993,-2.4500523473446223,0
2.4610682813937994,7.0506128410969682,1
1.7770653972694732,3.1837603016110831,1
-0.74546272888773357,-1.3965230218588003,0
-0.99109061558965594,-2.7560153355707877,0
2.3065739909621716,0.25101604625038831,1
-2.8871399932646962,-1.6869884381894635,0
-2.0890081031121701,-2.6524986911817692,0
2.6546604895666448,1.5610137935486814,1
-1.8496270653436548,1.4734498353177639,0
-5.6144458531572692,2.3952483658483334,0
-0.94674315505589846,2.3438902707191285,1
-1.0121515845251028,-6.3218308901483189,0
3.4393919817188454,4.6963250914628709,1
-5.3493797522342117,-3.1542015980789491,0
2.5698179265335113,4.7781400762149477,1
-4.3619347476729864,2.4972689801224881,0
-0.80327855187008756,-0.56405254820488793,0
-0.213798094618872,-3.7979260450966734,0
-5.4523007049765155,-3.7155310824353536,0
-4.4333963859634995,0.44972073138100965,0
4.5265927643144401,2.8949478929458681,1
1.0285780396546436,-0.059338584588057852,0
4.2453097632631351,2.7760072152294439,1
-2.9497400758286783,-3.377873498913901,0
8.9495201207975548,0.9987439790375765,1
2.4935126535077967,4.0770863317505217,1
-1.6340111963963118,-3.1376382093483284,0
0.31458558598982789,-5.2776464516640829,0
-2.3444529144642337,0.50196274400482288,0
-2.4124714078571357,-5.9720035250001224,0
2.7155225248381147,2.6025654011558781,1
3.7711016363081589,4.1678771037389382,1
-3.1539565973847927,-5.1216374771918325,0
2.5450287152729927,5.275688859445502,1
-1.1612731368917604,0.88171570142051925,0
4.1912005252178597,2.6729409065203318,1
0.0018716767362256803,3.9329163614285472,1
1.4068349416185173,-2.9445782113117618,0
0.12592948520801928,5.4375327046355224,1
2.2047638978096442,0.70820193513051466,1
-4.9099929896592087,-2.8185097694756851,0
-3.8431070188005756,-5.5639286500895064,0
-6.2984941724106882,-2.7259609738923873,0
3.9012461858174099,1.2348129846775469,1
0.048335577804683005,-0.12766615671918791,1
-1.6639217395496626,4.3197228174133686,1
1.9226008050210492,6.8662927342246487,1
-0.36999282431145097,2.1224543000970022,1
1.5955269016762497,3.1450806015530359,1
-0.98652625691144724,-4.897385601955353,0
-6.6873676523609031,-5.9162126289060772,0
3.5330725627292714,5.5809344399274936,1
6.1816713829214542,-0.63311894852993289,1
2.1590862353322473,7.1096118175573446,1
-0.37066267250411267,-3.3889210066573221,0
5.8538047775035587,4.017741445425,1
0.1834103431052676,7.1502951824827088,1
-5.7945834768048066,-2.6074836938456647,0
4.9459131372977811,3.3174009927200228,1
1.4571300401179756,-0.0057383355633873201,1
0.87940172763832924,5.536001738417168,1
-2.6411149196086239,2.9956944726867381,0
-5.9493850752455852,-4.3904201567347858,0
-0.57996602782587825,-7.5802219378053559,0
-3.7851136020877494,-0.49508879123081639,0
1.0130000258968348,4.6473924588991302,1
-1.7471275481805164,-4.4141513877431491,0
4.0321604619851286,2.4765540398316288,1
4.2239335489688337,2.3928981974632704,1
-5.8352091938788559,-4.3044097419477376,0
-4.1110341998149833,-2.7824514392116906,0
0.27951020210826005,1.6006633469307761,1
4.3809289467540369,4.8446587241746801,1
-5.1982097694165441,-2.4213334193414,0
-5.1264487995166395,-5.1506993748062033,0
4.7009350931303864,6.0868666578115551,1
-2.7153761702576253,-2.18302591773914,0
1.5070501300310537,-0.41075624732554727,1
0.87176396839305781,0.55444814044998703,1
3.2622365740451693,-2.9218829170198379,0
2.4762192705331101,3.1314066043831441,1
-3.6670004511499048,-3.7951377733200928,0
0.5646431959566045,-5.4495499413716662,0
-4.1789129971014729,-1.1683345036392239,0
-0.72419153607658737,6.8864211609806389,1
-4.5179509106459737,-3.9986460081477828,0
0.97843599825919636,1.9467885101044768,1
-6.776504164016341,-3.3337594731658906,0
-1.7669025377522871,-6.5405802340289521,0
-0.81348217014230828,-3.0966805735650853,0
4.0642720646963788,3.4074212914856239,1
-4.2173915030746763,-5.8266019502449851,0
4.4231741955054016,1.5657868130213817,1
3.9777538781982305,2.171210699997002,1
0.41095931623269655,3.8335126473824364,1
-7.0915524685150224,-4.1390231444368348,0
6.0514938379554311,3.6387225427236363,1
4.3335281295307997,1.387310901065095,1
3.8595964353666217,-4.8675412858120506,0
2.1183379852512192,5.0055115091078193,1
-3.7318897770161534,2.0572206435963398,1
6.2712138039749039,-2.9955199076089896,1
-2.1486641857868936,2.079359065511782,0
-2.8052315786975859,-6.8746719240096468,0
3.0040387817585819,4.146362418292707,1
-4.6777859306175813,-3.6585672034805965,0
2.6950225509070096,-4.7094059796100103,0
0.23387962570400544,3.6057877932467775,1
6.2049733127774136,0.29218366670335749,1
-1.0948059967052217,-2.2645898743852966,0
-1.2468353147930276,-1.4764571722934421,0
3.7726586505545137,4.6270058735489039,1
0.96219545081446345,0.99244131113081835,1
1.4783255565818272,1.0020394632313379,1
-3.4230972669135507,2.522430164297953,0
3.2318022661574224,4.6626883484090342,1
-4.625596677886838,-5.0958691281535309,0
3.0437128565178901,2.3260327991092993,1
-1.0597928616507835,-1.5757331801480157,0
2.1177798000842478,2.4311122910655003,1
4.8251779468754208,4.5366665505341475,1
2.3202709944412336,0.58308509302025024,1
-3.5378098744229387,-3.2534744175309864,0
-4.6080808440811545,0.34434529922008261,0
-3.2919427919783235,0.89031673860766558,0
-1.6981481456925054,-6.9171451469888856,0
-6.9779853427327261,-5.9959616206793669,0
4.2227331522700204,5.4597552503282829,1
-4.1179515146882739,2.3782136350875422,0
-1.0518144427368314,0.25658966762224855,0
-2.1408620684256379,-1.7356953164353921,0
5.6351741787981702,6.5774167684616689,1
-3.6531388688120781,-2.5234477683771264,0
4.1887566235986196,4.8928953713262304,1
4.5968792832277234,1.5855952497470378,1
-1.6820955979057932,-5.3070469329202883,0
4.7740931730182634,1.7328177396827915,1
2.6051440417985541,5.8297277161038226,1
0.28337887142258733,-6.8540574875998281,0
-2.1496609859704034,-3.652217099636371,0
5.1785323150452722,4.1879271884274374,1
6.4377769945302248,0.74392131857903676,1
2.3276736515622938,0.95999765963905936,1
-3.0861216437799923,-2.3517544760219176,0
6.238447014692678,6.1446411192781225,1
3.4767599173235268,6.0767408632784417,1
-4.6118187179892356,-3.6028537518590937,0
-4.4742322673513799,-3.1070813697563415,0
4.0488165991543115,1.7431416339835679,1
2.5532001596728735,0.18125188626489708,1
-4.9393007879075599,0.43643045959059634,0
-4.6775462861300641,-5.903032560953366,0
-4.5173116848322845,-2.9127469246042015,0
-4.1310683783796147,0.847379189778799,0
5.2690055147728554,1.7712117340970182,1
5.171760776604394,4.9102940950762912,1
1.8299811481180246,2.1712766596685364,1
-2.1680577182991345,-0.41502699532765597,0
6.5864279242309127,2.8638229403696869,1
0.64433903066114029,2.6077914814856324,1
3.0312248434790003,4.3105186373317483,1
1.3693871076995958,2.6120927337851514,1
1.2488821340736347,6.7155673414116288,1
-0.068744360582579489,-4.6638855657622331,0
5.5050240969687643,2.9946469208233455,1
-7.1056214597609122,-0.85330063861794647,0
-2.5591651711840648,-4.4604425472214873,0
-2.0980542917142468,-1.6587221497446609,0
1.1796598422312774,3.273426020435696,1
0.57080620539565263,1.4020819479520579,1
-4.2532291329031988,-3.2971807420779951,0
2.0360002228218934,5.4591438745049405,1
-0.8945161261258856,3.2538596644049664,1
3.8295636093799246,5.0665634564611768,1
0.9219849933267521,0.016803067230476643,0
3.0060236537570693,0.41230177672213797,1
-4.5074558263940521,-1.5280692968261869,0
-3.2852558267561047,-3.0885176479680525,0
-3.5815922041710841,-2.6526656326477651,0
-3.1334549175572834,-2.7379586210342146,0
-0.98573070235089011,-5.997605352282382,0
3.5308848636423384,2.0682561458642543,1
-7.6071692283469066,-1.6520968608527153,0
1.6562929585425603,2.3353989674309288,1
-4.7921638526782102,-4.3482041890684986,0
5.4852642041278354,3.7496064084389551,1
-0.59053859470565184,-5.4739329376104351,0
2.3031314171129011,5.5353311926328237,1
-2.4753524802550833,-4.8558231411865984,0
-3.3324645378282587,-3.6377370019672997,0
-5.1268856810680035,-5.0070158358964587,0
4.6726031073386638,6.0622319370901803,1
-1.7003158043628233,-2.9708381230806888,0
-5.5326737948598668,2.291010116284216,0
0.96137664514485,2.4635205837208223,1
-3.5579612581333273,-4.749454435383587,0
-1.9794238786926681,0.22364123943554715,0
-5.2951292550071312,-5.430024938973486,0
4.5063004538410976,2.1802395182161116,1
-6.3322284085034291,-2.64419632560924,0
2.9825867757221687,3.9080039460351479,1
-2.0106720372661795,-5.2848755590866947,0
2.1020424434564924,1.7055373597933883,1
-0.32744322993342889,-3.136549416220173,0
-9.8009815972658973,-6.5784381476501697,0
3.7900737996211822,2.8077979429877358,1
-5.2078120710007063,-2.8958472881692701,0
-3.3029748105132475,-0.90764699809332861,0
-1.5238276274694063,-4.742097678920878,0
1.184526716398379,2.3372442182735877,1
-4.7892753261320253,-1.8814547005340529,0
-3.5675388105752375,-1.4710173210939719,0
5.5859363957044899,0.58451234639556748,1
4.4042936705408211,6.2903039669590308,1
0.6518988251444231,6.8576479474749954,1
-9.7338070793584173,-1.7765844682468808,0
4.7211658100587988,-0.24707897668434642,1
2.0044804309965696,3.2393163876884863,1
1.6548030493395902,5.753478349539991,1
-1.3510536540054234,-2.833772744180187,0
1.5636283252563374,3.4080932251558953,1
3.211606043406094,0.8748211442495446,1
0.64980409292305508,2.592021041956432,1
-2.0717248829170991,-6.035440782867715,0
1.1915473847617801,3.214698529945462,1
1.432905984980974,1.451653549196205,1
2.2811257791014747,2.0235149133913097,1
2.5065646278537912,3.8062359929844991,1
-3.1727612450560052,-1.9383105897873243,0
-3.1954235097659343,-2.3759188270914784,0
1.2074593581252757,1.3365988662668857,1
-4.6274081120616604,-5.277550885469795,0
-3.7767527838928632,-4.2516452062673622,0
4.2266786864453021,3.466167437282071,1
-2.7580952537755956,-3.3721806131771395,0
1.8195967873165804,5.340326086583536,1
-6.0838860588631487,-0.65859503847256606,0
0.5853015659062426,-2.9354638801668829,0
3.7711666998008329,3.9060402180902152,1
6.0623637706651676,2.5188015458860811,1
1.3917502207614696,-3.513903210486828,0
-4.0235740953983381,-4.7314279324265858,0
5.0890225869932806,2.7369084974731308,1
1.9158886301628515,-4.2114239575221379,0
2.3047380486787405,2.1291417844392435,1
3.8394047573487935,5.3253674207486164,1
-2.720879705912405,1.2488146174607564,1
-1.1577664003650237,-5.2510467865541619,0
-4.8880721975556272,-5.6701389211125921,0
-1.9884609381656171,-4.0314370123726775,0
-1.838518432153724,-3.9728949864499548,0
2.0832321745909201,2.31370610616881,1
-1.9078882884229553,-2.953047439780303,0
1.0597760313582734,4.9052336545212167,1
3.986618294190686,1.0964844091849308,1
2.4090758576797353,-1.0636010662508086,1
-0.54073880219141079,4.7607931242905357,1
6.2184017596003738,-0.37996418227500062,1
4.253789988092751,2.8949378885611448,1
-3.671570014367751,-5.9498796180479827,0
-3.8433843406945742,-1.5772425814001789,0
-2.9853363070544137,-3.0654962930034775,0
1.413962428769358,-0.59821631684213106,1
3.7769989740647008,1.8218311183362441,1
1.8365466726106086,3.2522862621604904,1
-5.8155007666250587,0.68741303093542916,0
0.037567949080186569,4.1084801732637377,1
-2.4477397973711978,-0.01270420103804959,0
-0.12167002109098091,-6.1806535575536339,0
3.6195451771196887,5.1171946960038337,1
-0.54945772493545064,-3.9686104132205067,0
-3.697311531583376,-5.1735057644795326,0
1.4619226495277517,4.9328247522271802,1
4.0126286698544886,3.3789145436063954,1
-2.2313518107927894,-1.8550287197138293,0
2.4228081560488115,2.2676096274047799,1
-3.3978276787040302,-1.5060529724348288,0
-3.7986012115260444,-5.0034791386335282,0
4.708635860136603,3.3204825454328168,1
1.3408097410770401,0.92586474690262133,1
-6.4652246229319932,-4.9901018402479185,0
1.1333887001198457,-5.2369805384926256,0
-1.4495101507094406,2.8291602347499989,1
-3.8063319790033825,-2.0136112464766049,0
-1.3652400629362673,-2.787951250566989,0
-1.602055427133654,-0.83852027695570008,0
2.9434400372460527,2.5308383711239193,1
2.7727903307699799,4.3704473145824547,1
-0.29622491225780134,-8.6577629031626593,0
5.7503856178606663,3.8636369965065018,1
-2.2494169178432606,-3.8591659608006346,0
2.227056667596198,-0.67980664576939365,1
0.91394765012474677,3.4103302244067435,1
2.3013908774397489,7.3596151397434788,1
-4.5733795507353152,-4.4022790492391906,0
-1.0820132017170403,3.061068004780227,1
-5.0270835563414824,-1.0668604798436543,0
-1.6206795244858645,-0.068184100248954493,1
0.7717671081346249,2.9331129229448361,1
3.3271145939811353,3.0194683812618774,1
0.16618908976447555,0.51689436113217369,1
-3.3586543872654313,-5.6994154405234347,0
-1.1567298263801984,-0.27399538914863308,0
1.4063919090848769,3.2584056646649922,1
-0.019562182487393276,-2.9374207588030079,0
-4.4108384207671181,-1.8591511055826093,0
1.908799257247038,-4.6160173341261528,0
-6.0404668702867124,-0.50793309455203683,0
1.4995600462998417,3.3735457885003228,1
3.2816259612626291,0.45529691742612188,1
6.8483391820400277,0.6889629853212007,1
1.4797733177755719,-0.71908687877989896,1
3.499031661863266,3.4360572252865031,1
-3.2397348235249215,-3.3553607995748225,0
2.3540864161707917,-0.55479873241557387,1
4.7471775088911041,6.8137077109099824,1
-2.9119531177962914,-1.0794702404318266,0
-6.0648387269758199,-3.103711581908648,0
3.6699331963422996,3.8997858145860391,1
-6.7008450018612384,-5.284877786953901,0
1.610449510088791,4.2014370464435089,1
-6.1305724685312875,-2.7572148129505027,0
-0.70131893119111988,-3.210764055257477,0
0.42499640716658194,-6.3405395931126058,0
3.3573983658625921,4.3246471484547744,1
-7.5077000220977483,-6.1728285977185697,0
-0.23284684475619022,-2.6408902969263282,0
2.343664565229354,5.0345987981635369,1
-1.8748734445415074,-1.2514633695304833,0
2.0858621380811351,3.8979931030100765,1
-4.7572323896750017,-6.4666937874063812,0
3.9160304614876082,-0.84658697317882714,1
-8.7893595384457264,-0.62645061701992777,0
-4.8446021542135522,1.1266728481683259,0
2.6556123570349821,3.4239107838928229,1
3.1446998971879991,3.1260254250550825,1
-3.9287579386523461,-3.8270079692490411,0
2.9718552663376805,2.4840955044971951,1
5.4234097583054197,7.1116611107656773,1
6.6387875737291697,6.3308126276876937,1
-1.2082347803193865,-2.2350739860391533,0
-3.4906529052407311,-0.57959875046081955,0
2.7884562427216637,0.69986699157958787,1
-2.5930505081322957,-3.2141929404165701,0
-2.3583863513878178,-5.6630411533001528,0
0.062139264746332579,-0.59790316520270181,1
-0.78513030582867849,0.67016354463566774,0
-0.50307105627464077,-4.6613234647106934,0
-3.0379601282386801,-4.2135722021691322,0
-1.8651102249799936,-4.9317224510529378,0
-1.1650525995172922,-2.4783163048434824,0
-2.2603958266425144,1.7885299899354095,1
-4.0639040553990426,-2.6387283785055535,0
-3.1872631234386812,-4.9600170293573145,0
8.0131586478321175,0.65734245819674042,1
1.2716140996156113,0.91257743232975752,1
-1.5448254923756777,-2.8453063631783091,0
-0.62285512623546513,-0.89503653899581082,0
5.5100827327319184,5.2203104277217456,1
2.8299326305245258,2.0483571403448044,1
-6.6502293193952529,-2.6427173630007865,0
-0.44659564919314709,-0.36680939731784079,0
-3.5422806883133333,-1.2136729268035986,0
2.1894865904064056,1.8149688154737944,1
1.7089741241937637,0.38129616560745427,1
-2.9981151228799701,-10.078271411757914,0
2.6814735921822694,-2.1275306332553328,1
-3.5049896941287297,-5.6441491705873235,0
-3.7916665585944846,-0.94359747807467631,0
-1.4218493414152142,7.7654138355811355,1
-2.1779592897460658,-1.1939202107983353,0
2.7713608080820755,0.9756343546599453,1
-2.7456500581178815,-5.1764533587404742,0
-9.3904833639222165,-3.7363642057690543,0
-0.89508188097165986,5.6326953598074354,1
-1.8324963657713438,-3.2064018485559869,0
-4.4331998078224535,-2.4408526132781025,0
-4.7588271327068714,-4.0535948006618909,0
3.4609894254434224,0.3946125687850297,1
-1.7869896419398583,-5.3278307992778995,0
-3.1975824743933923,-2.5345450373445928,0
-6.75821699539717,1.1462960727395517,0
1.9997508377560178,4.6782320263866799,1
6.4852271112706781,4.6413784611145523,1
1.4503289900578646,6.0389783289841539,1
-2.3451335362347909,-7.7041578181722175,0
0.95793573358535777,3.3568644798207758,1
-6.9904105931570477,-2.4855002567189866,0
3.3001971383354052,3.4288145532403713,1
-2.9059675342491067,-3.331398399563152,0
-5.7248025916908798,-3.5648161985446212,0
2.2257543420620021,3.544837626033746,1
-2.9054476593974714,-1.7438110886226426,0
-5.806139155772069,-0.58285210676075616,0
5.0624107344098093,0.86658354533731563,1
-1.0947101410535658,-2.6549290600412747,0
1.1574803087581982,3.849408779629603,1
-4.5398233015553062,-2.1135725844971409,0
-2.1133615999171536,-0.60671488186333233,0
-1.4243621993054061,-3.5255685375504755,0
0.78383780742394693,1.9250384530896776,1
3.6843285051192147,0.12917262873072,1
3.4761930587609924,2.1699441025136892,1
-2.9878858232630838,-3.7620151026141833,0
0.60055908847860806,5.9457352377249739,1
1.1707065172600388,2.3892798468667689,1
-1.3581724626136908,0.057551559399762198,0
5.0610473716712079,3.2484833593286773,1
2.7680887660845328,3.4625057301192781,1
-5.1411266131791935,2.1990085335396117,0
-0.61919066749759732,-7.2483932826071866,0
5.0934336090890326,1.4110302847026337,1
1.5806266717812274,1.0634101062363783,1
-2.8382527323503091,-4.9448648357883043,0
-4.1310260411070496,-2.4696337457278466,0
0.79321857536648466,-5.2746255135788971,0
3.0811005593760221,5.4939883449242011,1
6.7418891564378605,4.8399358556890197,1
-2.5461653539938882,0.30104848301514586,0
-1.9409461037622615,-5.070562961700789,0
-3.7904090878909908,-5.358071105168789,0
5.0831676121222236,4.0140681631046942,1
-4.2394530653772415,1.8217633558061497,0
3.3746971710278428,3.8730926015240335,1
1.5761453908847081,-0.24971631247316894,0
-2.7029325451131201,-2.9249302927458425,0
-3.8547085928555176,-1.3289086949555893,0
5.1202811944926427,3.9876262067478043,1
1.5859059569739453,4.7641375964009889,1
-3.9227252501558247,-6.4166899024166391,0
-1.4519390378590598,-1.0735739304019238,0
-4.090128075218459,-2.7475704505392322,0
-6.4853670015693847,-1.9862481996698858,0
-2.2644015459940707,-3.5781857887948494,0
4.1479444753758221,1.6718738001661726,1
4.5870200949694073,3.5993958934733135,1
-4.5322990409123562,-0.069338834066248189,0
3.1653615488100932,2.6611724174362825,1
1.5993212659547777,-0.1327280475967525,1
-4.9930994907961566,-2.4238409815234929,0
4.6296535978840723,1.6030921006107215,1
3.9114450466614805,1.0590296741482514,1
3.7325285178572907,0.91417229993885263,1
2.8470744155486449,4.7789322416679649,1
7.0809553673211747,3.950719834952702,1
1.4201358907343211,3.9175928280702164,1
-3.0657894189965571,-2.0773371843856809,0
-4.2748386784122303,-2.1899187756016527,0
-2.7106467856744745,-3.4383528732470161,0
3.7631972031112921,4.284497152531987,1
0.24554597167303838,-6.8382858552250454,0
3.0101123451906249,4.8179943064460744,1
0.96865871481796262,-1.4591736391703209,1
-4.4108950586838311,3.1608072873295332,1
3.9630984744525546,3.226396242436286,1
2.3079345177080866,-5.2235605668925196,0
-1.55728493554231,-2.5939498431732901,0
4.5382121960557402,3.5071286901700578,1
-1.9932666130319552,1.473881325244256,1
5.2800500711402805,-0.27452331196082902,1
-1.8715860759176641,-2.1783377855465251,0
-4.5627185971854676,-2.9171484547452686,0
4.6100369221503081,2.7266395408202517,1
-5.6909254969994008,-8.717922252368334,0
-4.1046096041428948,0.27490414727763257,0
-0.19819168266727161,-4.3147224211621884,0
-6.4612235038519028,-0.79563460413619458,0
4.165602434346483,2.5517879544139928,1
-0.13540439323661735,-3.9257462238729754,0
-4.1572978961356393,-3.0374976957359894,0
-0.89189565527242953,-1.0653245820045054,0
-5.0455646010442718,-1.1555279553007261,0
-3.6296895091112882,-3.5583237093596787,0
3.3809674955026496,3.3126166634573293,1
1.4233112398541214,-3.5252818436440543,0
-5.3856272822035063,-3.2326263790871512,0
-1.0386237307953552,-4.0476319186703531,0
-2.0938153826609183,-4.6769867278246071,0
2.3352590477411073,-1.4925934559686631,1
2.2262879028011251,3.0852271111589538,1
4.3898567668925947,7.2878518046149674,1
-3.0822557438016265,-2.9223946392548443,0
-4.8581833781404562,-2.7938188734977918,0
-3.3710379216461415,-1.9436647237202456,0
-0.040105566813067206,4.3647362614875185,1
0.53485756731211875,0.17376360350174025,1
-0.30152577079788845,2.7799692704227059,1
-2.8666214533279155,-2.4106622854500355,0
3.7185187176039687,0.69255804121969211,1
3.6194835123371965,4.0833527342275282,1
-6.3449261747096974,-0.32433811494822296,0
8.41924919350636,1.6385250151974566,1
-4.2122568656240578,-1.5738928912581498,0
6.1219818939887638,0.35939282253260618,1
1.6227890611330438,5.8518981146011635,1
-2.4522732323096683,-2.9383211647553948,0
-3.2940442976672384,-1.9264608255105009,0
-2.9431026707684702,-3.9429958191258558,0
1.7896004948693984,2.4105258807581627,1
-4.5975573119476021,1.4455339195886836,0
-0.55346657116744735,-2.0098047628696607,0
-4.9608090151876789,-7.5067846943394656,0
2.9666865087456524,3.378570271433178,1
2.0753716209796771,3.6708296084402408,1
-6.9216596237785009,0.85747603355086621,0
-0.43385988354776828,-5.1923181102283316,0
-5.9621880200270576,-2.1268696039570294,0
1.0871421752478119,2.975168775502532,1
-7.8668467156272399,-3.9693289243007785,0
6.4194613105888241,3.2958038444575002,1
-5.8690444966211368,-3.3563938176723149,0
5.2957903342587072,4.0133503445408065,1
-0.18289732159733818,-1.3094277693215985,0
-3.399446866956922,-2.9014852483450264,0
2.7771290322663296,3.8724376252493129,1
5.3528121447070101,7.0519746043625355,1
4.5881132281107195,3.8249018356338613,1
3.9996309798956631,3.274287718016712,1
4.9932616886778707,3.3510871973140861,1
-3.9573816514953561,-4.0569562986742849,0
-5.5652559069634684,-7.0611711059217876,0
4.1576487513091092,1.5312800041567962,1
-1.1196743225288639,3.2009283072394039,1
-3.2913879831183936,-7.3418567434454998,0
0.15575177179274124,-3.5316104939199153,0
-3.5943731954077807,-3.6884432223387003,0
2.3134204638663913,4.2795126333462612,1
-0.97281045712923353,4.3925369223107138,1
1.2916656651059859,4.1754205779179845,1
-2.4496172834729366,1.9193497889816493,0
-2.9852138885710069,-9.2539156779920226,0
-4.7046530999286214,-3.6892604560635727,0
2.5481564010612687,0.74146325326423579,1
1.8855306488108281,4.0801538177166679,1
-2.6087393250912325,-2.7937947622463484,0
-1.5316395867592449,-8.9760054476102393,0
-4.1458430262612938,-6.5480472435795232,0
-5.7810775784808204,-3.3483788356073769,0
3.3784872797871319,2.8534461318285653,1
6.6140966394120477,2.3276918234214916,1
-6.9915427589120096,-3.4454972006715483,0
4.5521886075290512,5.6175710660528786,1
-2.3350529445569679,-8.7609652962385525,0
7.3339309937133041,4.1566441562323773,1
-2.1067706099538008,-1.1810145981180229,0
0.4735264110924815,3.3764599761415748,1
2.8294942340571234,1.8015306384844423,1
4.4711330695142681,3.2075193323000541,1
-2.7380881315086567,3.7753923837182293,1
4.4176910711645494,1.2464386604436755,1
4.1182287263919575,1.1049474038877736,1
-3.9969729568129528,-3.2920450525238842,0
4.2838924404345793,4.0593030278815876,1
3.4576209764979331,2.7042762212977238,1
-0.34452784633834233,5.7170748269022287,1
1.721137987397408,1.6092366625559167,1
-4.5811372265658861,-4.6764006896628496,0
1.6954759138352129,-3.3515370473544297,0
3.7853907913715146,4.8471799725914844,1
7.7156189714495707,3.1015182897920619,1
1.4600201594652344,-1.3887503082948012,1
-3.2705824199415079,-4.9528068136788583,0
-5.7326149516050009,-2.7624084724256615,0
1.0507136403199453,5.6512599602893534,1
-2.5576102877163431,-4.2021683081935306,0
1.2737427834590012,5.5030080985947771,1
-1.8257036024831232,-1.3450769431324121,0
2.0025296889096977,-0.58727204695875201,1
-5.731563821182653,1.7555186682600494,0
4.6230329139077515,7.1337817281147959,1
5.3156637563057103,4.8537303578424185,1
5.2128091611685043,0.77335945169840903,1
0.35700879303799748,-2.5969001287290396,0
-7.3961230222376635,-1.6952843304259313,0
-3.1409021733547182,-0.96922347715085877,0
3.4967900940199361,-0.75948129301241574,1
1.1605613817843441,-3.5411610913941338,0
2.6002087769942519,3.6196569820500355,1
6.9929875625620959,-0.51864672411918411,1
5.3908089131917354,6.3527757838284975,1
3.668500681764804,4.8569957402183253,1
-5.6765909254399762,-1.5875317251820031,0
6.0413586538060988,-1.3088889140832833,1
-1.1308462199442544,-1.393835238242163,0
-4.1087820309315584,-5.2469739332811116,0
-1.8880280685401785,-0.71152098994364588,0
-1.7125625373323912,-0.75847092927531934,0
-3.8893614905755758,-2.0953238173998816,0
-4.3936840668731652,-2.9075923009428108,0
4.5019308173323571,0.56727132586500773,1
1.7179677861319145,2.9187270603042239,1
5.7298133926852888,4.5695098354015133,1
-0.58776759823891567,-1.5423970764634387,0
-4.9538079959807355,-4.5225149126264874,0
2.7773770016761401,3.8514302213161695,1
-0.60670037428364498,-6.1751374684901199,0
-1.6455454371284381,-2.0611536623223761,0
-3.2168630506023952,-3.1390364176263517,0
4.8582633277838525,2.4459405165308565,1
1.4449464415092517,-0.79740205737691339,1
0.52200749130139812,-1.9215870954319128,1
2.8038731100793983,3.8385679914624653,1
1.5057181470858063,0.051091414375061373,1
-0.60396742982347673,-2.1633487661604689,0
-6.2745477249084427,-5.9475689454998477,0
-4.8576589137113437,-1.5553526316420843,0
-2.4841087251764042,-1.4620190197860075,0
-5.0585667439865354,-2.6095682888208316,0
6.6544342311402573,1.763048176856715,1
-2.2551708698953665,-5.6501252200986833,0
1.3778600709306099,4.4346306760290322,1
0.58874652584149123,1.5731617820032597,1
3.562006827700015,5.9645973497123297,1
-5.0334974952082003,-4.1479766613880091,0
5.4440540397269501,0.65004462347794734,1
1.0277124462302281,0.11729315182795252,1
-1.076269731141057,-5.6731725955913159,0
4.7755974933357948,1.9507541361729439,1
5.9744570812570981,2.3606129750572329,1
1.1644202390868914,-1.2899238962868891,1
-2.6905676696026517,-3.8848578625459393,0
2.4379051194707912,2.154933953023578,1
-0.5035309133072623,2.9235295296759651,1
1.0223753564923901,0.6153459435453934,1
3.7654200285041877,0.56208481569551383,1
4.004395961362281,3.0792449970426761,1
4.5007557330762831,2.4478638627029601,1
-2.7798079382041725,-0.80316159724079839,0
1.4341841864832361,-3.9221172512218834,0
-1.4720377670728626,-1.2898691801001974,0
1.899859393987223,-0.62245866254303595,1
4.8107611434969915,1.995232569388153,1
-4.2351736954401495,-2.5654160696208805,0
-5.6635074512070638,-5.9805634974011497,0
1.4633599481972566,3.4374638867474436,1
5.4693663673502044,1.0067868043415427,1
-2.6294937817195625,-0.70820754696583377,0
-2.007917759552261,-2.5363662629170922,0
4.4323846017601429,4.4893419709198223,1
-0.96447322553360149,-0.21719865900292401,0
2.2083341059473884,0.78450097594417079,1
5.8657621504791653,5.613903370935633,1
-3.6324981823236722,-4.6594982833738223,0
5.6152961257609224,6.8774648297151852,1
0.78223763119691592,7.1316404809766105,1
-6.3031071011758817,-0.058626442136238577,0
2.2010686402244128,1.6005015641557425,1
-1.9498324310140964,-4.7332701983354779,0
-8.0080937662897931,0.87044137766711938,0
3.0326720010930504,-1.5531124149244979,1
1.4222396380673279,2.9999517042587911,1
2.6204110991096443,1.7350243018970228,1
3.0599154822752563,-1.5466618817535256,1
-3.1633571670629053,-4.8442592545573966,0
2.9506374000647222,-3.7866832484635915,0
-2.5210169906071918,-1.7461866196871132,0
-1.2771170952829694,-5.8635434391340286,0
-2.3640615803539466,-8.9366462489521759,0
-0.87624976299052681,1.3615467328521227,0
6.3214461391533128,5.445547517112507,1
7.7165692382422382,5.262738337910279,1
-4.2693642509790335,5.5466712287774698,1
2.7267245693692548,2.8231756850331897,1
-2.9879760386688892,-1.9617752612766737,0
-6.4191556122505897,1.5320158323393001,0
-8.3317218212140425,-9.245508945841781,0
2.167684483903038,5.0836919603466804,1
-8.0438160549025763,-4.6546943559632794,0
2.7062101882237775,3.7408139199943178,1
-1.0469542329812396,-5.1178916396280183,0
4.1858416115310098,2.9670334920256645,1
-4.7455183570052313,-1.4958514868704309,0
3.919339659868895,6.103349315785044,1
1.2672603231576776,1.494429012927514,1
2.266780365882477,1.7766274761267398,1
0.53420529709675435,1.70969007181812,1
3.667270160592297,2.9903910469750525,1
2.6510099633218513,-0.088654194409608422,1
-4.7506292402284398,-3.5467536878230099,0
0.051765303941522234,-2.0854585566431325,1
3.5507334749037285,5.0289273922684119,1
-1.0388433033043509,0.36938379193390469,0
-1.0605157792507693,-0.029786850220407501,0
4.490224932114308,3.6589513255426174,1
-0.6263621878641854,-4.2348376956593556,0
-4.8827387778055993,-2.2824034487728109,0
4.577968645992601,8.3992497647724775,1
-1.3325892981439531,-1.5585610797659377,0
6.2669633371371738,4.0023340916913535,1
-2.9179413706502606,-3.9849326901937978,0
-5.3165882680351455,-4.4744736028247862,0
5.1308505118130681,-2.6776097766329041,1
4.2301597845576229,4.0800055437150515,1
-4.9906976590126799,-2.6387845801535565,0
0.16780276105557013,-2.0733163096040546,1
-0.021901197458352062,4.8548850699760608,1
-4.7227332152953263,-3.7357577694271455,0
-4.6240283278718897,-1.148351312120935,0
-2.7114815504626315,-3.1380851405673003,0
7.1605235836207006,3.860354390714019,1
2.1752171277886641,1.6160488411101812,1
-2.9044510500102305,-1.2056172301159158,0
4.6571360569101445,3.6263704999113893,1
-2.1591920955537924,2.1460017324859804,1
4.33207129667462,2.2069502901408318,1
-0.63207945720629555,-3.7186754402727908,0
-0.66921234727651413,-0.68830250829510486,0
3.0103324168378798,-2.693751491745636,1
0.41773759997094428,-0.27866544917710279,1
3.7582061517631118,0.59244999949091692,1
-2.7209198391686931,-3.7627484000622227,0
-1.290037543586382,0.1943353798794063,1
4.456337234070463,2.4417094913275936,1
-6.0148342909441919,-2.5200874380435456,0
1.3798621726974081,2.0599820260427921,1
0.13948466413871996,-1.5772852647334668,0
-3.1366160290694278,-2.7133063086893432,0
-5.2251580638930761,-5.9349320417229805,0
4.2959962573936679,1.1246150642026176,1
-0.52417830832061396,3.5996863025481312,1
3.5490992833728709,5.0204854010909772,1
3.0024228065774801,2.3687011283289827,1
2.5964727636385581,1.4521388803031281,1
0.81419458092906893,3.1570080569951466,1
-4.8399062462449844,-0.31828753575395341,1
-0.64824783242687012,-7.7629917170212135,0
0.45741119849198508,4.9395728687039817,1
-3.681763908039188,-3.0776096597503066,0
0.62091021962474668,-0.014408936967563513,0
-8.4728408164818934,-4.8912667366328986,0
-0.50855673356995013,-1.2756028722081099,0
2.944087178617468,-3.8872626774520209,0
1.1528734229432214,6.2256939339153696,1
-10.53909232600305,-0.44009615258693513,0
-7.0649775477526449,-5.3284696583029785,0
5.4825622002509089,3.3201852073723379,1
0.28769626762846423,-1.3348265101012935,0
-4.7298057550015766,-3.4648616533211283,0
0.18982645229492379,2.9589874294009975,1
2.0584487732075321,5.561392450470473,1
2.4066567285886693,4.3898578076849599,1
-2.0736629431214766,5.6610483874714559,1
1.0765410715618042,3.4157406204894025,1
-7.5901619300901064,-0.66463862041714972,0
0.53432598554825184,1.6210259020333229,1
-3.7863637637511438,-3.6773555779230156,0
-2.2405865750369958,-2.0524184481028662,0
3.9035270167813247,1.4949865008216277,1
2.8316607585761426,3.0030812182810638,1
-0.86631033491957909,-1.2568591416859223,0
1.9633088789157294,2.6095786849591702,1
4.7523782744709973,2.2757908471138211,1
-5.4312253212259858,-4.1058562867586348,0
-2.123707371832364,-7.2610821509100383,0
4.3891870579991545,0.091471532636199004,1
2.0050793098460296,6.4560591839160217,1
-6.4369403114524477,-6.3456648757680725,0
4.7870857688068167,-0.30602099672309135,1
-2.0440587296309736,-0.15597876377087427,0
1.5086934744086837,1.1311030671115179,1
1.813798958535727,3.2783458695575831,1
-7.7604814338135224,-0.29863928102588755,0
-3.9833196435150717,-3.8078901747487608,0
-1.5460099717932438,1.0250078436479693,1
-3.6279662847768268,-3.5107679926403925,0
-3.6267590929469424,-3.0422737856148383,0
7.6030633920634969,0.854268255181303,1
4.5785291988459225,1.8052848141486424,1
1.084611536860776,-2.3515984190633592,0
2.4558000789354715,3.5899231190157557,1
3.9516755633334664,-0.85838300017706581,1
0.69997926543888545,5.3576599192823631,1
-1.889476177661257,-1.2756666583548975,0
3.5366622647136792,2.8971917238417522,1
-0.097870515919690426,-5.1641110074260848,0
-3.0566085284287992,-2.1692154970952924,0
-0.77748053234375858,-1.9821474785621445,0
3.7787057807253235,2.0131799624717246,1
2.5299349413104966,5.7014921968428514,1
-3.8215371873195512,-2.5107796562163061,0
-2.586411033344393,-0.5877596831130707,0
4.5415286178379066,4.2600530490312831,1
2.3873745411506033,-0.66217189844661339,1
2.4356668993324249,2.4864143792197386,1
2.0231768444442668,1.118478809464029,1
-3.5119647961835172,-6.1747511461508857,0
-0.52624639669841144,2.9858046871162891,1
-2.6452497348135644,0.44395689569727681,0
-1.6362216918355283,-1.6274568603441151,0
2.2272413876421626,2.5779001792851917,1
2.6936916969582567,2.6889329545350824,1
-1.4248088751457793,-0.7468796899902288,0
7.5061368083949649,8.3563702246545688,1
0.68252152359086038,-1.0839778218221756,0
-1.4716620810328602,-4.869974562175015,0
3.6779852061634064,0.17718308182096409,1
-1.4982391907216897,-3.4712176524602061,0
-0.62479227826084882,-2.3843486442033184,0
-0.90839214502385479,-5.6090555223636098,0
-3.739256039592429,-4.0371785428187739,0
3.8974861965180829,0.88220692533918132,1
-6.25922896164961,-2.759093974106912,0
-1.3851009473097191,1.2933297512250883,0
-0.35520088257492555,-0.81748631391066073,0
5.2775480598192086,0.72946023701745677,1
-4.6818564686667399,-6.2216427266533261,0
1.3593985246725087,4.3135973677027408,1
-4.8219951786591109,-1.8311770321647289,0
6.8474342020480217,6.6213440588047447,1
0.50082352425100529,-3.9659381531813378,0
3.3296350980398395,4.6695826375338747,1
-2.3905415467716478,-4.486979088688253,0
-4.0405223130641037,-6.9080324167364857,0
2.0744357233470376,2.2644282854275763,1
4.275986004320492,5.2413501858598135,1
1.5255966915935906,3.7487201503175918,1
2.5192182329345254,8.3493593116461735,1
4.3201115191839072,3.1421438784952498,1
1.4128347113411213,3.0117468234788674,1
-1.1023124016837302,4.510991555373316,1
-2.1920395498931242,-5.6459830868203511,0
-1.9557758286710112,-5.5860236358787088,0
3.6899216075926748,3.4953356833445084,1
-2.2408337425427547,-5.8742001721027126,0
8.6381877841338834,3.9000186264804437,1
3.4318777977423229,3.7814719561673771,1
-4.3420718613762093,0.5587650520049019,0
8.205330143262124,1.6885428446711559,1
-4.8712275968415479,-3.0494637058007257,0
0.48058101818914789,-4.4262160189752793,0
-6.1404606481404898,-7.8447666462529648,0
-5.4125530845907459,5.5476108430141444,0
0.046613674709324204,2.9671213221741182,1
2.242061457344231,0.22519809554722059,1
4.2813449789053468,6.4983183794102839,1
3.6035708962262198,3.4369339873121074,1
4.7570502094730411,-1.9887448923279853,1
-2.7014921349471059,-0.14321633604658857,0
6.14715982801747,4.8997782444968312,1
10.29930206122793,3.4603657557996637,1
-3.3710781194127302,-3.121330291382022,0
-2.5578028223526852,-3.7209851375760374,0
-6.2957136430394982,-0.6994117393658712,0
-5.4652247745459421,-4.0355496022156521,0
6.3820911257132433,1.3061780226504383,1
-5.1678986177108719,0.21863053967330748,0
0.65310895860756224,1.0186539333536166,1
-3.1376661955906604,-3.2413101195909086,0
-3.9868094144822765,-5.017879549360222,0
-6.6138000964687418,-4.4981068731645966,0
-1.0046658830093911,-0.9377635745268762,0
7.4019001349048503,4.7097848219889853,1
1.8731598296119485,1.5792239838568045,1
4.338374435103721,6.3390973037813447,1
6.1852833263414997,6.1860266459923858,1
-4.0056428005585518,-4.0022738205446471,0
-1.9387459338017055,-3.214468725167519,0
2.6113821676907012,0.28496222594340948,1
-3.9538110089704919,-0.45606653869935743,0
-2.580632431621658,1.7005719662576033,1
-4.0758896818661929,1.6672749649681498,0
0.057912378664015662,-4.1142106658502602,0
-2.0381924016512274,-1.2292228451666671,0
5.225582603126453,5.6093765850243411,1
-4.3895467846454217,-5.9248650963408469,0
0.64133129673844103,1.7019343473484727,1
-1.2786850883568699,1.4710264651271654,0
-8.1773692799701969,-3.7264780897204739,0
-1.1792938670236017,-5.3356203328308656,0
1.9377663014179003,0.039913250796056232,1
-5.7651940476661396,1.8803442452201296,0
0.44013719158832076,2.5389374192498986,1
-3.6332771006107443,3.566575521944483,1
-0.41757698024700973,-5.4011628455008447,0
2.0073092904887946,3.081022833698857,1
1.2884530380314549,-5.1954148374617635,0
3.5217159729866414,6.9334338922858256,1
-0.95029758028748912,-2.1705376606904938,0
-6.0769152151356405,0.30415707884414811,0
-3.5610511227998045,-1.7173680924095194,0
-0.4360036472158515,-0.21431193965227857,0
-5.1216360559537053,2.9927627709564879,0
-3.4362144861261106,-2.6901250412278577,0
4.534313425403222,3.125126110337658,1
-3.9501702630717546,-1.1897007092007852,0
1.5200371481614483,4.2549555727993065,1
3.4465388786263627,2.9464323956961782,1
-2.8804506020030174,-3.1307474927085708,0
-0.33708695126257382,-0.15013617326042628,0
-4.3511648184212044,-4.3396292092006741,0
2.7710457187020126,0.84871482935144815,1
5.0097113935847171,1.8618383916908516,1
-2.7236848273024559,-5.2611124567640619,0
-5.1002335291544192,-0.47158582943627758,0
3.57985927339378,3.8483238575439476,1
-3.4566599247960941,-0.22241657151561922,0
-1.5453939225589726,-2.6040845488189461,0
6.6143150194491298,3.5811396907194295,1
-7.105223355892579,-0.20403025406696873,0
3.7949045315774423,2.4106595937396786,1
-1.5573050230859318,1.6259108531350623,1
0.42603192913281429,-3.3245938207324137,0
-0.049803906725587321,-2.1658416728627192,0
-7.3552597766782544,-1.0773660145170794,0
6.646978221518907,1.9208800075540136,1
-0.38063239918704017,3.1446475598438886,1
3.4872959392792122,5.7476344061546953,1
-3.5810880216298111,0.77005495097727206,0
-5.5129780684408551,-5.9271531325132996,0
3.1644229098340579,1.9489436685885073,1
2.0821617598593432,1.891834359720926,1
-5.0687501008549649,-6.1964439629164456,0
2.5750340314701687,2.3834906853237965,1
0.60203020814864061,-0.3537105006381851,1
4.7936070294505342,5.9785114469159168,1
4.6558222184444542,1.5604698005607676,1
-4.4405307854175362,-2.3081594927413072,0
5.9020954596324486,0.8369423637275224,1
2.2509888916332748,0.66251537857282594,1
3.521417358675218,3.0923186814140884,1
2.7835084769756091,3.295407041781198,1
2.4195380616694675,4.6372638369812158,1
-0.71111178196392899,-4.3261530857402164,0
-1.6908745806132925,4.3567097764526075,1
2.8089243441421612,3.3639698453527123,1
6.1962386635436699,0.214700314256417,1
4.5795554753179761,2.7994327050264256,1
0.50842160894493915,1.2377511763582334,1
-2.8295311853763137,-1.4553550024134447,0
-3.4204026746587446,-1.9202562993849406,0
4.5311030813032804,2.553230710245407,1
-3.7952692167021747,-3.582130401523655,0
4.4878557647263415,1.472232136005357,1
3.263961307373989,2.8264298393140859,1
-0.79743168130818809,-3.1481318676939032,0
3.9190922173594664,-0.59301244361479144,1
3.245555849512701,4.7804075992150787,1
3.2866465348461005,3.0838707553453597,1
0.6431193781031479,5.006076436187449,1
-2.8836596767553071,-1.4712312021457792,0
-6.4821524255600202,0.93914011285815224,0
-4.6001683042531862,-0.17521482880317629,0
6.5919072883128411,5.0294579818520111,1
0.35330162322063963,5.725919991779012,1
2.0963684152191844,-5.130356790647415,0
3.5125345326396005,0.88596193938967538,1
-4.885365869178691,-3.3778556969744424,0
5.7948498132003152,2.0332340202121615,1
7.2063377140130447,7.0098841329579056,1
-4.7752102905851332,-3.6031866828343198,0
3.9563486941911767,2.7262134932019157,1
1.7479452733982097,2.4642998026563339,1
5.653566123404425,1.4841712376600924,1
-4.3957731925600534,0.28003922907836909,0
1.0635237264378157,1.9748327462027919,1
-2.1758526853083482,-6.9923660473449347,0
-3.0610518985214181,-1.8688270665610554,0
0.92837924188324861,-3.0373579540374993,0
4.0880212596587819,5.9894438034520379,1
1.3501095523771269,3.2221581521626703,1
6.9485678368533659,-1.7518903321042103,1
5.1153547086466489,2.3406700981459077,1
-1.8050562333989477,4.2846948703038166,1
-3.733721104503243,-0.58091340791431501,0
0.24466214501151562,-3.3902966748065966,0
-2.9131037327546609,-1.7396192052931687,0
1.8460830344230128,1.688891557711069,1
-3.3551465586849263,5.5202863393501778,1
-5.4215994670738406,-1.1660145240936914,0
1.095155515758119,0.3022850691056953,1
1.7198939205134152,3.0580959019990184,1
-3.229780133197802,-0.58008411618054811,0
-0.31825680467787487,-1.4837724987737266,0
-3.0442255154704196,-1.8360850503939121,0
-4.3964741821390074,-5.1423305223900071,0
0.60242434532695954,1.8570250178415892,1
3.8931045938505067,2.1479573000111434,1
0.51829977977892971,3.5541038134595397,1
0.50331966486328339,2.9106917384774755,1
-0.52239630333704046,-3.2054045536370515,0
0.075589216229487999,-7.0581777835135471,0
-2.1007782555847712,-3.7009924015712037,0
-0.094047962524361317,3.3122438858603727,1
4.0885913889455656,2.698129714215491,1
1.2372861813939866,4.6618639412217258,1
5.1579335646316489,1.8183532475361925,1
-2.6606857048679351,-2.2582837989148166,0
-2.5443210718562224,-3.6394735149998483,0
0.87718784631310909,6.7475038680254968,1
-4.4552892136721924,-6.6009581267935653,0
1.3069285379030975,0.94225404463988793,1
3.2871720976201093,4.0639880250172364,1
-2.8039257548968641,-3.5401336730508439,0
4.458508055965253,4.0687313728357868,1
-2.5387159689776304,-7.0096546689748847,0
1.5918046925242728,3.9944514207739448,1
3.4327286496835674,1.8639597642890235,1
0.80559416718756838,-3.4735114257431134,0
1.3373487617740645,7.0463278180144266,1
0.44260362817984511,1.528266960931816,1
6.2877429460628074,1.5394595026120683,1
4.1079234395486557,0.21779521695505588,1
4.7635601290514789,0.48699940174099687,1
-6.107072313678013,-6.3604777072752334,0
-1.3255731087908906,-4.3066053884775117,0
-1.549688786947875,-3.5098237113727309,0
4.678546490470171,4.3244558453215411,1
2.7705790763371412,2.8007688886909663,1
-1.5964671966828439,3.150439003312012,1
-4.0135986047871368,-4.7503541231208617,0
2.3739570469436595,6.5409902128137762,1
0.05332294273433158,-3.6578406490340694,0
-2.9602557013766524,-5.5615098092378403,0
-0.76877394462781234,-3.2170338683360855,0
-3.1206410709764421,-1.0635854473672355,0
3.0441911608848269,8.2352781633806007,1
-3.0744965167817999,-1.4655340276109754,0
3.5910599324041352,3.0293505439952089,1
-1.0992363571699426,-1.8023378941031858,0
-0.97923157178605358,-2.7978213957288984,1
-2.5520749646930687,-5.184680799003381,0
-5.1898270187893321,-1.6455615970010942,0
-4.9730346241951384,-0.53503523624171656,0
-2.2678602464338931,-3.6588835068081726,0
6.9610268200519982,3.390182824253078,1
-2.9942320794851796,-2.7513410548184605,0
3.2776366011525173,0.22675246797002346,1
3.2543712959145701,1.116147478224006,1
-4.1741608028882187,-3.6056406775858694,0
4.2809757591371405,9.0072522934208585,1
5.2930686832603335,-0.65222576494809692,1
0.23517796997894669,2.7207251864553816,1
-4.0761849624279289,-2.0840170913514822,0
-0.51715921734330017,2.8498819559507904,1
2.3286357831423734,4.4316098788970617,1
-1.7004737372460752,-0.10527847885778563,0
1.586600241443304,2.0495320045963821,1
4.9150996538600964,0.15784354328711281,1
-3.0810191384062646,-5.4287118700934149,0
2.6877329206426563,1.5774165664539659,1
0.44246599782155371,1.7610896857440961,1
2.7104340638010056,2.1915362236437792,1
-1.0175850214162461,-7.4139790827163363,0
0.092337292278301675,1.620368259127031,1
-1.8057943912144085,-2.071032903149284,0
1.7792454231274695,6.0106932676598506,1
2.1146173120571965,0.68392540120018319,1
-4.1023453264518617,3.7027879357131668,1
-0.96855751936885248,-7.6412630433056368,0
-2.5394716331590113,5.8974205610248518,1
-5.3450064068326304,-2.3305611207173866,0
1.0864296036975738,3.4026290863832056,1
2.9092299801427957,3.525767630108092,1
-6.6835794764535379,-3.4285810891517294,0
-2.6735336613940803,-3.2491400293901314,0
-1.3177359961707904,-5.3139604814408958,0
2.3962649895073613,-2.5833499633525827,1
-0.24173371580213665,-0.27044579059394636,0
4.0736506027570067,-4.8261491228902127,1
2.606791146204638,-2.4233639747115037,0
3.7189959249991413,3.580599579251841,1
-1.233927904951351,-3.3919631334496874,0
-0.051956094438517564,-2.0825255791959583,1
-4.600117896359107,-5.0421743388283113,0
-5.9902049904628125,-4.8008509359399518,0
-6.0062223557904648,-3.7257748954264898,0
-1.5982292754082099,-4.7747101156916472,0
3.0542739355107376,6.476595342925326,1
2.2404813481500288,4.0976379306154751,1
-0.53655198961060213,-4.803085773312775,0
-6.0993753069084775,-2.7966069622713943,0
-2.4136593389024172,6.3563832406283449,1
-3.1484335124963354,-3.4668666478027372,0
-7.8362354896385185,-3.6830792479584082,0
-0.91526115229188632,0.054000110958242864,0
0.61456374358234278,-0.17681967634729734,1
3.6598953418431819,3.6807171109487946,1
-3.217402081794976,-4.7254865053922011,0
6.5694398969446004,4.9009789277186773,1
2.2123872074744502,2.4145072936300735,1
3.8490148264752668,2.9480329510926175,1
-5.9452323100537869,-2.335991577463103,0
2.1204990434022646,3.1502042503509409,1
2.0152639958631928,3.8387046720816285,1
0.37296263040260902,0.0703811257770659,0
-5.8538128191989163,-1.7472189884840632,0
6.1001324547475413,-0.32295140168412484,1
-4.4514739275782844,0.94433760653323029,0
3.7897077080288541,-0.52303489056287633,1
2.8643129723913581,0.77790932168286275,1
2.1530603807614446,3.8569930439112756,1
-1.9483690450074038,-2.0973444441169562,0
7.3452937076138101,4.3418536496316182,1
5.785733465222104,7.5845349309168233,1
5.4010616737013359,3.5278118543873966,1
1.3801030449846148,3.3344886069509454,1
-5.8152620803648958,-8.0596419868639018,0
-0.70838466237097641,4.073077231547841,1
4.6095283608332256,1.5471163163647152,1
-5.7418733971477769,-4.9192011650604082,0
1.9968092808095745,-4.6831435633231067,0
-4.57359982542628,-5.8295684294467556,0
3.1290707201160917,3.245850530359756,1
-6.3874230665759963,-2.1182009973277562,0
0.17779515930093481,0.72288256111773252,1
-3.3816940439175074,-3.5814845507148481,0
-1.5950903679486916,-3.8715380805799615,0
-3.1582339621840818,-5.3384312601355699,0
-1.9980567624826091,0.47067783630885485,0
5.8504229682101236,3.0428899924727446,1
-6.3408171833927796,-5.5530121722110311,0
-6.752339871502933,-6.8625671312738561,0
-6.022861208200764,-4.4815562852627728,0
5.1491766510688244,-1.1990221594695472,1
2.751723296734002,3.2087699183456793,1
-0.79577856679039272,-3.0366159065944611,0
-1.9364076949792004,0.4817321551481637,0
-3.5753639740224568,-1.6481338688522749,0
-3.107071329809918,0.6817938877623253,0
4.9971702855824223,6.6136245172017274,1
-5.6572564394335991,-3.1479344635508366,0
4.2342367671338286,4.0612873483406657,1
-3.6341288734220742,-4.1417926088120502,0
-5.8625701401102717,-5.7769443860029543,0
-1.1737391510612722,-5.2956431495274163,0
-5.7844171340730632,-3.0037890386157455,0
-4.0537542881620467,-1.6712106980411559,0
-5.2134138171293811,0.20943138402157491,0
8.6731017862053807,4.9734110943647307,1
3.20206847395696,3.4886614359859633,1
0.69409370872532516,-1.3076663941051645,0
-2.3904223122001023,-4.9023955094026439,0
-3.5913333327927601,-2.1216949980280297,0
0.64032682906803373,-7.4949802786153299,0
5.3163122923187114,1.3479241186106974,1
6.6544368790752619,5.4285769284723759,1
-1.985891022852921,-5.176357087949869,0
8.2061895233395692,4.5654459300559065,1
1.9733155984792474,3.0599695534069364,1
4.7431379768837365,1.2650943443369906,1
-2.7612388276976199,0.17474021448867871,0
-1.7594532349467134,4.400089457525505,1
4.6519936213549364,0.61121979369857371,1
-1.3101505441937558,-1.0775954850896292,0
-2.4335021578841238,0.036939202711833818,0
-3.8709385452304113,-3.8843790462361958,0
-7.154523268350677,-5.3926327541688304,0
-4.0214243188254866,-2.1659171624581934,0
-2.4213760229100147,4.3372409430829437,1
0.017185245268225735,-2.763684708003376,0
-2.4586048686756277,-5.5830785339485214,0
8.5653938838438552,6.2206955842283431,1
2.7427495772582526,4.3045044955127718,1
-0.88264962605472741,-5.2581666594259868,0
0.85163458334369313,0.71337256277717254,1
-0.97944382993714951,-3.2317688358987131,0
-0.27065633214684004,-3.2800347256288189,0
-3.0374059175249317,-3.2811902153963723,0
-6.4586920831673371,-7.181792895024409,0
-4.2046622334587545,-2.0560778885797788,0
3.9492056892437866,0.80200032653696862,1
-3.0699148412439992,-2.8472880408808172,0
3.9390015114182431,4.3187998119742455,1
-5.8414415811964577,-3.7419988532647621,0
6.1294051193806895,2.9465501340857587,1
1.6732539863755975,6.7037073620587915,1
0.22814935089529609,-7.1519058843211809,0
3.2549256768198966,2.0477772477104708,1
1.8636241657455332,1.983579637976792,1
0.71213217883979141,2.7096956626803612,1
5.3192090950142017,-0.44242735600768412,1
-2.8512196388183035,-3.8325307136613769,0
1.6294025956886526,0.53888648825220908,1
5.0527723150191513,-1.4187956238025645,1
-3.7575374552358767,-9.7132486766953683,0
-1.0224546392369886,-2.8606820915773468,0
1.4214557994421737,-5.2102904129391572,0
6.72936805221984,4.0189758085256759,1
3.6425912796773119,6.6616001566402332,1
-5.2900503287814225,-5.8080326254973667,0
4.0181222056707302,0.026475460022876707,1
-1.9402221404781554,-3.5977198248064042,0
-3.0120979183340326,-3.7705541210061022,0
1.5403667921381392,4.1791454171720366,1
5.4367465426046149,1.4695557124171359,1
3.9646126073588102,3.5725969767074668,1
-1.6768280446147854,-2.9359492589590546,0
3.1815635586835378,5.3225919285339547,1
-3.3755936484120288,-1.494427032322907,0
3.318393681960357,0.54203549382622063,1
-3.7332609134037371,-6.3058044255548005,0
1.6088397908910197,1.0613947791814899,1
2.0137208017943595,5.3563034408964825,1
-2.2280031956302997,-3.5414495023577781,0
3.1121191037178422,-0.2393272771579662,1
3.8602055945734381,-0.4934545940250965,1
-1.7509528449551173,-2.1320187222956259,0
3.220861248183164,2.6986352597331202,1
-5.8118193990861098,1.1408612873331307,0
0.57128721003227811,3.4191248689026494,1
1.0295096846284055,-5.446694870969103,0
5.5947480790843471,3.6749930568969837,1
-1.2225695372821153,-4.0743097802764732,0
2.005097316614282,4.6064663106203891,1
-2.0790128988677896,-2.3922020439060532,0
3.8421570485962029,7.8664832917846921,1
-4.4460812915865331,-1.2516212807302303,0
-4.9507885034959838,-4.9735199922601225,0
2.5390577301669612,5.0622156933126794,1
-0.14040209687135219,-5.5410806173423692,0
1.8980661020521492,0.87581993629765664,1
-1.7727455892007045,-5.3634598988409348,0
0.26073571950550489,-1.3189936864552061,0
-3.4751607177714776,0.38759909302025752,0
5.6017816761422496,3.8121317182169756,1
1.5658477372159085,6.4327482697749083,1
5.4757641517341931,4.7454850172532099,1
2.8257778605463644,0.28117703174642683,1
-2.7347176154407351,-4.6834663059767756,0
0.15849056530994732,0.025748395117530798,0
1.2395026369916298,1.2804565035657636,1
5.5959237618029363,5.8386100019778508,1
3.720116831200531,1.5802793500079531,1
-0.35580651081073622,2.1494530648422283,1
0.56140748871225732,-0.0015369178802417949,1
3.7785682075503542,5.6386005742425471,1
-4.5210692577377909,-0.35570945563225687,0
-3.3221282286767613,-4.2785822382469849,0
-0.57821875049207971,-3.6690117144863317,0
4.5796973661833933,3.0808425855215931,1
4.8607139958811851,4.5171745135383468,1
1.7486407165166646,-0.11211470501430165,1
3.3741991691421682,0.56973435931377736,1
-2.3973732023316132,0.20406340458027561,0
-7.7576885322545301,-3.0379768177865683,0
-2.2294538189700126,-3.7247648229091666,0
-2.9859714674643207,-5.9217821589405268,0
2.1585699026173977,-5.3127296495564922,0
-1.8288839978127271,-4.8525601584597418,0
2.0631279156120725,1.4069554852218353,1
-2.6443437703216395,3.1743181429429583,1
0.48667440160487407,-2.5615377373725519,0
1.4885055234084845,3.2353991518832288,1
2.7496839289983814,0.1712011972197125,1
0.54075299752883099,-0.047583078046285809,0
-3.126640849299871,-2.4566280859016567,0
2.5673276451260518,8.0406562914826516,1
-6.2282834349225968,-4.4627794693148228,0
-3.4282408098632318,-3.3941451973100549,0
3.6212283618124435,2.4111716592548635,1
5.0529744719834273,3.1841618091857922,1
-1.8049337521264741,-1.1787927093215576,0
-5.4455005268844907,-9.700465191633926,0
-1.7422809650193471,-7.0759688464530592,0
7.6406140035208026,3.0610257685910716,1
-6.4837787093909949,1.5704362330650232,0
-0.74766519651518948,-6.0148170681588002,0
5.5973728280365105,4.0673037273391603,1
-4.4075904914341306,-6.0976207183632001,0
2.1437011281480398,1.7960281632646966,1
3.1599458482851541,-0.70926136171980803,1
0.81340074366741444,-3.2496168806849384,0
-3.05743658225758,0.47507625907058726,0
-0.49549848503303995,-2.973904615316306,0
-0.98123969021298496,2.0515432769731192,1
-0.24713152251511072,-0.93726404312793044,0
-4.4739042484659874,-0.69783134937658975,0
0.91741068926887426,4.4361477727346825,1
-1.2110881194246976,-0.24627307804315324,0
-6.6255418721926098,-2.1665245512766917,0
-0.10912794523134206,-0.7243861923573629,0
2.4915720824458711,4.5515490651182766,1
1.8083395725794771,4.9703628147421615,1
-3.8689599821323042,-3.0726020438391424,0
4.4121678931469255,1.1627659966983472,1
3.8933900561378145,1.8651011095996315,1
6.2829779436652613,-2.9261045255523292,1
3.6869922448368078,4.4184403793869258,1
-0.38337157969892877,0.80491889029257058,1
0.31498068332992624,-5.2701873141461633,0
-0.82743622907535608,4.3261425812531265,1
3.6250316730800334,6.278138576781723,1
4.4167150144307499,3.9345324258165268,1
-0.15970308735490413,-1.7002043244517695,0
1.6772742359129669,1.8899812765464641,1
-4.7596513393035496,-2.4599705745126759,0
2.628767662824198,2.1372879950326102,1
5.2865301135187623,6.0612538772991442,1
4.026727971952206,7.5073568258369887,1
-3.2563708566675151,-0.8128602847667441,0
-1.1002975926988041,-4.0604477734670255,0
-2.4911164915699278,-1.3713061522916166,0
-5.2285903866759629,-0.72761354059322025,0
4.0123768050129867,4.495981823466467,1
1.0708875950998964,0.73371758671704379,1
-3.6084244450645997,-4.8322533909141185,0
2.0155078948561034,0.66674387084352826,1
-5.5138911819198189,-2.7918004690143756,0
-1.6963228857642498,-0.93718941842569325,1
-1.9790832907814564,-2.6551227973112219,0
-2.0031267286683687,-0.12619762191082184,0
7.0924431797233218,2.3515939016188407,1
-1.1442265785284544,-6.2006949115901175,0
-5.3236750000579036,-2.9116224772100967,0
-0.60617029600962224,-4.5664525050235758,0
4.8623393788924005,-2.2650292238898775,1
1.8502993872491025,0.58975429470135099,1
-0.072301713142650215,-2.6373585174296865,0
-1.5812752097529894,-2.847437742732458,0
-1.8431752087018893,-0.49656679483641364,0
1.3698110017935783,4.6748461949033544,1
5.9389953902433152,5.8078965288656157,1
-3.1799441776962465,-1.422383563813072,0
-1.2865725926756149,-6.6698392071780379,0
0.18410464985777208,7.476877529341758,1
2.5125758231496853,4.602265384842541,1
0.14836778678200035,2.1893732174628591,1
4.5198981412348811,5.41634523540964,1
0.74966443899600099,-3.4017236761193486,0
-1.9848511397164215,-4.2673205533076564,0
0.9071446095693303,0.98919643713260097,1
-2.4582945636623115,-3.2992101355439081,0
2.7658298730932058,-0.3641044532472586,1
1.6917796595461079,1.0947967208767839,1
3.7408225263638992,10.376232469925061,1
-1.7008981391570479,-4.7361995061359554,0
5.0010022901132656,4.5158466243369872,1
5.5145642248387947,5.3469286491125061,1
-4.3005884487014843,-2.7556431678789957,0
1.2215626771503185,-3.1906879701851736,0
-4.7533205966391456,-8.9574305325798811,0
-0.66795704397104272,2.5052979868699765,1
1.4463036654323249,3.8093373658913281,1
0.41476054525471451,5.8318822009834062,1
-0.032031598129896199,3.6123524562214886,1
4.2326071561843035,8.5769614972848718,1
1.6505178052964586,-1.8001216064637853,0
3.8188655087683405,1.1031074216548147,1
-0.91573585204249142,-1.3450779137361406,0
-2.4581596901660774,-1.0339317450888361,0
-0.85026021372875205,2.179958314772299,0
5.2828357075210741,1.6412742119990631,1
-3.4632060507362223,-4.6595611361327522,0
-0.23113693808714908,-3.2546071479018917,0
2.4149526900723517,3.5018148179829884,1
-1.5093642335906343,-1.6337578508152686,0
-1.8351239715465644,-4.8660087226139499,0
-1.7474810908896701,0.63777593328540227,0
3.0858587370427224,2.3834392896321317,1
-0.36091819824740456,1.0107467837326731,1
3.5381439630384968,5.1948293018718985,1
-4.8835667731449615,-7.0386353155560162,0
2.5688098252515479,0.81120337203564175,1
-2.4163485724309375,-5.1931306312717442,0
-5.8935556839407379,3.546595878299291,0
6.482647197289225,1.1248236004927417,1
3.4210016222562665,2.7357185540274567,1
-3.1914350559927174,-1.4976071807134115,0
6.4839377309398305,1.9894484760998992,1
-1.15191132291159,-3.5607094045083509,0
3.9030973512715308,4.3909988016771901,1
-0.86863416349545952,-6.2459816793777492,0
3.0164940648125937,4.2683992270711677,1
0.15767199983610736,1.705457073831889,1
-6.2982873014855922,-3.9390612109616878,0
3.5466830364539983,2.8050501200991342,1
-0.83749211492148756,5.8801904192487555,1
-5.8489046793936748,-2.0458395306826516,0
-5.3368539614915029,-4.2711011972731416,0
-3.0474064573376975,-4.3102944347103715,0
3.9851636254888838,2.2491818887397526,1
-0.33811836286242691,2.8006246626317854,1
0.28072540943153701,0.35746233652609316,1
-1.1117045209034209,-0.55745554258394758,0
-5.7805321413503421,-1.7009065668445538,0
1.8926141878038223,-3.3903273322627827,0
-7.0484593932687716,-2.4741619167318518,0
3.2903079884918216,4.4191119662167768,1
-6.3309483642087798,0.095087278056659397,0
1.1009648162385914,6.1330857849474647,1
-4.6981303242003145,-1.9892859015584068,0
2.7948389361074595,0.25084942910027408,1
1.7175434481069056,4.8758496022385298,1
3.002554796978476,5.8183861814168871,1
-1.8726642807265257,-2.5453190175223885,0
-4.9915555791701909,-1.3145019368150928,0
0.52494278358166158,0.34756152098230286,1
-0.70013929719811774,2.1820445053719544,1
-6.0843023407423198,-3.2031592979951462,0
4.5571564312911095,-0.66702197382839801,1
0.64617493684177107,-5.2699194558366091,0
-5.1298228461362854,-0.21947530397409221,0
-5.7109582437946846,0.36602729201928996,0
-0.90603317102582048,1.7065584525183519,0
4.9491440253190486,3.3257255363890348,1
2.0752926583274829,3.4503475204949576,1
0.38873945028193502,6.272619295933211,1
-2.9345758630285519,-2.5463618349468224,0
-4.7338452011040344,-3.648026460480164,0
4.0913783073453738,1.8535128094366891,1
-0.17294816501650301,-1.0715206995902766,0
0.36411403593704428,1.1282708611215637,1
-0.3702368832581886,-2.9606842526988584,0
-1.0023211377982122,-9.1968589341086808,0
-2.7771306681643266,1.0879918670767896,0
-4.7234123235008179,-2.6298509587156911,0
-0.86982714930539151,-0.64845885543130288,0
-1.8452288403083026,-4.3327794075136827,0
-6.9816318537298869,-4.7879229877030616,0
-4.2881728442966818,-3.8128411659877481,0
4.7627813253306801,1.4872478809372403,1
3.3148768777186914,5.9024148264393972,1
4.0911122524808086,1.9127830695476891,1
5.4250899357593347,3.8170495887768285,1
0.0067367626408540993,-3.083839076055146,0
-1.0649100468326813,-3.5472846758718672,0
-1.2988865762519881,-2.958832540563368,0
4.8724789255262149,1.3084876932153426,1
0.11126342059005756,4.5266459410942774,1
7.9345486394147304,2.0992565708884312,1
3.7969575746425193,-0.22748679904338953,1
2.8640248976702773,8.8511040782672605,1
-1.4233717034608611,-0.10841736068195695,0
2.6156713165650123,4.6056335651956708,1
2.4354726917311091,2.5532759868731638,1
-3.0375289526184401,-3.6270144908744575,0
-0.46305780845379152,-1.4655434780799668,0
-0.2085117848542879,-0.60198586341517846,0
-5.6871526180491152,-6.9792283383623044,0
-2.1979851400327606,-0.042895200248987742,0
5.6357494655312177,2.3214363033767507,1
-2.4795352140986244,-6.3906739383958051,0
-4.1243043682703462,-2.7418672896755543,0
-0.37371706945766192,1.2119197133468891,1
-4.2211757056161581,-2.9932632303756939,0
2.3229035611998796,5.8487381594401864,1
3.3466142028894765,-0.90212687809983905,1
-2.2317684917082374,-5.2025189720206804,0
5.5955588900367275,-0.94208889139931529,1
-2.9968677529285173,-3.0593092590337032,0
-2.0367343972984813,-1.066134666040697,0
-1.6566970664640952,0.99832097397018993,0
3.6122579013316649,5.2783499998558163,1
1.4422759470821234,-3.2452885402013685,0
-3.1622933052924553,-2.3859355391006574,0
-2.8453899693256504,-1.5422216299760021,0
-5.1911215285847279,-2.2510258192728569,0
6.0273009605506527,1.8326333274449906,1
-0.72262496955299405,-4.1492606540032524,0
0.981573603672516,3.189254058967824,1
3.2447942187331336,8.3887631606877306,1
-0.71943842390285084,-2.357552400145881,0
1.2905287668420493,4.0781145136646595,1
-1.4014583168018382,-4.3398575692799986,0
2.8594389062419507,0.91070500120575781,1
-4.2021770632418676,-1.2103704717340151,0
-4.3318821645971148,0.68990808556984273,0
-0.48263893868096641,-4.636058604448964,0
4.8254070217037599,6.2971188890638299,1
-7.0411779453841872,-5.36146635283046,0
3.6592795961592062,1.5926224857524514,1
-3.8803554111974288,-3.5650288448080771,0
-5.7101002240531917,1.8949273467249892,0
-6.0912620808777689,0.4306652370174322,0
1.51957135571677,2.8073215703001599,1
-0.19910146404122164,2.7698899145408911,1
0.38369574160200504,-6.8275437989702166,0
-3.6661062942669602,-7.3898525631868628,0
-1.5571899199018899,-1.8051124084035117,0
3.506332154266389,3.5024738624842664,1
5.801181325441676,2.2480456321530866,1
-4.4917135819741514,-3.7342517485684463,0
-3.8654187144888779,-3.2229675711118433,0
2.6017386328032712,7.6061395078047047,1
3.3536520391420628,1.5537458971787852,1
2.5532590842041634,2.0089436839778885,1
0.049794098895913574,-1.7784231719217709,0
-2.5897479222076001,-1.5872946639435348,0
-7.2103103656174756,-4.5203727893084045,0
-1.5679714192782355,-2.7654362071981113,0
-4.6895781073817044,0.32575863706477159,0
2.1642633529669739,4.3717839805480887,1
1.6389500638090877,4.0932042076566759,1
-3.0529888554209657,-1.5825417721541102,0
4.5797385910412043,4.2873384997593442,1
0.80696659107851421,1.6138868831706814,1
3.8758219579558597,-0.56715837622910525,1
-2.1253674475902855,-3.7841738047608118,0
1.5612043067154797,-2.6609536505399687,0
1.1109972934261527,5.6594535597795446,1
-1.5392196238685469,-2.4085988223473582,0
-1.9797727409848596,-1.4908810841532585,0
-4.391964390119715,-0.32852758439079066,0
4.2340394027816961,1.9286379198875276,1
-1.6375858914021784,2.2403166386178293,1
4.1337971302250418,4.919017315955533,1
3.9283635493264972,3.2639540268634537,1
-5.9279900405376775,-5.2160299594113653,0
1.0791961013420419,-2.6834886659498167,1
6.9529173487116793,6.7246877967021579,1
6.3544074326282409,-1.340363525850468,1
3.0221141403366598,-2.3132337679600399,1
-0.93473905952071723,-0.6839206758623968,0
-1.4677422516860121,0.90931714859915047,0
-4.1336137561560999,1.0771790275102449,0
5.5886785519145095,6.0095454655511666,1
-5.3868034019520685,-5.1653661837904838,0
1.12072174457768,-6.3403335022388676,0
1.2079591522713657,4.0480215755014015,1
-8.6267066572303879,-3.7003143658451387,0
-0.25913353689920493,-1.6062333021825457,0
-4.5115858113977279,-1.666757262738175,0
-4.5129689148420598,-1.5522011200038666,0
-5.3650954598056888,-0.89564371773084828,0
-1.7606358441931362,-5.0284077783545857,0
-3.21364982432166,-3.5369325703785126,0
2.8499911218706302,-0.081363859013671824,1
2.7105808078281202,4.7333303324122182,1
6.0443746831861027,-0.65697698278535777,1
1.4665291029697733,3.4681572176848956,1
-4.4267316272803185,-4.7951524387839539,0
-4.4599684699171824,-4.7982424453002563,0
4.6565479216453358,3.3106876063825754,1
-1.7940971565760266,-3.37122764313242,0
-0.091874570598231564,-6.3145289900850825,0
2.8315944491418246,-0.44543161761745642,1
-7.3577750237569912,-3.9012545301005064,0
3.1220478076374927,3.4780645030887793,1
-5.5392451749047407,-5.2662290951531521,0
-8.5035105959546371,-1.9905866441076459,0
0.59463580021137386,1.8141019765074873,0
-7.1152230522094291,0.66483227369569908,0
-0.58599238532484854,0.71857809778387294,0
3.8925704794623632,3.6363870035543102,1
2.0385767404450181,4.4652571124122602,1
2.6499846395198747,-1.5795228911655244,1
-0.88056337134696161,4.6713246760183296,1
1.878053921555195,5.5555608439512412,1
4.2924791986480066,3.4937935113992298,1
-4.5742319426855715,-8.5712424846079394,0
-4.4596004845855788,-3.9587549973344629,0
-3.7603189741333756,-3.919043400959906,0
-6.1594989800229936,-0.50309304692692081,0
-2.1783189897821305,-0.97629949751375156,0
-3.3362331512453243,-2.4098633621588572,0
-4.3974475185318367,-1.7374270088193993,0
2.4927539582512317,0.45464427359356163,1
2.9162365784163056,3.5760638116423857,1
-2.503787852828872,-2.7547545904047497,0
-3.4931907696974047,-5.8443505103555982,0
3.0017502222765935,0.80671640511689269,1
-3.5282150357866362,-2.673559635482857,0
-1.7594842198167673,-0.034538112610395633,0
-5.0563072455697018,-0.077298848545526155,0
-0.82642911834769706,-3.0069747215655016,0
4.8765847376269829,3.8696010511665992,1
1.2506233948328185,-4.8301571533386829,1
-1.3298659579999228,2.4862568478425389,1
-1.2912302327629781,-6.3431105478663756,0
2.25559659954888,4.3606737442877259,1
7.4951934478810829,5.0307668747404453,1
3.0743033962811266,-1.2315573565995477,1
-5.3367710011367659,0.025906800833310761,0
2.9944890783872919,0.51198384320773416,1
-1.3115548954069993,3.2091805061747594,1
4.825259604087754,2.9958087805903659,1
5.1049893640306738,4.9423075098884421,1
-0.50797594438854654,3.008689459172905,1
-5.1092605923693739,-3.1365374892098687,0
-5.5948370006562769,-1.2036325431401027,0
1.6822779898000515,2.9385811584000332,1
-6.7624936939368672,-2.0359911414174903,0
1.2128007930941185,4.501558096626324,1
3.8465737049965836,3.2457024348279981,1
-4.3844630506451985,-2.7079086485549833,0
-0.090063402160311945,0.65458767723524236,1
-2.0309968192109,-5.6829626673506635,0
-4.8021914912451118,-3.0571050992543509,0
3.6080133428509873,4.6433595303226953,1
-0.96230667691921967,1.6864096125624151,1
-6.3661607831605096,-2.6504161428456676,0
-1.6117822872780119,-0.51638425668293797,0
-5.9069458027152129,0.79115358793157808,0
7.8371927466974478,3.8969201163017972,1
-0.098062380259843707,-1.9635435495074369,0
1.5879644619781692,4.9875216925870287,1
-5.8420941452414707,-5.4358759340896485,0
3.7765387112010309,2.2591945125061508,1
-4.9747531008026158,-2.4773061935803504,0
-5.8088101130365821,-5.6423234614891626,0
-2.1995884968278197,-2.0723305252144057,0
-2.0384277415795324,-3.4633763763049883,0
-5.4537350883386324,-0.86407810785293337,0
-5.6717952756830279,-2.5337662716549789,0
10.007225346865148,4.8525248375708632,1
0.36435276332285582,4.2449427618600906,1
-2.970644605033181,-1.0888015822892341,0
1.581468575103214,-1.418722866318318,0
1.8208444746125305,3.8664484641357122,1
3.1707363378031159,2.6443669875510638,1
2.882222836428685,6.3039693820033271,1
-1.6214933750929101,-5.4682627583711447,0
1.6047234430301653,-2.5291632428724515,0
1.5211124229486517,-6.0816085405697358,0
-3.5206808449373632,-3.2038566776329076,0
4.6657550596315369,5.1401481580935036,1
-5.535773693334022,-1.6518600074869794,0
4.130691948090873,3.8913887612849867,1
2.867681966760836,2.3465455500708452,1
-3.6735153638366653,-1.3296747501442494,0
0.56206045879853228,3.0150409653357841,1
2.6719758167156109,4.8595131872881367,1
1.4192736174617846,5.6130277131140822,1
0.26559356440408299,-2.3793624594287737,0
-7.6428916808570522,-1.7745048197226592,0
2.5699616162516752,5.0416379296035512,1
2.4021965564527634,7.2232550651980976,1
-8.6964183802193293,-4.7821068626835173,0
7.0068750700785234,-2.3200397041847509,1
-0.40656294050358355,-4.8640385178829737,0
0.61654814182981976,2.5141696416252799,1
-2.3059747664498378,-2.7633798496243913,0
-6.5441753719425702,-8.1263063475249222,0
7.6317456305186457,1.4544859608950254,1
3.9387962562644714,2.739491212776386,1
2.3219262350006566,3.6929464257835951,1
-2.8314630027804077,-2.337926009661397,0
1.3741472110186839,3.716388413972143,1
-1.1108979632283682,-0.20672496159566611,0
2.2917944046285319,-6.1353846698943997,0
1.1935708405261176,6.1442369012735085,1
-2.7207639582667165,5.2755849359596647,1
7.0629094325234458,1.7058087576974519,1
-3.6493216760094525,-3.2236001460725605,0
2.7805018569223829,2.1971709872113894,1
-4.8129139785808448,-3.9578213236417223,0
6.026129082206463,3.5123761259156776,1
0.53973421207372763,-0.8159930806358715,0
-3.1846097213209847,-2.7920979038994114,0
-0.083570901112318019,-1.0435076311375688,0
-3.6647292388513852,-4.4186275206017385,0
-1.5878086702886476,1.6501651422734629,1
-1.6718988652999065,-3.4017614329758237,0
1.5098375932496784,3.5167044531104068,1
9.3859646554134049,-0.66023729138276099,1
0.81746113295835254,1.2374829498140245,1
2.0644703112849685,-3.6454742334081232,0
-3.0776969266166532,-4.4587617929063157,0
3.2312784866392921,0.8368675479409462,1
-4.8582396528932046,-7.5517418679153678,0
3.5285562578324363,3.9112850444452838,1
3.6123333335275167,-0.73549558322488107,1
4.7413748682138142,5.4917242607986321,1
-0.088978463427509702,1.8910502960542992,0
3.848889015307698,3.588717914028102,1
0.58789508680110458,-1.3754482399049566,0
1.8043144947915393,4.4608147563724545,1
1.1600559108102044,-0.088545752184702842,1
1.3894393950925705,2.2681407780279605,1
0.08577956609891535,4.745966508623809,1
1.8075991473046367,-4.8882558672671452,0
4.2859446298639652,1.174673986971206,1
2.4685221903361478,3.7572812773249287,1
-3.3959573389314426,0.17705022704111784,0
6.8961628032947289,2.0838904774911158,1
4.7665691924890599,2.9278251741610308,1
-3.6040581340449984,-7.8454732947945471,0
5.1433927494705447,3.3240254830083376,1
-0.61118879119556757,1.3066517280481758,1
4.8145490307017287,-0.47856210904780028,1
-8.6093053801197073,-2.24868024905917,0
1.5294393688351224,-2.3803176291004409,0
0.59922435319722922,-1.5039427408581094,0
3.5817043958541319,4.0784201821959387,1
-2.3753679582860459,-0.81752560219115278,0
1.9189407309836828,3.7515521828726452,1
-4.1717368440456024,-3.8988194732699357,0
-2.1759020290065743,-0.28989189128458914,0
-3.3637838229815444,-5.6844580862950265,0
1.4512121747174902,6.3124382702012856,1
-2.9707602793969112,-4.1111409865600219,0
6.874382274187484,3.7607921159295516,1
-0.17803350553419994,-1.818804704597718,1
-3.9464283588628728,-2.5349719565819107,0
-4.9688176275075815,-0.91319304933696976,0
3.0983210503467187,0.67488596580885174,1
-5.2876121982320239,-2.3570974831716947,0
-6.8560003680064074,0.14690725290990336,0
-0.18573727985589006,4.0088055469564852,1
5.1208228980135413,1.916456355795866,1
-1.6528602350772359,-4.1185175321604559,0
-2.7312836622576269,1.9944201901938925,0
0.15200762692954095,-4.0260272697507409,0
4.6012615896976525,1.1447542636310752,1
4.414197053598131,3.2158642511200544,1
-1.6659386893118586,-0.11076074466426489,0
-1.2266648263147424,4.6464413965988829,1
1.5956692554310878,0.63839712655753722,1
-1.7093048056365012,-0.82311695569678989,0
-3.4783126980653885,-1.1770149002459074,0
-0.41995264397666432,3.9680623038701528,1
2.0259928476914668,3.8902946911593448,1
3.1598498287914492,1.42619201686408,1
-1.8699717160083162,-6.4776787097164412,0
3.6752935577129264,0.81247238899443186,1
-5.0559341884860398,-4.3429016099975879,0
-5.2209888981881738,-5.5358611845047498,0
-2.3957765322750477,-3.9040258573895379,0
1.3402838856027701,2.1121455527464086,1
5.9191322246184326,5.3500888283892998,1
4.9662589507726,4.3662415695959815,1
-1.8976735381796066,-2.0556832664531837,0
-4.9368097945589984,-3.5849762661010991,0
0.99687792922095708,6.9662898032955667,1
2.8549343017427469,-1.0338292292904363,1
-1.7992079487537689,1.0178376549550512,0
2.5823465933733263,0.90420641139012492,1
-1.5629772371453079,3.7842201418744139,1
2.0670466186117853,3.714508111517552,1
1.5325633833587498,3.3054242160119887,1
3.6576856112980423,7.8522329144213954,1
-4.5203023483802571,-1.8285937868469202,0
-1.7106757030987614,-2.3793570108420723,0
-1.4657114046285953,1.9875494615851386,1
-4.4897997146603261,0.018233818789588963,0
-7.1585310380204605,-0.60383278547559804,0
-5.4842389897189765,-4.5465698165645172,0
5.4161677152506869,6.0020309964414427,1
0.096354465771573583,-3.9750520589630369,0
2.9948283399197857,-0.29333674808300181,1
5.2866825980744485,2.2682905566914711,1
1.7409995287521551,3.4592195117776861,1
7.8828111356266399,0.38206367498587435,1
4.4137871499500143,3.9790618373790814,1
0.36143191045955003,2.8080371539377342,1
-3.821436541435375,-5.3472957719292484,0
4.372182200581654,2.3856308918034661,1
4.2262732041555413,2.9474729066761345,1
3.3413183405910818,3.3419152245886972,1
5.2497137178317326,5.0128130644209712,1
-4.4792216257997932,-0.90916466421667597,0
-4.9456397386355597,-1.3885454723889743,0
6.8261420033322757,0.92739366874316564,1
-5.6523479257287432,-4.6323515177397834,0
4.7986042231710888,1.3882568747227397,1
-1.9020497650608597,-0.85396165677059432,0
-4.6027275339261466,-3.0086309292628801,0
5.1046155020490271,6.9078691558731595,1
-4.8566150422864443,-0.61036782730423322,0
-3.8305332221801693,-4.1693297309891921,0
4.5441899860787061,4.6527637076365833,1
-1.6611543991628908,-5.241434976370499,0
3.0782384294645051,-2.7279146395438563,1
1.80578289531239,4.8303034089253618,1
0.12188928118876197,-1.84388740061567,1
-1.2176648092322964,-5.4762220892865141,0
3.4486871183598056,-0.36994512577424699,1
8.1996496327975503,4.0691052853989262,1
-1.6232060982336802,-3.1775152089097993,0
2.8196515607178623,7.8576090789795332,1
4.6798948143785051,4.9626359387053158,1
3.4108598366375067,1.2525488821503905,1
-2.8858740930729621,-4.017593399858046,0
-4.8823364195066858,-7.4659209175728609,0
-2.6086814121515007,-1.5644544427383134,0
1.0676535991897742,-3.2813838197545344,0
-6.2432249314393946,-2.0549818709600496,0
2.8644231277910799,-0.14790363042161347,1
-5.50741458399186,-3.0978893152364915,0
-0.66335956608083624,-4.3999494140245829,0
3.2314248537615096,4.1767968296763494,1
0.23213929814262402,-3.7430358370494434,0
-4.1308800621128992,-3.0017426951478967,0
4.4677748820387642,1.1055017947887549,1
-0.49880600476500891,2.9450184764524097,1
4.3601366168870506,-0.2205510436146354,1
1.1620000450049794,4.1975398135560988,1
-4.0535480580701506,-4.1008528131240407,0
-0.85292992555172464,-4.0785366915645014,0
7.1658862672232209,5.3903998630375813,1
2.487024318716708,3.2726824163739296,1
6.9802176083438887,3.5318581513988638,1
3.8083302314473664,0.79766989160990853,1
-2.9051073088043715,-5.0018154184945161,0
1.0956029999518195,4.1681493065855246,1
-3.1972579850466341,-3.1384617038153828,0
-5.7919665688561022,-6.5443728561108365,0
-6.8771548327699898,-3.4238057106866773,0
4.8589556297226615,3.2776585233293103,1
-2.8800709745501973,-4.5174065901354927,0
5.3821359321622282,3.9919609703334826,1
-1.4877211588347725,-3.5597281596325474,0
1.7570943343556229,0.2688352454113323,1
-3.8618224442915539,-10.49383727429727,0
-2.6414342819460312,-7.307162611004256,0
0.96165586794076097,1.6085463983727075,1
1.0414141254808371,5.6960122525589076,1
-0.14279475924785734,-4.6632075518820759,0
2.466076650368489,0.14434351543307189,1
-0.94235138516688721,-0.34750663735878362,0
1.8059006463594458,4.9854575632945783,1
-4.3824265614185682,-1.4884374769899824,0
3.2257065956236026,5.2034651355605881,1
-0.66895995381351714,-5.1363649262906481,0
-0.44588755357276533,-6.1802370483322004,0
-3.9419951886349409,4.7147551232209937,0
-3.3568860403550964,-5.3030775003241075,0
1.3630657944291569,2.7608659686627464,1
-2.9327453756756654,-3.740940978608934,0
-5.2180083355337148,-4.5915052076359828,0
4.6684083691784428,1.2144934749889791,1
-7.3828209495349757,2.6473123160998702,0
3.4231347154655447,3.3926180460862461,1
-1.2551854763103369,3.033912946582868,1
-2.0204305542648164,2.5605728132554093,0
7.940980465595838,3.8042761761646897,1
2.9567431582076202,4.1909120050339252,1
-7.2670526043321102,-5.3651708704673418,0
-2.937773276263707,-1.7460379682549381,0
6.3856856659956023,3.6167415622049921,1
-1.9126279015921026,-2.6486123863765023,0
3.645392298790755,0.33988532173536479,1
-6.1331341144219191,-1.6078382458164129,0
5.08206797798859,1.0409345973790238,1
-0.4749055081988689,-2.375904812610095,0
6.0637014543180729,0.43522138217341055,1
5.0981085992739317,-0.013548607275325697,1
0.99846973279105988,2.7022107653757041,1
0.60383984820614467,3.2692662645848469,1
0.9951504280150032,-3.268850201298128,0
0.95781428449386929,-0.98845675535617561,0
5.8320388419575,1.6963256830509661,1
2.9370225584058529,4.6556300113216862,1
3.2624346877586121,0.40445735788597448,1
1.6179377399760908,4.8833279754576662,1
7.2018667094268416,2.7273953296783593,1
8.6676997760654473,2.3705693457039265,1
2.564411495535543,-3.656801597739002,0
-0.39518155923359455,1.8692496687097155,1
2.8389778148886191,2.0281086441658034,1
-1.0524937032775845,-2.4627617420255863,0
-6.3042487226679444,-2.8665593204281858,0
-1.1321342492349507,-1.8596063583119411,0
-6.728251586639745,-1.3138989992206533,0
-2.7023607909963268,-1.7544720859912388,0
0.16100821304279167,-9.1555914902628039,0
-3.5363932911509139,-4.1308672399532096,0
2.6201445607619323,0.31471365566038889,1
-4.2374869783936404,-6.0595051579090224,0
-5.1914033864434632,-6.1491301885737233,0
-1.4405827097134833,-5.3537274153348253,0
7.4072405878828702,0.90285718015649374,1
-6.8228192998182555,-0.89072775551817829,0
-5.1809071589861908,-5.5963371172585088,0
-2.909475605169848,0.33043147713776033,0
-2.7151656596596947,-3.7861644118347515,0
-2.7513074433151119,-6.1651531930658567,0
-5.6737628289489379,-4.5088529474088404,0
-3.7098293075030941,-4.6054204478615901,0
-3.7153843625821903,-1.6402088556598329,0
7.6561144334192885,3.5189504282882016,1
0.28513976915750527,0.72798100388306164,0
-3.7709961810604646,-3.5656175188873025,0
-0.96124779354570933,-6.2536172949794118,0
0.28939602223497651,4.6991767282003565,1
-4.4223514497718712,-2.2853656192635166,0
-2.7896645328736684,-4.5818868855875401,0
4.3490652540174164,5.103496696897853,1
4.0374224820344988,5.6343239672945629,1
-2.3141053087526036,-3.5025360015854834,0
4.5180264496457667,0.87921225044147455,1
1.0831524990067374,-2.4755335685459148,0
-4.3579874428340064,-0.55324593022680268,0
2.4750288691121725,2.6273503610626854,1
-3.5160415534795098,-3.7028046250917468,0
0.74938003568038836,-4.9590851557733844,0
4.0996043150610584,5.3820153929417387,1
3.9409676290045188,0.6002565925517187,1
-2.1941021845193722,1.4343174393261018,0
0.93384157463230411,3.1421603580545021,1
-4.558270667192553,-5.8196305743597376,0
-6.3625497005108862,-3.2097752641325825,0
4.1892671371655199,7.6693905588667199,1
1.6620314098485416,5.6361340528977042,1
3.0677813039319517,3.2530295249396324,1
-6.0277375691718103,-5.6321603681225909,0
2.2976114251214002,-3.0631983519124022,0
-0.022237095816620922,3.681769616768233,1
2.2775952835557289,0.2214555780962626,1
3.3872099128780624,6.8175145004330595,1
-6.3122541689071152,-3.5024706603732709,0
-0.98669887517410126,-1.7257099365599766,0
-4.6020635363399798,-1.3328824077640724,0
-1.8515227132808032,1.5627464563315669,0
2.1244808088549165,2.8274633714067914,1
-3.5601038122491468,-3.3123247205890145,0
2.5770745727644293,1.3269788422851174,1
-6.8811502750983227,-4.9293991337426473,0
-4.8266714169295657,0.99541680660182852,0
2.5865604530134609,5.4896499671850041,1
4.9078961027938961,5.8042330926121251,1
2.3350404914636775,3.1590248986090455,1
1.3611403851827673,-1.4445487202064129,0
-4.8417802099873732,1.1777280900675509,0
3.5791791744961663,3.8973735799151439,1
-0.22325343457154689,4.4138017314121569,1
3.1698813881168921,5.9234461620385765,1
3.8451839892412001,3.2681359856622452,1
6.4778025031922315,7.8906969713583601,1
-1.8468068897517576,-0.63281871313168381,0
-0.87250875121843929,-3.5741177529790336,0
-2.6985204796742632,-2.2481753336209129,0
-0.073232361366920351,3.6744513041281506,1
1.6511254284603991,1.2809575315532307,0
-1.6601408561189928,0.29948133531205778,1
3.5872317905251028,0.96191658286447002,1
2.0921725914635303,2.9096769950173318,1
-5.6528638040408445,-0.50480624415392805,0
-2.0260323639537665,-2.3239850569370608,0
-4.4122321223174108,-2.3779068141508635,0
-4.2373379108927303,-2.8926636612593817,0
-4.4661152924092029,-4.657275900661034,0
-3.216290497053425,-1.853889509810599,0
3.4763291198361519,-0.75775960967344114,1
2.2219274549363086,4.3476184277666903,1
-4.2302475263441401,-4.893955802355265,0
-0.95745906205704312,2.907123336186983,1
2.0272486585919109,1.7805765493300119,1
3.7838223969077891,3.2377477314071621,1
-3.5024722806608768,-2.9423591855312563,0
5.9273506060514265,5.5455665249412371,1
1.3783850749500506,9.3546402003923461,1
7.2898873939573132,5.837027884515674,1
-3.4207481198480529,-0.99899524660490924,0
3.0758061800793124,-4.0072303409006444,0
10.206616416513391,2.2303904220037403,1
2.8144529456308449,2.7832595721339186,1
0.96956808991860699,-1.7041458815965549,0
-2.2248908449504508,-3.4419271334610029,0
-2.7743870558037989,-4.7242802285777952,0
0.84488265737102664,4.5745930936533821,1
3.4666678408395093,5.9926738755679771,1
4.1381125854555645,2.7331685896455644,1
4.4554916017773891,4.5922970182956497,1
4.5207614123722841,1.9834913475082192,1
-6.0799019599344124,-3.7847740076374219,0
-6.1993326116772156,-4.5482048611859121,0
-4.7486054550019841,-5.4539359059959587,0
3.6431917516890389,2.3062673766123778,1
5.5330415065168266,5.5934191648907561,1
4.1849189760021037,5.8754688317806414,1
-2.7528220337523654,-4.3958652032753385,0
-4.0403266174460475,-5.8415802638073311,0
2.6727627533893736,1.683804698274036,1
-5.5661401414646861,-1.4198367899005742,0
5.274395291410114,3.4870463860875285,1
-3.1451692070096509,-4.4133068034142333,0
2.3809338728789959,0.65927420245570856,1
4.2878235905242494,2.8578502275077953,1
1.4856360994958302,0.9908779773931693,1
-4.1682653764242827,-0.72752471123849638,0
7.1348379530243475,4.2006578384391569,1
-4.7677119336770026,-2.6827515315514456,0
2.0258577913499214,3.3522845011230129,1
-2.6343600327482548,0.064649452084897696,0
0.73171062654025665,-0.86776238607222389,1
-5.8315340135635854,-0.69409827039553784,0
-1.8373882254088849,-3.1804571225199134,0
2.1844400338592016,4.2905286799198707,1
0.3174592694008318,1.1912351075773611,1
6.7770419768548136,2.3841592171900148,1
-3.1199374544966458,-5.2537679206280643,0
2.5196174666008315,2.6329861901833658,1
-1.0800848490759529,2.5310379644972083,1
0.45843572831387513,-1.0897131137145895,0
-5.3002195688953568,-1.452780355204359,0
-1.2679865887828665,-0.66867089664881796,0
-0.1043185468374821,-1.8128899846911519,1
0.98201789154719066,1.1757958527180723,1
6.8550925167788899,3.8087776515126954,1
2.4409406863321763,3.0366366145291965,1
-2.1925856263220282,-5.40984626946228,0
7.8192274610499304,5.134076484237089,1
5.5437461112832711,7.0350039482992441,1
4.4584409498866826,4.9002179341569807,1
-0.84792006530379815,-3.021415559393847,0
4.4386967389205907,-1.4452466452846666,1
-0.9969742224036291,-6.1755667412492414,0
4.7214589619243537,2.9840367931020459,1
-2.0450457033089871,3.5654226612514037,1
5.2279727414406345,3.0551326677873427,1
-6.7690607305270056,-5.2592403143133577,0
6.735195515193892,3.7279387274596294,1
4.0728151564645021,-0.27407565665128475,1
0.14277481826352512,-4.7506499790954591,0
-5.2724043719543561,-3.0031930341435151,0
-6.5918180958230304,-7.1095802022822525,0
-3.9520143254470823,-4.4293845765375073,0
4.0498443488428482,3.8933743272233929,1
-3.6006986739498301,1.0074083203222326,0
0.62995844550430169,5.0304334826530965,1
-4.825472542774774,-3.7335225316393394,0
-1.3887477618103299,-3.8429261367504117,0
2.1802591237889803,0.24614396788383441,1
-5.2624568341763904,-7.24232471898216,0
5.0455436192475824,5.4513081733171207,1
1.8612935219840083,2.7946725552721761,1
-6.5528104263783522,-1.1792229426011196,0
-3.8220419139366029,-3.1132953008723949,0
-3.8086740557990422,-2.8446947473066158,0
2.6556202902558166,0.33065678896622464,1
0.67614263123573703,-1.9461507338086532,0
-3.3315933923439562,5.3682166983872168,1
0.53740602309641972,2.0560837406966392,1
0.79987237127174815,0.70646890728683065,1
2.1899045097110212,0.38249150097107254,1
0.35440337170395164,-0.65009756367026439,1
0.80616087907076528,0.97715277113779164,1
1.3506798905757773,1.156926620643824,1
3.558367404023389,2.6138858427222247,1
3.3107031254655248,0.50253245174757177,1
3.0512386105031815,2.392504956734181,1
8.1644867085825013,-1.4311110606424657,1
-7.2378127631876703,-2.5547639635286239,0
0.67479571964369933,2.4908368970883945,1
0.80429847287084444,4.7865180851724327,1
-2.2113911889706843,-4.1054376711240295,0
-1.2094086803981212,-2.4395974258668667,0
-1.3097286972444304,-3.1065845170652073,0
-4.4536263916473819,-2.455701334988408,0
-0.63890935195900189,-0.53102212325796039,0
0.29013909586574949,2.3959572365665123,1
-2.9025314444341075,-1.3993813255034784,0
3.8282124169160472,1.2172005184502863,1
-3.611211866778016,-0.24332249392352034,0
7.5970514959703959,3.8781732641661644,1
0.19606134165499345,1.8615919239503944,1
3.3903527506297348,1.475443616992054,1
3.7919508882823627,5.3940872271246461,1
-1.6944775287837808,-6.1216167144515703,0
-4.3277889573115402,-0.54035385640678868,0
-4.1356357390780429,-6.8844287873366756,0
-1.3635095012500464,-2.0569685474998969,0
-3.7959004185272835,-0.25655193312574642,0
4.9575188903409497,6.3829328691857565,1
3.5443211907913317,4.9204542844489154,1
-0.056613935899061829,-0.4716143700925306,1
5.254291449369596,1.9080867051536772,1
0.79181563653223774,3.6204981758505088,1
2.9809712510244584,1.9966292847847191,1
-0.030538995297016758,4.7498870034229537,1
-1.4530259545828152,-2.6520707394793419,0
-2.9299415662670443,-5.8705990177824763,0
-4.9195210886782732,-7.9115953460071893,0
-5.2276852329304422,-4.2476442027744472,0
4.4884847685579494,0.65869957105814203,1
1.5925352356917273,-2.6608748301497873,0
-3.1087936285523661,-6.431542122649109,0
1.5366471333882425,5.3832721390480849,1
4.9160053944169082,5.4607099705923767,1
-9.9459802486786959,-5.5542133962965066,0
0.96937666619857321,-6.3729568743750953,0
1.5819816118974233,-3.1879285641914721,0
4.0415135845036732,1.2933313415766254,1
1.0116737546602319,5.5349549117014956,1
-0.43784036499015144,-5.1902344252121271,0
6.5469606807136858,4.5369188960416897,1
-4.7516927420897987,-6.191577279756622,0
-1.1656388939376117,-3.117675939997695,0
5.7205388121766694,2.099564579282871,1
6.0039662833094685,3.7938475934225231,1
-4.3472954236671608,-1.7500680309188801,0
5.7078976859641353,2.0721991094826953,1
-4.6591140625780572,-2.5378447389362475,0
-4.5949527776879497,-1.9397971784970642,0
-1.8488517864949494,-2.728652175910744,0
2.7487390654261046,0.36605648871959673,1
-0.52524997918469074,-3.877521240178976,0
0.097716306942622122,6.3794730632481151,1
-3.4800412486824781,-1.0964874431163381,0
-0.54833361556586624,-3.6162220788053454,0
3.944996623405971,5.0302344974860294,1
1.9180159794155605,5.7942941005437367,1
5.3031365246499629,1.6611093015807479,1
0.043395839836658734,-0.31870054721836327,1
5.7061764553149663,3.7345176593659151,1
-6.1266040226352834,-1.9128980329884904,0
-3.7163523877069542,-7.2576700882435796,0
4.153486009434614,2.8728875846872448,1
3.2101538004990289,6.5218167632735797,1
-1.1082504531902693,-3.4994251359506463,0
-0.40955401814916614,-2.3692074942747139,0
-1.1752795419098927,1.4049121792397949,0
6.0463643677178052,5.0175883648019397,1
1.1804035613817359,5.9911741080846621,1
-1.3358488737634127,-5.2683918886037597,0
3.0951589445811849,3.0594198444093661,1
5.6487412094586498,3.5313600426733318,1
-3.4655387938356261,-6.6654581655554859,0
4.5405663321050618,3.9913428071314483,1
5.1508273342085005,6.3101599745340842,1
-2.4882280679321109,-5.3955253356662958,0
2.0486891514683152,4.0182205597546812,1
2.9259257416895896,3.4037726833324777,1
-4.4313800709374389,-0.2458461567650212,0
0.22433455074481934,0.017042983289621727,1
-8.8388169061305319,-6.6909225417369331,0
-3.2542945391832316,-2.7056996855998396,0
-0.32055019270095197,-6.2114483834366272,0
1.8960022050848679,3.4777298575120614,1
-3.8044675108646295,-2.5195972109080778,0
2.3764692066569615,2.2769060727145973,1
1.6807695530814735,0.66824434553277445,1
4.1179024839361409,3.4831421389164756,1
-0.32141919956900455,-0.74676767233267283,0
-3.6586290280187987,-5.1790850923942262,0
-1.6697053313378529,-5.0395170708228072,0
2.4672986038682962,-0.97076829845233981,0
-1.2104548982883376,-1.2776167425743197,0
-2.4853296679264201,0.28081387655151069,0
-4.2036459042572165,-0.089780945807167445,0
0.54625641487702392,2.8033057927516842,1
7.3152040855228755,1.005525130808185,1
-1.4792951610959053,-6.9129156694634952,0
5.0450165115835048,7.8046881065491291,1
3.9329126170121689,3.3436385052924633,1
4.0389807915510643,2.1903321148021488,1
-1.3106200297901027,-5.3954819001104308,0
-2.7732110163432031,5.8927332432617803,1
-1.4536351347697236,-4.9870879505383048,0
2.7712652870334114,3.6687087714233688,1
-5.3568218993392236,-4.4855458689955867,0
-4.6505807957585832,-3.8998469390911641,0
5.5060081860908054,1.5249654892959741,1
1.1382972221193484,-5.1469631714063606,0
1.0382359959705407,5.0985169141291777,1
-2.2130535012148567,-4.4861704384200483,0
-2.9124888266692626,-3.544376719667246,0
-3.8171766296155769,-6.5087928110215341,0
-2.7177975410261874,-1.4391937776812755,0
-3.8587213138819316,1.8267446639445692,0
1.2726506544176517,5.8093959622598668,1
-0.33665842370487464,-4.9343050225513219,0
-2.954760174580823,-2.9180571281967946,0
-3.5715050668829349,-3.6667500751260813,0
-4.1550875966286025,-3.0005131451358005,0
-3.5111209499805289,-4.2724244177775468,0
-0.92844066674251069,-4.7155133713833779,0
3.4010313568442689,-0.43425864984527784,1
6.2500537795254427,2.7455516597866385,1
-1.9776276764114227,-5.0471349408574806,0
6.7831867883724257,7.5641934396681068,1
-4.7923771780763271,-5.0063446861498502,0
-0.81992855960778321,-4.0023774229017128,0
4.729583115944517,2.5073346073728588,1
-5.4797250923875787,-3.0273659223320415,0
1.6838204463060074,0.73532039165070096,1
1.3020251286939388,3.6283971940015327,1
3.5290957628711133,6.1740163806769557,1
-6.7968964391024258,2.11170025218955,0
1.6762782652450556,8.6072731072363542,1
0.32235892706712876,0.7143447817575419,1
-3.251630486008021,-6.9975700723102703,0
4.4542868198068515,2.1495987134438286,1
1.6913300920864669,3.1756287749500016,1
2.0935203421296764,-9.4097109500357252,0
2.6871836187057134,4.0170484996306151,1
-7.8697672753980497,-2.0118838592532207,0
-0.096435730098164196,4.715911977308199,1
-0.2526600917316606,1.1263995127883595,0
5.2083878808680666,2.737034541160444,1
3.8914196886375207,3.6373424825557712,1
-6.5648959624723915,-2.0587456126979795,0
-3.9843359479914398,-3.5460147802469799,0
0.46547954086425802,-5.7124064982509175,0
2.9695996115859717,3.9184880044756234,1
-2.2745767330527524,-1.4571277841288794,0
-1.6950134527645426,2.7792719601163984,1
0.077766657888088009,5.6144865671601263,1
-0.78200704603071136,4.8947939732967995,1
-3.8805727607534215,-2.3335039537500881,0
-4.8608542749164751,-6.956050141668265,0
-2.9977700596014323,-3.110625906087594,0
0.97910985610485701,-4.2915258952772009,0
-0.68528531813490856,-3.2484753676869795,0
3.1372589473203578,1.4455434291973785,1
2.5444245944843331,-1.7234511727496056,1
-0.84885780633088981,-0.23131912221734252,1
2.9110138276812396,3.9467509412857167,1
4.9122324346897575,6.3889250493294591,1
5.0629615082180122,3.039568922390909,1
-1.5438897949130133,-2.0087624138200328,0
0.92212025909498774,0.016116057741092593,1
0.92450409101943798,-4.5670249959983078,0
-1.8773993150342698,2.3881353446720874,0
3.4683973051724624,4.9331067171462077,1
5.1152326205608443,2.7304756175305194,1
-4.5213767303505064,-4.4329034077986478,0
4.8102370960969596,1.1534788214389367,1
5.0336843462286973,2.9381330501235232,1
-0.026351587813258526,-3.2072912497561203,0
3.4826074553612076,-1.0855296589506818,1
3.3309171095624706,4.8128979846381608,1
3.9497710404146464,4.5894147437817656,1
-1.0159426263490472,5.2798700069651865,1
1.7758187120138187,6.2013270312799946,1
-0.025343109059194902,-6.5140391540191445,0
-1.0851029985905347,4.4040816377656835,1
2.4817376778681401,2.2862863606739867,1
-5.6579678231365564,-4.0817045233135936,0
5.3823584670624314,4.5842257562467559,1
-1.710645494825918,-0.33778046027846287,0
2.2597914125478602,1.3272577176156968,1
1.8339167555106763,4.8683277166627708,1
1.6590178469681018,1.1104382880274646,1
0.010864921490323365,1.9693256838193962,1
-3.2015036903460246,-1.1431341032915567,0
-0.78435229767712755,-6.1107365616590332,0
-7.315642190217682,-3.3553451123260696,0
-5.3947735541505928,-0.41997031002189678,0
4.5745826687261761,3.9922916845970131,1
0.099904424689488458,7.4378333655338524,1
-2.4690303886513272,-0.71316335629550931,1
0.2302290036191863,-0.34648748147403685,1
-3.5585854342743803,0.24435204286872692,0
6.904499500255846,4.6655764420348973,1
0.97594017107312103,-3.2140832057664106,0
-1.20756665317912,-2.7204434045700392,0
2.1140049368059,5.7669260334775236,1
2.6778795253915471,4.1823508793751509,1
-0.52844613586232425,5.7786615358981663,1
-2.1670521333945736,-2.148591932267065,0
1.6396537566340554,6.7215989775292044,1
1.6929289594964743,-0.10969694965058308,1
-1.4243821665505745,-1.0499566710192814,0
-2.9430957973069156,-1.9742992267067809,0
-3.8725631124916351,-1.5387946770789203,0
-2.1894197697952551,-2.0072050489647717,0
3.3860534599705567,3.5524493435986049,1
5.3928772054403096,1.2179444699549733,1
-4.0729357768730861,-3.5995755794435462,0
0.83124189597750098,4.6198651074948351,1
1.2759152868897543,1.5506813097792429,1
7.8162300707806303,5.0451883957373038,1
-2.4056333865610946,-2.541203242675075,0
-1.003640582059913,3.7836164249930935,1
-1.634438378989344,-3.37769518646172,0
3.5243772289518049,2.7087806095450455,1
-3.9221140876928398,-2.9100159161465031,0
-2.8132143287399942,-4.44219630424484,0
-1.947019114413771,0.36397865674585939,0
-2.2998624887162968,4.4009930368756862,1
-0.87699107189473757,-0.69857590589842466,0
-0.73590922146541082,-2.1588438887511363,0
2.8909823841272906,2.5947581963765307,1
2.8927758038185529,2.0403366752537537,1
-4.9417772748650766,-2.0487891466151464,0
2.9363069291484094,-0.20080801838281204,1
-2.8063134397966882,-6.3251960240898759,0
-3.5916080021331425,-1.192341605817405,0
1.1986593616251484,4.2577662752680485,1
1.6840391168649673,5.5862173443955978,1
2.3267048901877976,2.6775819076215956,1
-0.66200506553589822,6.1065313776477321,1
4.537964289349353,1.0480413818081913,1
0.32698023390696251,1.7990841042057182,1
3.3366764288634809,1.8790803325349834,1
-0.88648373822506255,-4.6544371915218239,0
-1.6899537057798466,-5.4323278645109099,0
-4.3399935327786912,-1.3149586417346693,0
3.7012528691607898,4.4233512568929196,1
-1.7833409232575723,-0.069922766811472581,0
-5.0245234469921982,-3.892925000959385,0
3.355965243944194,1.2395067365529879,1
2.530209311040601,5.8248567024627054,1
-3.1142986069334664,-4.6716253906176144,0
4.3381732594185412,-0.4453125440043868,1
-2.8711377008435814,-5.1705928933840744,0
-5.5933820415167572,-4.6561999746431066,0
-2.8655379521266839,-0.53273995868729473,0
-2.6720944761526706,-5.1210343237998739,0
2.0709080078748636,6.2855684823143205,1
-0.51958288322604274,-4.3408127756268673,0
0.90889007505733987,5.5258688764931607,1
-1.178968520834367,-2.2041859303010494,0
6.6543910758075366,1.9203850451096571,1
3.8649286461027579,2.727551132446921,1
1.8399637677469689,7.4369884385832608,1
-7.9845356786888351,-4.7045059047717572,0
-0.81814289383251371,-0.29385062931589356,1
1.7199810085611487,3.0859696057140122,1
-3.1178252875755121,-5.3777459127612568,0
4.4243327608077783,4.4308197442183959,1
3.4371983699877449,0.59834000011730692,1
4.9929270833551733,4.45701335081033,1
0.18768257301411007,-0.56476691057965933,0
-0.2073330529898465,-2.3666288426376267,0
-4.6651658770263325,-4.1363846552539858,0
-3.325001079804943,0.090336104495563951,0
-6.2066792673402738,-1.7690448700860177,0
-2.8432072460090922,-3.3310928652424385,0
1.1840661719378922,-1.2731254152023626,1
5.0474302268527973,2.708547719026988,1
3.434974659976441,4.6054446492302628,1
5.1772969102927728,3.0172979874007977,1
-5.5899392322680885,-2.5036330262840334,0
-5.5250091702182651,-0.36704238618174578,0
-0.86216905530063848,-1.5502471131267737,0
-2.3943470953086514,-1.4222084713730547,0
-2.7366172824332602,-4.4390895895900417,0
-5.6609012507923193,-3.6821948360130485,0
-0.70140907980258804,-4.4698312707844519,0
2.3143006188509183,2.8293749638302712,1
4.479654486468772,5.5389334306206202,1
1.6021333090918228,2.4049894871616191,1
-2.2080687142336202,-4.3719338662892877,0
-2.9679935054138893,-1.8474899425058049,0
-2.1699102588300141,-2.1441289707597968,0
-1.0690935383340929,-1.1660029045143805,0
0.18763780280515086,7.6670682697264869,1
4.049495421552443,-1.197525911409234,1
-7.1603564636360888,-3.4961171927112464,0
2.918484942836153,-1.835209579345058,1
1.5787455332375124,-1.3857357152680074,0
-1.3581501206500652,0.90830044741669891,1
6.7483151179066825,0.54538781201886932,1
4.7811523563341405,5.5540145735069686,1
0.68775247900708436,5.8790584847376834,1
-0.06279034939821182,3.6850059665978945,1
-1.2798779878423001,-5.3917855126692693,0
2.6554432410944497,2.5674810588666235,1
-3.1200626250056396,-1.7311310442417334,0
2.064855876807778,2.8718059685542414,1
1.708381734976179,2.8991908630868846,1
5.2568993082116151,-0.099976476635761813,1
3.2117783677298477,2.4738297351030267,1
3.6404918980447252,1.0346742211048527,1
0.98896214440900776,-0.10349141875473222,1
0.19424804127654216,-3.3746576945155136,0
-0.58174621515400471,-5.9858764158300541,0
-3.6873842571023943,-5.5739608108318341,0
-1.6007720369638101,-5.5715739993503188,0
5.1383429048412967,4.5165051828903096,1
2.0472309878318007,3.2631115723843642,1
3.2947251997328881,1.7961865571605751,1
-4.9001248650734475,-5.4642536755932554,0
-0.39273413234669308,-3.2110547661443487,1
-3.7715298461881037,-3.6606393205094347,0
2.1497223951170081,3.4548575092865246,1
-0.19979469946678519,2.5787489995814745,1
-4.2668839130801812,-3.5619014819677473,0
-5.5255043481556463,-6.1962119147063746,0
-6.1503740845201165,-5.9480427037419421,0
3.7748611797629712,4.6240290729363993,1
4.0507868184668965,4.1375933590909746,1
-4.8607881158015225,-2.7825119396016977,0
8.3114198968495927,3.6626454172156997,1
-0.24880248411458439,3.6278296407865618,1
0.42960164914356769,-4.5709059248481001,0
-1.8654017277042587,-4.7657760410692909,0
-3.3923456188124468,-1.2207336518112319,0
-4.5063269534214738,-5.8412978531202171,0
-1.6768120949824061,-5.9561577300299993,0
-3.7886999626208784,-2.022228638103345,0
-2.2688406683334921,-3.0892439141778976,0
-4.7688251629976097,-3.06368097911521,0
4.0275876720379742,5.8574209328473845,1
5.1229487417718271,2.7053477307099629,1
2.5547878825627421,-0.4418052680121809,0
-1.0667353782743898,-2.3500241697546,0
4.5852712544857921,4.5063886700588718,1
-2.2708794071092164,-1.9359030473394292,0
-0.86837062298613965,3.1887543616180198,1
6.5552535445916131,7.637938490759792,1
1.2787974561355266,-3.8039084434221238,0
0.26231676507218493,3.4105061176093052,1
-2.87171474284703,-1.4672594129276488,0
-5.3047127855646776,-2.1803826535668653,0
-4.3398186987928291,-0.39408668887177045,0
-1.5808232938955182,-2.5660173656892651,0
-2.4180315476597851,-3.7624710613066856,0
5.2980849553974396,0.57956909273180424,1
-6.483163974143805,-3.3750732935198107,0
-3.4184685395106231,-8.3786824425172028,0
-3.3158037185516993,0.36927964473199282,0
-2.212442451911055,0.26955952585820198,0
5.0297925831398871,-1.3789743229630478,1
0.74616154169961391,-5.819637711730568,0
0.85906017918084521,2.038938931216034,1
1.4530436671324365,1.8694983993538095,1
2.0506492983350553,3.8723262647956185,1
-4.2098435299847647,-8.1722228129888475,0
-2.9878092044836695,-6.514960256875459,0
-4.3893709724933512,-1.7943391481422044,0
4.9848954510209484,5.9700977195614122,1
3.8750252260603908,-0.40012854903113304,1
6.6884364835569698,-3.9061263988909269,1
-1.5755124522541839,-0.26213170178595435,0
8.0861727957752212,6.288603325758535,1
-4.1955788004127195,-5.4640630034983442,0
-4.7103101806004748,-1.1859800035043615,0
2.369275146193575,2.9334024055424801,1
-0.34780154193465274,-3.2537896811760949,0
3.7517421499085981,1.4225775955347739,1
4.6336075863443664,-0.052282621058734602,1
-1.4833777686810592,-4.3017944550124696,0
-0.63838112492862997,-4.8085814020804545,0
1.3257337432657119,3.7142346696888584,1
-5.9404217712198495,-4.6605967216737678,0
0.93385238980192176,1.1167903504486465,1
8.7443211769759017,3.6095388646013142,1
2.6640727991554534,2.4859312715963489,1
-2.0988600176873193,-3.5351789791167101,0
-3.662294999461075,-1.2104043613706754,0
-5.236048347439624,-1.5685837521494528,0
1.3758118635154279,1.7655385521939799,1
0.63003718413889986,2.4082265811900174,1
3.7628000603064375,-0.60178326906789348,1
2.1342926984086374,3.8221587478286927,1
0.32952714608316125,4.3090444161999493,1
-0.006959350320765445,0.59911970331705566,1
-4.2939410453762541,-3.4622715365243457,0
-4.1885925801307762,-3.8234740700037997,0
-3.2523959837236451,-4.2234885359183103,0
1.3269184677487207,3.3916799764445607,1
1.2183200818040374,7.7087329425009301,1
-2.454439510903824,-6.620246240330534,0
-3.4690920775416467,-4.3013065241380035,0
3.6812707720050337,3.557648425645481,1
2.7959152727963978,0.58449331347554123,1
-1.4149242810318485,1.9282182079394679,1
3.9455809206932053,4.6373752155814447,1
-3.6367117913885791,-4.2527265314474212,0
-0.47868233321584475,3.757002599561317,1
1.6048477657913889,4.6835966452507014,1
-7.6161415414131683,0.37499139708185592,0
-0.69614173481823949,1.6242047895014677,1
-6.0559078377737983,-2.4491445514585442,0
4.3118259347296926,4.8835066325748722,1
5.337109201685589,1.0615222970103406,1
-1.7228779340622606,-0.14901586962590363,0
-4.1010917809017879,-2.8285287552275169,0
-6.4868589599343016,-5.777107707193986,0
3.8514892115116872,0.87626527625561845,1
-9.5790333248382886,-4.4727900071655755,0
5.6241931727928307,1.1214636410287175,1
2.1869964189454811,1.4072818041750594,1
-0.39850943618531476,-2.2461436851050762,0
-5.1195548803084456,-3.6433448098583598,0
-5.6396622284360278,-2.9413658158034175,0
-0.92303223941893719,-2.1771067355312694,0
3.2250253499973809,4.4788246446192588,1
3.3549957378265045,7.5229414824731577,1
-4.4147832667463565,-2.4461618991752396,0
2.8968490163898211,-0.69973075098194437,1
-3.0886514833999632,0.094993104036302789,0
4.7409613387307408,3.1084234265488222,1
1.6213561583718767,2.0895310038911576,1
-2.6705727066291751,-4.8437898361712888,0
1.906833354217859,2.339787847581654,1
-0.33269173113336725,4.7214867619940906,1
-2.2447697811042691,-1.4155414241125368,0
2.5329801499217952,5.39010242191857,1
3.2631114054496697,4.1713826773540337,1
-2.0020847335582324,-4.3194799823987582,0
1.6509371595695279,1.7487345625810187,1
-5.2100742933497468,-3.6002226419545833,0
4.686766112744845,5.8555951888368458,1
-3.831931881458122,-3.7533189272588485,0
4.0850840896531011,4.3885155615624045,1
4.5186167356191032,0.25128599075943026,1
-1.7115082875194971,0.98728858477181936,0
1.1376179072804602,-3.1120840776481136,0
-5.3374387157641543,-3.9362567859257087,0
-3.4327158337430905,1.1013998473680191,0
2.3364622809835951,2.2771839069918585,1
-3.4182927272005434,-4.831829518071566,0
6.3737768309879783,1.8086470852848917,1
-2.7808727626297145,-1.645075813237808,0
6.0898709514658522,3.7585434814450362,1
5.6771841714307545,3.7745768389453347,1
4.0204837205789996,1.5502874130763045,1
2.3292233969714218,1.125738675876321,1
-4.6031745846768892,0.81866016084400473,0
-1.6520027591866213,-7.1420991707471897,0
4.8632290553784605,1.0763715250221606,1
-0.766820774645395,-1.2296832786983107,0
-4.1735606632350075,-1.7952506085463229,0
-1.4935631129457354,-4.1311482566452646,0
-5.4717236509827369,-3.2753969522970379,0
1.2444950363242242,-0.07363342207149115,0
-0.038943252815524243,5.7166068552569929,1
-1.8163600819203438,-4.74344593146572,0
-3.383707934422862,-2.652217764935537,0
-4.7177834790595909,-2.0696193387032888,0
-0.24027031231458595,3.8991843215838879,1
2.4680867264028334,2.9231918890010644,1
4.7852086759042471,3.2368055816718324,1
6.4270777217741619,3.5655446250178562,1
2.913631419690744,5.9557040519114191,1
-4.4700197688056171,-4.683233870055223,0
-3.7723126657723727,1.589568580568292,0
-2.7852455441078527,-5.6195331235722179,0
0.26704489842433476,0.60261616905780846,0
-5.4373691240092636,-5.0913397065298458,0
2.0666098405668074,0.61843552935509116,1
4.2392023618012402,7.7296258089983354,1
-2.1372349083928555,-2.8037758160455417,0
-2.5741519132930923,-0.73195867626546551,0
-3.4062147802926432,-3.6893068440547232,0
2.7223722189555017,-5.8276317640847903,0
-6.5432814850789445,-2.6990835975037673,0
-3.2200074133496233,-4.4372805451507311,0
-7.7192818297790389,-3.3980563659409184,0
-2.315463275744075,-5.8298581851779412,0
3.7183734416637177,5.6201849109113375,1
3.2046576213366671,6.0881748447175035,1
-4.7265213847948626,-1.6363496108594413,0
6.5372947317706114,3.0851132864297486,1
-2.020271958228304,-3.1422433847324438,0
-1.8180802092955908,-0.20495218058941811,0
0.071416859235200025,-1.806944742640672,0
1.8216014130192899,3.8989605952768205,1
0.96793971293818437,0.13028706087273401,1
-0.29944653032515411,0.76148415660839675,1
-3.4885134931864394,-3.984837123090375,0
-1.7355159275482013,1.3534365064452194,0
3.5510609660135395,3.1757896893180657,1
2.8382277729804439,5.9208628191548538,1
4.0228064993572996,4.5267645420614411,1
-5.0815875972200253,-3.0989357357323581,0
3.5530968401705518,-0.32536107294444205,1
1.0932063807081858,5.2075420448488501,1
-4.3889193177948567,-4.6683055349133911,0
4.0531187552642685,3.4874734645291738,1
5.54493257325122,5.8418597151518572,1
-4.1635301773553079,-1.315428468502374,0
-3.082583031329559,-1.9686554592505845,0
5.4453958925463342,-0.35506014643146244,1
2.756161482978948,-0.29690082442127608,1
3.3487218733739312,7.1366203615471937,1
-2.4671806141550032,-4.4060977973138735,0
4.5425521938365092,4.5500570038402124,1
3.0489732844491,0.75911569984471194,1
0.80679361711280739,3.4986879685606351,1
-0.40915853415401493,-3.8838267484533837,0
5.1802097026253788,3.28863475817296,1
-0.17733930429728106,1.3598229984276906,1
-0.90291741248236246,-1.4049254865304179,0
-2.021635843298033,-1.2152324624534356,0
-3.0976865679492196,-1.3656591380996477,0
-2.9382205737761833,-4.1691535480390947,0
-1.6863911944881431,-5.0197570809396836,0
-7.6398896327288401,2.5561901434026844,0
-1.8599774621148515,-7.3620744414137462,0
3.9956585412775589,5.1076266120265554,1
4.9831583749971173,-0.87694934828295645,1
-2.4670454389727268,-4.712271536426849,0
3.7962955374575662,4.7803781281944708,1
-3.1015917883202513,-1.6464484772932342,0
-6.9653536131104739,-6.8637669435993534,0
4.4277494394455115,6.0806855886940543,1
-2.8265604095703942,-3.3303642695851057,0
1.6266621509086869,-5.852319382978397,0
4.3666270342996754,4.292241404368176,1
-1.7441444957098848,-4.597915135115481,0
7.8534037595777457,2.6575996874844794,1
0.61527350462584618,1.3620405474911152,1
1.2053001448910896,-1.328285767482434,0
-1.6023729223422623,0.055225920306176235,0
-5.6822033103600944,-1.778973932373215,0
0.11521315028282242,2.6680120583846283,1
0.88492853116785275,5.1826757908212375,1
-5.5383477891964397,-1.6266835512315863,0
3.4654743535990695,3.7575178674592893,1
-2.8351114870481364,-4.9869844121984972,0
4.559003177595029,0.46042574405631864,1
3.5196212734739754,3.22866110247362,1
-4.577719231493286,-5.6878046079466777,0
-0.059401478700791266,-0.00804741829330613,0
5.5692502548838201,2.6975363378549408,1
-1.9023633780177058,-2.0168496412845398,0
0.86842450961273743,3.5342522557433673,1
1.9261013560355813,5.4657661308715015,1
1.5397419289007832,4.4723270989078046,1
-5.7938277087474042,-3.1806689308942855,0
3.7191405786675649,5.6712672679405616,1
-2.7767162403910404,-2.7568903929053001,0
-3.2414639029749281,-1.0802825870901449,0
-3.2078258409348659,-2.8307936283922381,0
-1.8351798746589609,-4.597378237257999,0
-0.17361851355359859,-5.7708294500267705,0
-1.4759201904255592,2.3467305252369428,1
-3.504455759167902,-6.5165535604633531,0
5.8777405694728291,2.3692261004579835,1
6.3321103167368111,5.7870346871830094,1
0.028342743949440585,-1.9032250880443802,0
-1.7466610536450826,-0.61372116514912411,0
-2.2321097745110361,-2.6033388800282529,0
0.83799199749281783,4.8201582700348418,1
6.1217035384535121,0.83129384926572225,1
1.2902916676269556,-0.12889456113903552,1
4.4302095999127697,4.937504455990557,1
3.5759884891902107,3.8293960741575179,1
0.67522010411575772,2.4310262709452339,1
-4.6152724308562343,-5.6529378559981556,0
-5.0040704519566139,-3.2644568349899954,0
-0.73492714685953642,-2.9381799868181306,0
-5.7323153986077839,-6.698327506794957,0
-5.1607607139982319,-0.99897425326018929,0
2.5561212157991724,0.12455366377376231,1
0.69151222003616075,4.5295729470407462,1
-1.7606106618088788,-1.9115152166597127,0
-4.6012457390276671,0.031148975391450673,0
-4.4499852627208263,-4.0356049667259173,0
1.9804430388064824,4.0354661967496082,1
0.30753417142307393,2.843285118756294,1
-1.2781085924557123,-0.80115012137076702,0
5.1604221062925362,-0.69053507771678069,1
2.0825505350088358,3.18758601748099,1
2.9870951483047592,1.1157944820626942,1
0.40053712310307477,2.6571021271359196,1
-3.209491652082054,-4.476674640308425,0
-3.0714377291006403,-2.0089862354741914,0
-1.8709601330990486,-2.3899991250530683,0
0.16535668861935582,2.0632331861376052,1
7.0874785239749425,4.902336623554473,1
-2.5019045424176611,-5.669935158092386,0
-6.2235761721571343,-2.9382399141592352,0
-4.1381669674414132,-2.3929485320129311,0
3.3099276575471683,4.6093690613382483,1
0.41456703292544095,-1.22693285313929,0
-3.0999701106105735,-2.3687494196962886,0
6.213493404162322,4.2171785621403712,1
1.8242667757356539,4.8181057714093036,1
-5.8230780459172209,-2.6764897445780447,0
0.93697176183743425,-2.5545350476406172,0
-8.1641192252878749,-5.6565514761343048,0
5.3701018012542745,2.3822656430692191,1
-2.3750052020308066,-2.7198873517993927,0
5.3213978499157637,5.834690899879563,1
-1.2746136483924706,-5.3652967768235538,0
-2.1430481528126197,-0.33778120924599575,0
-3.2033805408235225,-9.0521360967824336,0
-3.2441205634140307,-3.7613091706500343,0
3.939176068548103,2.9105919949811958,1
1.4123892076497855,4.8723264738842031,1
-4.113647152228026,-3.2674701339586774,0
1.6433828801020864,4.6929184627681373,1
4.6600200854901193,3.5135490512482903,1
2.6774549056999941,0.043159874881891103,1
-3.62417657554602,-1.689644835011245,0
4.3456910828609105,0.874467500527214,1
2.968283543924795,4.5342578088596124,1
-3.1517984362092482,-1.9419708356031804,0
0.75737686973965301,1.7774128834606766,1
2.0694186007375532,2.1880809229220941,1
-6.2521972153245295,-1.5021067318818138,0
-3.3398347605528742,-2.7048457578899439,0
0.20690317367316924,2.6103206435587705,1
-6.3259355445223102,-6.2761187750830354,0
-3.9060757747994952,-2.6841959398399737,0
-2.734110941018729,-0.59917115408371169,0
1.814486641651111,-0.38646009032927742,1
4.7386724109058065,0.83816619040943685,1
4.3499110087707589,1.4082364767603563,1
2.5077625976137776,2.7158091338535728,1
2.2601013420735532,3.2671471021155751,1
-1.6665038935757248,-3.0630107193539917,0
3.0286912864943081,1.9979531180886543,1
6.5159787199392181,2.8720000431994945,1
0.34000196911953617,-2.1332482899507674,0
-3.0790784335115235,-0.33732266944875278,0
2.038382393062836,2.9817952829643142,1
-3.9285798777768282,-3.7112101799281612,0
-1.3815429729536151,-2.2281521745768993,0
3.5878383545394903,-1.1487190602171937,1
3.1760045758170299,2.6120983372628119,1
7.1997825777364524,4.3018171556823406,1
4.6415399353294706,1.8643277546169827,1
-3.8580117761769457,-5.6209136420903327,0
6.2809394961047804,5.1602674855726569,1
3.9495073865873778,5.5333801400737137,1
2.8894595655000228,4.1303926962741908,1
3.119927757889196,2.6439610476407127,1
-3.0900508877993582,-1.6284549565961404,0
-6.5212120991894347,-3.0337780199008337,0
4.4168660923249723,-0.099855395109076373,1
-2.6282100958284564,-3.5165553005812749,0
-5.2710580186778113,-1.2188507849576693,0
-3.2065989636617211,-5.2044404097156427,0
1.702997547878321,3.4122736714955555,1
0.48044703055741023,-4.9716502085062118,0
-1.7393196448228234,-6.7580397428366581,0
-3.8420919179249626,-4.3173428004863084,0
-3.1689860055661252,-2.812935072178655,0
-0.92968853666167028,-4.8162708702824402,0
-5.3441939455934548,-4.4530673024232277,0
0.29082394407303891,-1.8571599697859718,0
-2.7286493276719477,-1.9408382570296496,0
-2.0858625071647952,-2.6190265911917052,1
-1.1643922360651624,-3.0959832012963311,0
-2.5690941622508077,-2.7606417547695745,0
3.8002300060614114,2.460964781806128,1
-1.8557053349794503,-6.0448418040617042,0
-5.7977396824721268,-4.9086701026901771,0
-4.1258736811744514,-3.1158441080693784,0
2.4765880896775965,-0.7011298139470945,1
3.4108498524258364,0.22877022723709217,1
-2.6281140045778804,-5.4049805297749201,0
-2.1270264662527447,-5.8486150729963624,0
-1.2992124930830016,-3.0595958930364762,0
2.627405678608282,4.278416533415264,1
4.8027761915853828,1.2055250820353076,1
5.517090122707474,3.7055499155436884,1
-0.88106994234265201,-1.6012930293801124,0
4.1137652724927332,0.32214220361619628,1
7.1401059990734614,4.0263698502555503,1
-0.59464259315061874,-4.988454720602193,0
-1.2827185672695511,-1.4424212261341329,0
7.4852154176718928,-1.8328570249257101,1
-1.3305631503849509,-2.6465163248129802,0
1.8708819129356014,2.5622093733885345,1
-1.4510779452348623,-1.2797523797815253,0
2.3299622813185206,-3.466667293494115,0
-2.6650939850174136,-5.0967001219844814,0
-2.8051720636399975,-2.7337953867423508,0
3.8629431359810553,4.3630719574404973,1
1.0364086498440384,5.1681950265235228,1
-0.79171233623217097,-2.7685962550769574,0
-4.9593167056416307,-4.7303567125086907,0
-3.5470803786465241,-7.1293426037929049,0
-0.93823823841823639,-4.3403947085871906,0
1.9083085075274966,3.9304175433762945,1
-3.5286136358444149,-1.6412226925144782,0
-3.0505178236310364,-3.6084272802006288,0
1.6542726961550043,-1.0817055981130386,1
3.6158049437201445,4.7662138624415284,1
-1.7903543879370665,-1.1479443644352192,0
-5.6396397272324013,-2.6323945990692357,0
-3.2796199564954867,-0.74722474178254306,0
0.87669234251257855,3.5503463719966111,1
-1.0152897977859734,0.8164647479748175,1
2.9079283944911407,1.1883465169293237,1
0.62045931842343149,-1.8387416763048674,0
-2.6331161879682705,-4.61326377034821,0
-0.049665160875065339,6.2313082344940263,1
0.94738005000193937,3.7914895424370538,1
2.4597300343521598,3.7632083827086236,1
-2.4686118017076115,-4.9506646947385136,0
4.1344786677738448,2.9983768318488404,1
3.193445210806285,3.3451514036949725,1
-1.0441103607078128,-3.5440556245051118,0
1.2667702270337138,2.534573013156705,1
-2.7500373885347842,-6.8516715386058014,0
2.2280187160990437,1.8667543675599507,1
-2.1140216551775435,-1.7085601722534949,0
1.4805763449441844,3.8643277642765383,1
-1.2681112999204374,-4.376804561698223,0
0.27575202555427003,-0.2016374314307372,1
2.9612989925206716,5.1374836909482973,1
0.64542211460363497,0.1068341795631782,1
2.9107522425555308,0.93091091149414407,1
4.4700323557554764,-1.429182522270092,1
-4.8519633235806729,-1.4111028771757606,0
5.0501238597803439,5.0600274170000592,1
4.2481308973775711,2.9154920565167375,1
-0.79037022635060472,-5.805771955874258,0
-3.05481669868866,-0.34125562644047047,0
-1.1947900512598264,-0.58170600418287233,0
3.94621373468734,3.6347367820360987,1
-3.6848662428904877,-3.0608028717758868,0
-3.1669195246956989,-1.1422002265259781,0
-6.6788203334366454,-1.9922260624303483,0
-4.4798234326239088,-3.4532423112604587,0
5.350935539123884,2.1394971498115023,1
5.4663350046407881,0.53771601417679538,1
-2.3741490881156531,-3.4619502689097921,0
3.2575321123709937,2.9196910195149686,1
2.6594798182021835,0.15522766103764241,1
2.5470401533322091,-3.5173811477683108,0
-0.21571443493449083,-4.1468573851804917,0
-3.4911865759772738,-5.0175358266084693,0
-0.48060240627326234,-7.0916673885942387,0
-2.2421515943485542,-4.2447363926240591,0
2.1559388033659177,0.29466747056057629,1
4.7935511025345567,2.3391007631665497,1
-1.0821457099763494,0.95337440854509925,1
0.26600785855546505,-3.6507896263080992,0
-3.8541830927935563,2.707393628133385,0
3.6097696882843522,4.1153912322424384,1
2.8106824970096405,6.0304392429493774,1
2.9811551825814093,2.6761392931121821,1
4.8413867142361422,1.4372009167291944,1
-4.8494623171942468,-3.9310033356032084,0
-1.7095942710263861,-5.5887083679431502,0
1.2688659494659813,4.0066288024695336,1
5.2020958187769057,-0.46188430497920852,1
1.9233750518336747,3.9740655584989755,1
1.5851299265336567,0.61354803152345205,1
-1.140295207435575,-0.27579161557527465,0
-6.165419373523549,-10.29343916047617,0
-0.21739568827540401,-4.949953028081099,0
0.37966270005964953,-0.18075509027222258,1
1.7005147431150074,2.50791153034849,1
3.7235797862964075,5.5188532951947771,1
2.6163836138929844,1.9951060527841846,1
-1.0204000183170043,-6.7016427809546109,0
2.4675600205799286,-3.2813017641182642,0
-1.7717471362149386,-6.9713656452207484,0
1.8470601272452496,3.6985617214141744,1
-4.7617670035104247,-4.5118364462140503,0
5.273630341790005,-1.4045946827242162,1
-1.0764892277193323,0.33692454772770963,0
-3.3725132646537497,-0.25010717998785292,0
-1.5212440510045573,3.320821989229934,1
-0.61565725585793185,2.8009084798880766,1
3.2488201833482022,2.2552118262902296,1
-3.491280876233005,-2.7910408424671211,0
4.1047316556072433,4.5974722000520369,1
-4.4027457142776356,4.1422319597280586,0
0.48185406235263972,-1.02252521179431,1
-2.2940097486067983,-1.9342444901785547,0
-4.6295047725344638,-3.4394796169634723,0
-4.1843441376202781,-2.5559615164102385,0
-0.28941318531465265,-3.0577883176711333,0
1.4610803339140865,-0.78317934254250554,0
-5.2372037760284238,-2.5404308588457289,0
-4.1921292674344599,-8.8525520074199751,0
1.691668996509637,2.9484912524345281,1
5.9292751025300987,-0.39966612149466529,1
-1.9113485960150725,-1.4686799100727359,0
2.2091470764213921,-0.36449776668074163,1
-0.85347213968605784,-0.97321862147362515,0
-4.3426457657138817,-5.8344476882788374,0
6.2601377224441848,6.4257783270199553,1
-3.1024469438639071,-4.2320303410507218,0
-3.0126565237408323,-3.7229665629812221,0
-3.1506083622969947,-1.8692237533034552,0
2.3810821258299275,4.1368804378322634,1
-1.6599655954897439,-2.0840564647120732,0
2.7957103275663568,5.5971958991636512,1
-0.85009195230896495,-8.0004343925954728,0
-0.64488222964116604,2.4416274321049527,1
-6.1976644938583689,0.43196453173749516,0
4.9997263558877343,6.4516779923246101,1
1.9368364648702423,1.0218631642203646,1
-2.3734586162410904,-1.4554275478932432,0
3.4012536754521348,5.4695964207408885,1
-0.40039278697819736,-0.11251682881618219,0
-3.7311161374187556,-3.745875251899478,0
-7.1426357224140657,-5.7281300541913325,0
-2.3382326212681854,-2.0392363891557532,0
1.9133986528866578,1.8018757372359344,1
5.235367830277891,2.1760416538973146,1
4.0543644781114718,3.8110682568981864,1
2.6178493584278169,3.6349900334849639,1
3.1621057287195522,2.2194283028350146,1
-1.2408135799494244,-6.0482687359050509,0
-2.1364196702791372,-0.64864998458721201,0
2.3509762254452755,0.9990921926694738,1
3.9374318928887582,2.6339730539554194,1
5.156021890146949,4.2173045834218392,1
-3.502446184736467,-5.5235057689547986,0
-3.136573539158066,-7.2316836755270026,0
0.38515134260716621,3.4757522582042752,1
-1.184335104904445,0.92763939907844284,1
-5.7400705433226591,-3.4985946987614644,0
1.0339560160737029,0.76582599087377146,1
-0.086913888979676557,4.4435692178858579,1
-3.2535077760815323,-1.913419247744695,0
1.4924791826775736,3.4856309585190832,1
-0.7210286367630232,6.3048100824099045,1
-1.1061387227330759,-3.6584071431296237,0
-6.6441890220912292,-2.7655200135394264,0
5.8878482523695137,0.53352974163862399,1
3.5227014047037026,-0.37771347278000444,1
-2.8590491178226651,-7.0171310676429144,0
-1.1554667723659611,1.6359954147914788,0
-4.3980961283422779,-1.6580114746917161,0
-1.2743779050653607,-4.1552085923340565,0
4.1689254693087623,4.327458180503557,1
3.1376051756700387,1.9214863742259098,1
3.8749573382619453,1.3260946484832943,1
-4.6982218496421604,-5.8883413092374166,0
4.8727333489036644,2.2601427696995842,1
3.9357146314862339,6.8030940972430951,1
-0.97984600173069714,-5.3421644313150658,0
-0.86622694701490976,-2.7899533482477961,0
2.3942853649902958,4.1557803012754331,1
-6.1057254358030857,-1.0802794252792682,0
-1.973806581958085,-1.0944471471477786,0
-4.744260403646928,-3.6216062941706015,0
-4.0239660917426736,-2.511220669204929,0
4.4728242437960866,2.5124707306912026,1
-6.1565757803237364,1.9778395722092972,0
6.5398035159238743,3.6922350169716398,1
-4.8662536371809946,-0.95855053955052893,0
-4.5055271826072509,-1.2813973373942444,0
-6.3440617171240206,-3.1574728613305481,0
1.6545529429551951,2.7233773067745397,1
-3.2315534209662968,-7.8573413148575684,0
5.6362938867783363,0.022481932118027625,1
-5.2670281984545939,-4.0950694774890088,0
-0.69507774947353296,-5.1833761301546186,0
2.1606063343446431,4.0461717007308255,1
0.43834698954132723,-1.2801571551855246,0
3.3375605169270237,1.9640589493566571,1
-3.4076671226881494,-3.2506560589922793,0
2.1248538279731628,-3.6772174617038988,0
1.1656725659869702,0.0555593941062833,1
6.0113855525127455,4.3019017553045966,1
-0.68850932514333518,-3.1102420837683868,0
-4.5931052981762122,-3.5369680361098084,0
-4.6390925067000559,-2.6798953411613282,0
-2.9931114059596973,-4.4298679707055157,0
-0.11519346974997768,3.2910702576824709,1
-5.119466067612219,-1.1493260342251759,0
-5.0482936807839156,-3.5720546582571977,0
4.6758849402794,0.27035285341590809,1
0.35521520289581865,0.10405291335962019,1
5.9259653015311669,4.4670635992935166,1
2.5511852698620903,4.7016142261003075,1
-6.8972928061431986,-1.6576309572221311,0
-0.26121393089121581,-0.057712114671138348,1
3.2282421572353091,0.61326269595003158,1
5.6691240577291317,0.06500673914619215,1
-5.8365855362070107,-6.4285193768219688,0
1.6487880865761348,1.3783038536426282,1
5.9660007543488867,5.5665941669570271,1
0.74875944816909756,2.7585048667355405,1
2.1051100951137056,4.7209259026999044,1
-2.9601909946074718,-5.4116350405246649,0
-0.25426052962051227,3.1398588786244224,1
-1.8529695688785748,-1.8544664209128365,0
-0.4978325720615171,-2.9198016399490934,0
0.84091166222067182,3.6239266364610989,1
3.9985847720135754,8.5982910786993312,1
-6.1966125329111197,-2.2620348317982266,0
-4.2164167992150254,-3.0985191907023601,0
2.2226409626803507,6.3287135152012439,1
1.4243924170016784,5.1080057852290892,1
0.0094689368235703064,-1.2529345964382672,0
0.21881458342782345,1.4199684818498657,1
9.0172375339874371,5.428681001004092,1
2.4858956660896045,-1.1634422065387815,1
3.7782656031284367,5.207110076034339,1
-2.1584153488152937,6.445848862005894,1
3.5678341005600203,0.58150961003640989,1
-5.0126566106954975,-7.6959657309357583,0
-4.1731008048371283,-4.5179902894395241,0
1.7563936009859151,4.2021909872421253,1
1.2209670527722065,2.1605075741722932,1
2.0579126749817633,4.2532049617274152,1
3.1636424543421895,3.161025206336185,1
-4.42662443593475,-0.39068174765919572,0
-7.6660761141276303,-1.1485577452036055,0
0.2632987555538211,-4.3086261303915183,0
8.6942784687559858,3.8794780727662537,1
1.8758642715011282,3.6507761044012796,1
2.0074712150190797,3.4630459850969744,1
3.1638878151189536,0.011058228839281536,1
-3.6533395224603535,-5.4015973545966887,0
5.9366166768439754,5.2941089208622376,1
2.6856913908893936,2.9728888219024947,1
4.856823417277262,4.3850825568451857,1
-3.7052842786983118,-4.6772470182083303,0
4.1383064857908058,3.3633745134088135,1
-3.529486889121888,-0.93291616684245504,0
1.6674603700748012,-1.6587082625190406,0
5.5114282549956544,3.8874199936160405,1
-5.5975440507982839,-3.9312062699748607,0
-5.6513500862594981,-8.3626117129035205,0
1.0799099648265464,3.0595945701546907,1
1.4614233267381957,4.7107476766538543,1
0.36308313238129664,1.9501937363971891,1
-4.5828285080928808,-4.2675475868529968,0
-0.60569853748280345,5.4495792145623501,1
-3.9789283943196367,0.075704728022091494,0
3.6265256425995833,6.3605595264825983,1
3.434441942650206,-0.12708692308195957,1
-4.1951906413075424,-3.6431028796316878,0
-4.1266764308253308,-2.5230607522778845,0
-3.9629326854557259,-3.4593254171804366,0
4.3387064203405643,7.6059164787272078,1
2.5113228023883183,4.4422490910946113,1
-3.4905923454696626,-5.5841814629718058,0
-2.2722416732487316,0.9281544750824966,0
2.2907605352852949,3.1059456956063807,1
-3.3964076300666015,-2.5920675608103987,0
3.1270276202220479,3.547572545255758,1
4.2619328416532971,3.1440925286262789,1
-4.2221991544185009,-4.4607207355788123,0
3.0889671137403996,1.0447174727877824,1
0.42839948497716218,0.4218465411395047,0
-4.7984820975383409,-3.6484192318552648,0
-4.0447549657166588,-3.1293972146479114,0
3.8841425509882419,-0.56483353796044966,1
1.7054158944386228,5.5849947339469104,1
-4.0427899576982806,-2.3559883865371836,0
2.2487971090337187,2.0997302607630033,1
-2.3322430931328162,4.4989772179801388,1
-4.0937339723257988,-0.59895785467570972,0
3.0302642671514923,5.5065254799687278,1
3.0007616978850575,2.0060955872955386,1
-8.0747044499919092,-5.0794471744253817,0
3.002083474788229,4.8208199646802772,1
5.2276818809393628,0.71047454454306758,1
1.4834414485385305,1.9430643623541994,1
3.8122119562427383,3.7771600633159292,1
-5.1177719503984633,-1.7904800270505659,0
4.8782512238256688,3.7760364355608318,1
3.7587916712811107,0.43268234633728486,1
0.8609476025934435,2.2862330191568194,1
-0.66648633548196035,-2.4149564339004241,0
-3.0311141447042504,-0.67037547673811693,0
0.57537717825553081,-3.7371167509039918,0
1.1099597541417994,4.2330144422436344,1
5.1527029147167944,2.243962127568806,1
-4.6527988284964632,-8.1157835604458111,0
-2.6331765961451215,-5.9863833527136467,0
-3.3083775890789924,-6.9082780058966549,0
4.5057016408014192,9.3330064733204647,1
-3.5313692491120365,-0.81200438175336087,0
-4.5449980392393101,-6.2353298895999689,0
-0.36403143474412136,-4.0532677640342794,0
0.10709443596880996,5.8118905652825106,1
5.0726008277366361,2.451907319379893,1
4.2925772734312257,0.001198076759242106,1
-3.143173079179542,-3.4106760529719855,0
-4.8426100976324635,-4.9899409030489377,0
-2.6988151477604738,-6.6590366882611551,0
-3.6350702765246012,-0.086334714537615209,0
-5.0862657481437044,-0.57674986175564591,0
-1.543388552183705,-0.54576121489794938,0
2.220151978371578,2.8442567082908363,1
2.6265855642814562,4.5296032179206875,1
0.90513627275813047,6.3872836758689528,1
1.6236223356854389,8.9512370957058547,1
-1.4522063227512265,-0.95930080680259477,0
0.058724785072758579,-3.6771138758278843,0
-2.6991391401045948,0.91515605746132778,0
-5.5783553155664247,-6.2508184783871412,0
4.2392759998142875,4.7080455445708846,1
-0.74178659038904904,-6.2921091140626162,0
0.22540982130344167,1.372986771513105,0
2.6718257367188554,1.0910136783976783,1
1.3870215950774085,-3.0006486732204549,0
-2.1357785440785921,-5.5409386869209403,0
-1.6416239959980048,-3.9460019966855389,0
-4.0266747144339847,-4.4478201321244377,0
2.2805632038677768,6.4213292968389295,1
0.52388809670343273,6.0864726563695841,1
-3.7924477400704291,-6.6874168861895811,0
-1.6582923941852701,2.3560818331263231,0
3.7060468887027933,4.2734278578518508,1
-0.85522145090775226,1.8853081752895682,1
-2.1535131385801032,-4.8001942482487099,0
-5.9928260968465583,-2.1922120609067868,0
-1.6851892590750284,7.465169345556494,1
-6.2471061474926035,-1.1448115405166503,0
-0.038645900976844505,-1.9242957320947074,1
-2.0209253613872518,-1.1216650142099451,0
7.3539268231911308,4.7564587735634793,1
-1.1137249314573856,-2.4785348549919641,0
-4.1024030167895944,0.96481857331599485,0
2.9283848873130891,4.0523952477489402,1
-6.3904959052579136,-4.5244944487317236,0
7.3989977486574157,1.1500473021340452,1
3.9360014832833046,2.4355143724887456,1
-5.4167312931042551,-2.9601492904947926,0
3.9287638550792425,1.0432749414395552,1
-1.046835779276682,-4.3534350481062383,0
6.6689066445737994,4.1981806158645112,1
3.7717931454671074,2.2556712822479819,1
1.3448287084618906,3.6538821711670249,1
1.3699267589720252,-2.0691939695933423,0
1.4157788020140571,3.1751037327299971,1
5.2759849135364849,3.2563012530874822,1
4.0686987918412223,4.6256956457960445,1
-3.8005882822135018,-1.4237960582819451,0
4.2388184442365242,-0.71594420064962438,1
5.0428583942122618,-1.6003061781472763,1
3.0564823273516719,9.0105143150148947,1
-3.4904070168556123,-1.9496972670089725,0
-3.7814240770547976,-7.5420555937666727,0
5.8004822897648598,4.7045182956796641,1
-4.207172462127363,-2.7618055932692691,0
1.7119794116974492,0.31229965239945656,1
2.0483830217755239,2.4661622830928862,1
1.186143892316923,-3.4368314431156621,0
-3.6523128400551688,-1.7247158273471437,0
3.9684190413242599,1.4112298298676031,1
7.2731024633011359,3.6183476704924673,1
-3.5874270591775943,-2.8862277288796019,0
0.18065716203064275,-4.370210476429385,0
2.2528486869470665,0.55784620208495284,1
1.9785661938826768,1.3665843364968289,1
5.5939105380651686,5.1429250653887095,1
-0.86563913566357842,-4.0084459594390784,0
-1.8375020410049885,3.9427778111129359,1
-0.01623059245776437,1.499089984228271,0
4.3851341816205833,2.1367597879346438,1
3.4243074754438823,4.0272045608816054,1
-3.9441692637770838,-2.8189916504160184,0
2.9410059929352736,6.9626182093830362,1
3.3127432332807616,2.1733864949620534,1
4.7918480905304097,1.7323301291432169,1
4.2302884656035111,2.2839547352405578,1
-4.4888078664594593,-1.6546537653950719,0
-1.127395787032661,0.88369099260244788,0
-4.0048917629824148,-5.7134933171322055,0
-6.4627351132739026,-5.3703600174444803,0
-0.69920049484823465,-6.4480675032492147,0
3.3277177165335696,4.3504766496192637,1
-5.0492995647202896,-7.067413467482166,0
-5.5213425653697525,-3.3910791375632616,0
2.8216735758114395,2.4073467108057347,1
-1.5310263063207488,-4.3963898262322365,0
1.5281563708211223,-3.8472148770378549,0
4.262060601047601,3.3124098842038756,1
-4.2148796146364624,-4.1772214582265974,0
1.4125947726940307,1.2390755027274887,1
-2.7641061768050554,-3.5274082463875813,0
2.8988159346545341,3.9118123808343315,1
-4.4858247770085438,-7.7698625193550344,0
-0.13822449297302963,-4.0100308615907272,0
1.7416170526515327,1.9817252381489334,1
2.1983140892355433,4.5467348722354757,1
3.5351749464826288,2.7880494943828875,1
1.5612306883339417,4.602507569088802,1
2.1445282221551709,4.7771062283931718,1
1.7298562005989238,4.332407193941342,1
-4.0428135763320148,-4.8777634802922023,0
3.2387297559372539,0.64990019999139248,1
-5.0613963854754864,-1.8468502448196995,0
1.3340520206847026,-1.5234982572106777,0
3.5558225563111865,3.6344388005234247,1
-1.6674775168569962,-1.7748515723551448,0
-0.66826439484859756,-4.1866396282103686,0
-0.21432090170152396,-1.9803066031024317,0
-5.3619558002664647,0.95824933650481103,0
-7.6528779260440434,-4.2097736834947161,0
3.104267173400606,2.5255307256045816,1
1.6862196073635705,5.0371199648770233,1
1.7126769980050445,4.0776819641422106,1
-4.7517169238744437,-3.6912806668223022,0
7.9344966314207843,2.5518667509010897,1
-3.5018863570889494,-7.8449899636202183,0
0.38224715162098422,-2.2880998107371946,0
-1.0531914561745828,1.4884364930155476,0
-2.2707367234032012,-2.7013705962393662,0
-3.026100449732525,-1.8927213101654388,0
-2.2073668569567921,-0.2388514778350368,0
5.56089060770495,3.599112295921838,1
-3.2432263432226089,-3.2040179302751577,0
-1.0870505838643365,-3.106042086876363,0
7.2755067296594786,0.97930259484184345,1
2.4210330146655066,5.0271591824074973,1
-4.9792182228033885,-7.1522598628922509,0
5.4828888941500296,0.70047411786416314,1
-2.9097096721396012,-6.8135949621240339,0
-3.5408401352058032,-2.3675468472109431,0
0.064029879294728698,-2.068167299752389,1
-5.8641459242394696,-5.2810620078699966,0
-8.0053275575676626,-2.2365412789113028,0
5.063956170081692,1.9605440844685189,1
-2.1075760932565824,-2.5056442496907874,0
-1.4358210133011964,-4.2346922579181783,0
2.4343492482222548,3.5252192716358985,1
4.2146113825058586,1.1666903027324345,1
4.41615516941454,3.0361777963247198,1
1.1754108357215232,4.9158598515118923,1
-3.6831969889471354,-1.257461275444381,0
-0.9097053369197603,5.1288085891976376,1
8.1386642299341325,6.0422627792507093,1
-6.8805249157787749,-7.3604874669334484,0
2.2599801967445741,1.887499307876584,1
-3.5418568045622267,-6.2699934032153042,0
3.8943481003452973,9.0177397404150099,1
-1.9776554235915988,-6.7312758918624951,0
1.795995706981933,8.8252216535091179,1
3.3476352932360443,2.1093967815659358,1
0.92902439877120946,6.6899196528873741,1
-5.8137838003771076,0.49748389861319486,0
-7.912924706075902,-4.5321745098713855,0
3.003664393376702,1.0868132623422218,1
1.7661141320741252,3.9667005130314084,1
-7.3933529244377674,-0.57401270087726575,0
4.3771527383642983,4.399894581870198,1
2.5360453551135693,3.7775862416276107,1
0.93041295916234956,4.1357281646230071,1
-6.0641877802930413,-1.7695759035323486,0
-2.4570200503770061,-1.074432430493496,0
3.2181872390166406,-0.21816125379101159,1
3.9264137742658463,4.2189288456146246,1
2.3487077250612862,-1.2268242843021691,1
3.2359859180983586,3.4448205769611597,1
-7.1028302958078635,-4.2317162396365395,0
5.9958148765076764,3.6977550161482551,1
4.8716536328375906,2.5620227160825846,1
2.6116426130135881,5.8449948589879845,1
1.5642025719217731,2.5733424833360035,1
-4.6552069493168666,-4.0775128057103327,0
1.5971130975780996,6.4887371322738172,1
-0.22434393009666342,2.5757435436377776,1
3.7523886629229084,1.6857995345194321,1
7.2254157722252579,1.6619367494084134,1
-3.4921841523338175,-2.9897733597281499,0
6.7837264698425157,-0.75811761604539063,1
1.4625668346013443,6.9376659880198535,1
-0.99825430370386625,2.9755235056764984,1
-1.543485909959659,0.2770430700855826,0
-0.94129856458010064,-0.60966823562565819,1
4.6456793705505657,0.59896096624639572,1
5.4427751242448839,5.1583687652273928,1
-3.3074613911810595,-3.5421815587731138,0
-2.44209835821332,-1.2577994097947705,0
3.9293977617706934,2.1581371812227301,1
0.061850874950695189,1.9503032072965296,1
6.7490744109917777,0.8215571544276834,1
-0.45315559856235232,-8.1041895432135238,0
5.6642777074995792,3.2789728013552732,1
-4.1818695305337119,-1.9072727527379154,0
-1.5759872123717074,-1.5972000249563236,0
-9.5236819548516998,-2.7078236751159954,0
-0.41719553372626539,6.0079125185226347,1
0.0051364218139910989,-4.4038938396523948,0
0.50064804100837446,5.0594591036893366,1
-5.0046256685665451,-4.8977224764442493,0
3.4940994088620601,4.8297853711190406,1
8.2293030493717509,6.6099456986625853,1
-2.5157668152266388,-3.4830763322755063,0
2.0233929900508114,3.0970662928263568,1
5.0693646633281055,3.4358096604807327,1
-3.9921599565479897,-1.5967552496831374,0
0.95582409599110818,4.5753302810949155,1
3.37071544166453,6.1786820665678981,1
3.9463601281710452,2.1581603546291124,1
3.3786782404948865,4.7128020793711931,1
5.8160057317055625,1.6182664148791288,1
-1.0149317530756161,-0.24500438705824834,0
0.90856618881876505,3.0941037381366696,1
-5.4600731811322119,-3.6876438403972287,0
3.6346107182959595,0.66637064070794683,1
-3.9674338697095761,0.500049667890337,0
-0.51385702548663836,-3.3868103240260465,0
-1.925758882614665,-4.4843440694850534,0
-3.4331691393210679,-8.1554416722213752,0
-4.5745841124166162,-3.9753739478459478,0
-4.3677778111211829,-5.3139788916338571,0
1.9167315610358142,2.7669935234945799,1
-2.4400570728456192,1.0492302472407697,0
5.2112726073127345,3.2541959717855669,1
-2.7601425228787804,-2.5433105265138263,0
3.0533747410099146,-4.456193002038586,0
2.6451337521188703,6.2102979052496732,1
-0.76082586777301708,-3.2112984941829859,0
2.2806725808960158,-1.6729055870376879,1
4.9652277324891125,3.2351533700437685,1
-4.5002526156539071,-4.3185922605031477,0
0.29225977001620906,-5.8047560369636626,0
-6.5006110714711234,2.5106065474675603,0
-0.3963846362981136,-5.7150873608463932,0
-4.9481621420970843,-2.3462643848677498,0
-2.4584404543622087,0.62925994700624077,0
-1.6288675388468508,-3.3403138006977353,0
4.0279513760628722,-0.47145917995134656,1
4.4231400804144299,1.6510884471215912,1
2.617975052993708,5.2840424047368071,1
4.7245789467422608,4.2462025181289569,1
1.9396087788383864,0.77922131978296338,0
-0.84428115734717846,-4.5741031660604765,0
-0.38077938445692583,1.6063705972515949,1
-5.6077946056537877,0.20610057307047258,0
6.3780315633067914,5.393049967696526,1
-1.5853255391766834,-2.6899501206308765,0
-3.4024346843932323,1.0444282798897682,0
0.27329053966600991,2.9016978878920998,1
6.9933052533038902,2.0958185945981787,1
6.1297585762172986,4.3968366988193974,1
0.27835117575853463,-4.2556920309229032,0
-2.8194867958974674,-5.0620363413038003,0
-4.9075957681088322,-4.6122228782900727,0
-2.1970855425628084,1.5255801400899713,0
-8.8767714541916121,0.19373691517036029,0
3.0073234285125321,2.0444086612240158,1
-2.8873990259799251,-4.7247328610208017,0
1.8193091348227011,-1.0733976552161848,0
-5.2753941317782367,-2.9781123213172429,0
0.6899518391149555,1.6691664150185133,1
2.4445744029595775,5.023286726879709,1
-1.5257488979829164,-2.2253460770932336,0
-2.0496217889002102,-4.6150303148131968,0
3.1280343505478965,-2.7247771179695652,1
2.7569338441250166,4.0549405702088128,1
-0.34068046463027502,-4.0313939110390438,0
-6.1551030380507292,-2.9063005396472823,0
-1.8648059329665541,-2.1822874005639998,0
-2.8183469012007278,-1.1066972704744038,0
-0.98707393317552894,2.7445407442641856,1
-3.0433801390713509,-0.54749182235315663,0
2.4878777216058179,-0.51901273678643589,1
1.7895364492862571,5.0701898465255768,1
2.3012471209098364,-0.54054939122002166,1
-4.0214230998764116,-3.167393104545452,0
-4.006440178293067,-5.560287474999047,0
2.7006146984376467,1.4077430396410102,1
3.2916796042123364,2.2307435310811377,1
3.8462964473839403,8.0000255640326827,1
-9.5005515662814553,-3.1225759025787254,0
-3.9720371619375476,-5.5922908520065882,0
0.45424249706137276,-2.3463236961225213,0
-7.7830408630361347,-3.1087460306652979,0
-3.1677069995193721,-7.8870524404616509,0
2.6507302630425418,3.7313740483107978,1
-3.1211629074389231,-1.9930673801895018,0
3.4999775202457526,-0.094335136737615066,1
2.3709679690004046,2.0218419979333757,1
1.9577886817688828,7.8792406734018989,1
0.37089786642111244,-3.3936770007714498,0
6.3843457162783146,6.8448641154989218,1
-1.1469991040435139,-2.1477406461133728,0
3.7125465421426695,5.7638014453421391,1
-3.1448955339662326,-0.033049627529152303,0
3.8653634134605861,1.3868803582733589,1
6.5924266154980149,-0.049745680796417613,1
-3.5677160877653122,-5.0031608386252611,0
-4.1999356896597755,-5.0535985409328976,0
-4.271869827826726,-4.4458220250530589,0
-7.4532884610621615,-0.34045883510793074,0
-3.9454417596059095,-4.3764707712413813,0
-3.6666817040278068,-2.5138884845908027,0
0.4939868484482397,4.6864759574153947,1
-4.0824480651276263,-2.7989139107449281,0
0.2748030980030145,-0.042618193142803129,1
7.6399660163575049,5.2592373962564327,1
2.1509763039065763,6.3137092056866049,1
-6.2088899640924478,1.0357067285966846,0
-1.4342645191214751,-3.3352118742523644,0
-3.2641341257408976,-1.4402752543539321,0
4.4984352411889699,1.1295999261936571,1
2.9605279242056453,4.7752083679557984,1
7.3009204314790201,3.8488154881315904,1
-1.7890786312313465,-0.91501443430934204,0
3.0767545968621848,7.6834781768417022,1
-0.17015961649967304,-1.9329962623777683,0
2.3876002690435878,5.7508716321402815,1
-1.9332863404294327,-3.6959273600368023,0
2.8916362662339261,4.5655370503767161,1
2.0468771050990329,0.66015344356310379,1
-3.8993071064730573,-6.1107000281220101,0
3.4203820025293816,0.11187169866612123,1
4.4312182375180562,4.7302182710299752,1
1.2485052304391859,1.0597675568017833,1
-0.61061790569179575,-4.0655084365631735,0
0.90972897855092993,-0.95755827733222887,0
2.8535940692419026,4.9238107016493942,1
-3.4283444141311885,-6.1687514707179005,0
-0.85913492701012339,-5.7699836024259525,0
3.0024117305360796,3.0523490621734704,1
-2.5034958002375793,3.2199366408923016,1
4.6661673840223763,5.9096245601371296,1
1.3669682515341246,2.8175367917546583,1
-1.5955123318105551,-2.6869659178496588,0
-4.0047712852231436,-4.9733404158156498,0
-0.12847562259611456,-3.0212998364793906,0
0.61014252813624115,6.1451956526754294,1
5.8378597845610365,4.1241776882794081,1
-3.0383178624658633,-6.2993833225457072,0
-2.3883994666298518,-3.212859645440485,0
3.4565893956699325,4.944025461597894,1
4.0528924122107277,-0.92889506053224169,1
2.6277897978781031,0.38108987314561116,1
3.9377998970709869,0.67242398053562713,1
-2.5243473176819857,-1.2491986514111693,0
-1.1201415525060836,-6.4527523395582476,0
-6.6352093032555617,-4.225058923524049,0
1.6500133291662511,6.1907587003547331,1
3.9448157257074001,2.8754291484139896,1
-3.6141437328047306,-5.6925949565278913,0
-4.2291022992247198,-5.3428105894485762,0
-6.6732296809776681,-5.7076155934616128,0
5.0652102313972467,4.9475110823956907,1
-1.2102790549964242,-2.5657893736509632,0
0.032304854700845098,6.7903301013148178,1
0.37567183495637302,-8.0997460910277947,0
6.3622252525742731,1.3690749974154266,1
-2.5107442910462541,-3.1592983267994565,0
-0.85167926716911069,-4.0638088248475013,0
0.77201917831317735,-6.4054045057815081,0
-0.67376394097200221,-4.1032560435184129,0
-0.92293002220717968,-6.7002857424129099,0
5.4726656308891233,6.3479522965886197,1
-1.2373274661029392,-5.8183286901605822,0
-2.1193039594493026,-0.91686956410674147,0
-2.775531659469594,-2.5282270310066997,0
2.7670360999925969,3.91096322703675,1
3.1715089192667021,1.3540338697994354,1
-4.9568976528832156,2.4786016813114777,0
-4.63974294824573,0.51914347015875562,0
-5.3726994189038066,1.1433893644236122,0
-2.1349897953620283,-4.4772317861739594,0
1.6896862360300779,3.5978949155365809,1
-2.9917398825691177,1.3406476455803595,0
4.3357872249547835,1.7907347955631407,1
-4.7809039494182191,-8.4594320772653173,0
-0.97134417739015788,-3.0230965153820777,0
3.7059616777912936,1.4737467932638202,1
2.657978201690006,4.3922422075845242,1
-4.5977736706276993,-4.2730655462473131,0
6.0916789251179395,4.4073357701079132,1
1.6503303616461629,3.5461720118304525,1
0.83171904424126675,6.2513495674231727,1
-3.8125793655850435,-5.0614994833972808,0
-1.8564255228117696,1.415806079117103,0
-5.8763155157871729,-4.9592590753054235,0
2.0641374287656125,2.574881889996615,1
-5.5375817031258086,-5.0425752944376736,0
0.08878781949136183,-5.8744995504038222,0
-2.7086144850316072,-1.2490984025536533,0
0.85270407812045512,1.6177091053893879,1
4.7449184122186701,3.7744928835711691,1
2.147299935827101,4.0578337434711802,1
5.9724256223940042,5.5018666144230979,1
-3.5961014659185229,-0.85463331116640617,0
4.3273028565119285,0.67814732723228,1
-1.9239016342692314,-1.7730038996190756,0
6.6656817015659016,6.2674234715274295,1
-6.3925350328898203,-1.5128837756765692,0
2.5665597621203888,1.5820106857252554,1
-2.9317915234384211,-2.8574949519467876,0
4.9408014449932693,3.188834100485813,1
5.6857723352372709,0.47349403915894284,1
2.1856146832907983,4.9972535833570717,1
0.82906101407874067,3.0261394530252734,1
5.1259254943427344,2.5814267251597967,1
4.8975120766205551,3.0597667562529178,1
0.2466464310932488,2.3008268137867467,1
4.8413519620906813,2.8795728426545097,1
1.0213098131063347,-5.4760261243106267,0
-3.3353020804125011,-4.9405152560222385,0
-4.3582763809397065,-2.4229440890419847,0
6.2082566229460197,2.9622420347701559,1
-2.6369458168630389,-4.0906655706893762,0
-6.1496503511314593,-2.30286003479298,0
4.6452626488886564,3.5718249029788964,1
-5.0122668891631346,-3.2053079387968233,0
-4.973271654652109,-2.9277276828394809,0
-4.910254740750565,-6.7260807500233319,0
-5.6031274519045269,-2.5953760930067991,0
-0.44344684040773119,5.4038005116781553,1
4.1530439755182744,4.282487907737635,1
5.9273170742523273,4.4382459398594021,1
0.87419659362500113,2.7637133484870362,1
-0.81781168484983979,-3.5449649163093757,0
-3.6389135876683163,-4.6168711954386934,0
3.3635660530584901,3.8116514430342536,1
0.75620086807298703,-5.3031703556620338,0
-2.7669197630096449,-4.5712831197361377,0
-1.6572443426185106,-4.8009377546062666,0
6.4161399701460748,7.21420378765617,1
1.9203489178622792,3.7546946843300995,1
1.0433396772549797,-2.6878711009802236,0
0.26277946782572803,5.7438752590506779,1
2.2621933885615499,9.4961120612779375,1
2.2642950017890326,5.9225200737147468,1
1.7411251410321367,2.103394294155315,1
2.4519610541322954,2.8929523237810577,1
-0.019337240555242108,3.4513732758510005,1
1.7323566914605988,2.1257856684272296,1
4.1548871043059563,-1.2876860410667152,1
5.345891811510719,6.3534922262584104,1
-2.1816946002132847,4.6870170797305217,1
1.4192365668551099,7.3935096292897553,1
2.1341230847416366,-1.5139470343174048,1
-4.6201766263641799,-4.2243269713880247,0
-2.1594248507786045,-0.7813522760533429,0
-3.9195044485976389,-2.8258348800586228,0
4.645772832255787,5.0187142570215855,1
-5.647768267047911,-4.4796119319657333,0
-2.2524384785817695,-4.9479606176687829,0
-2.968530293196503,-3.9861865681216706,0
3.2518343064128308,3.4404087601455831,1
1.1416229016111517,0.21336807142766201,1
-3.1400247425683987,-2.2605137328493594,0
-2.8503565999703997,-1.60645514979208,0
3.2080239275891849,3.3915016328226613,1
2.6235140920580209,6.3795188285607942,1
-3.6222190250338544,-4.159144200647515,0
3.5839502370808347,-5.088612772365515,0
-2.6605863634719311,-5.6039377477095726,0
5.0959894509338408,0.67069364786859875,1
1.9262987074062508,-1.0946742338581501,1
-2.7930336040296728,0.5039260709070188,0
-0.97274398723952604,-4.0370607507189078,0
1.4821531743271326,3.2488709499918129,1
-2.8160167179717486,-2.9656793806933344,0
-0.11407265794587973,-8.1170274773386275,0
-2.5561081843111189,-4.2025461852617303,0
3.3782434242096313,-3.3795432362299729,0
-0.46228604506759563,3.4928635995114767,1
1.5768471936929758,4.0865612443186077,1
5.2300808429757986,4.1589892845921739,1
3.840024730230287,1.2819287483847024,1
-2.0608545298169241,-1.3891638731345184,0
-4.7331648929150241,-5.6954287116759552,0
4.4899769344516729,2.0554388545995774,1
0.50330152272414885,-0.99109160790464257,0
-3.4657405337823826,-1.4852322766096955,0
1.437383704423679,3.1095840539865596,1
-3.9227503591547404,-0.44259305198744681,0
-1.1075357202457736,-0.11618756353930282,0
4.0446797098849787,3.33698323751773,1
-4.028732661776365,-4.4770788588137318,0
-1.8821375117334751,-2.5627845058411891,0
2.8660117181243048,2.4137824786646354,1
-1.4631443913491642,-7.1819562718960146,0
5.8000015983385609,2.0603997194319721,1
-5.2884256900184026,-1.8875912107914499,0
3.1285943545287149,7.6476708708449666,1
5.1857702914289305,0.26794022055150268,1
3.9600121232598164,5.8279900028657625,1
3.1343622294916997,4.6145852081136258,1
-7.5435596192817096,-2.4973254901765114,0
3.5440391473797392,3.362070411411163,1
-2.1754096116509372,2.696552716300241,1
2.0840504006700904,5.7934322416964079,1
1.6504144312975018,1.1324223182332438,1
-4.5170965791233666,-1.918515059808364,0
5.781174492309276,2.2183100572158647,1
-1.7380009500277414,-2.7955380129930418,0
6.7409886423620584,4.3843349055215448,1
2.0095874989968903,8.6363673561865006,1
-3.7663146667025766,0.18590941172748465,0
0.22571015176426146,-0.46103759891780349,0
8.3715819089116632,0.88423076972849479,1
-7.4723480381461682,-3.4027737444049344,0
2.4378945805891115,4.0563312863899457,1
-5.5674916485449266,-0.14752527715578845,0
2.9121242972764732,3.2173192252459621,1
6.7298693153089619,6.0892669812082847,1
-3.5963856316060179,-3.0835369144640641,0
-0.67820414593676137,-3.192847753308202,0
0.34772594842134019,1.9466552216135267,1
-0.35563548398182787,-1.5634278501914132,0
-4.9310685385322595,-2.3411802416691652,0
4.4996429421477142,4.5835597386157687,1
0.27297212183851238,-5.8262719519865849,0
3.3942786511056711,2.3943776551917408,1
-0.38381471331017947,-3.9040877916645256,0
-2.7011290332726059,-2.1543312305587445,0
-0.33226892386108453,0.20860899339402739,0
8.3007256114653103,0.85880357859360812,1
2.0823800642428232,1.7134923901428452,1
5.5460637548469993,2.122992501823723,1
-1.5120791518879484,-1.2292458429821735,1
-4.7543723628896544,-5.4230288434030136,0
4.6801289943779194,1.5961565386499759,1
-5.3786039236260716,-2.7168819850441346,0
-3.8519527697210232,-1.1615780359464039,0
-2.3214450135735039,-0.92305672782601222,1
5.1038919648621004,4.9471655813270328,1
5.6287556940786816,-0.032575839659980232,1
2.7476491082071295,1.1301668347043032,1
4.8697370276394025,7.3251942331695892,1
-1.3218301750287198,-1.473993662891449,0
4.1113772849578023,6.4121903055745273,1
3.8410758115114358,2.8616449096511651,1
-0.090940055839319633,-3.609505016935405,0
3.746183237601945,3.5202566528151755,1
4.1356167543952882,3.6881103237352622,1
-6.5694903884085551,-2.5632414227158442,0
-3.5999368194207007,-1.2466250262060887,0
-2.7379484291042404,-0.94491702670087774,0
-1.2744565544756121,-2.4644970193280513,0
0.59167742708728177,-5.8869156171339849,0
-4.0646607737239329,-2.2042294621887417,0
-6.0416922563340201,-1.0809879525826618,0
-1.5927049863011655,3.3831878701725455,1
1.9619301331614747,3.9054838354472805,1
-4.5670043396589133,-2.3003011677417975,0
5.7924674997447205,4.9220905171510658,1
0.11346226093656231,2.9066726745776816,1
0.74510132211428726,0.18642706811971932,0
1.8407107216250269,6.2539555775869378,1
-9.7953305612911734,-3.7703098773292387,0
-3.2225970592306328,-3.2843221061422225,0
-5.2419225139894943,-6.1011807849830229,0
3.9280220498855121,0.82414477284378851,1
2.3286311836357516,0.97322896884745536,1
-3.6362265242956853,-3.3640256790443921,0
-1.5605725438214892,-5.5615656117031325,0
-0.97281595069689386,-6.2357323223988104,0
-2.2492951277243609,-0.33007867503075605,0
7.1278598971411435,1.6541754106448971,1
-5.4527454576840366,-5.3767296186329343,0
0.25924033419833803,-5.9911962953046611,0
0.83979584541782781,3.633339586834242,1
-5.1402320534130741,-5.6991511858630979,0
3.0008670370708521,-1.7339688633968633,1
-0.18509217294075242,2.8878228617617965,1
-4.3449132520214171,8.7686173028978036,1
-3.7404524059679582,1.0561951428708758,0
3.6629842952003067,4.8785969367886644,1
2.9474373868464521,3.9957566027887683,1
-5.6645809477121265,-6.3553242192318393,0
-0.75743825210377169,2.0346389974503358,1
3.7444297068833392,0.84843081329047676,1
2.4587248354088929,2.5313442957272181,1
-0.79140634630822504,6.790594611960282,1
0.18396276173756032,0.15234437708978099,1
0.54498234688068115,6.728096078243663,1
4.3375157988288953,-0.86642830346727751,1
-2.7158846726739014,5.6100697648619589,1
-0.57318677687944453,-3.0291993104144046,0
-3.8686639201188537,-3.6157403177031453,0
2.4445034159521049,3.8572020528846718,1
1.4678062842571824,2.0268197023823018,1
-2.2109956144324419,-7.8972408909073017,0
6.0879633714883123,8.0160814660409994,1
-5.5941660628641792,-2.7231364214952114,0
-1.8030112395322706,0.90832013522418764,0
0.79454680193356886,-3.7353298648074009,0
2.9229494018970628,5.2815869388344705,1
2.2565384918022757,3.6596907734273918,1
1.0125502885396536,4.0511835696777823,1
0.6671022907574784,2.113000510277633,0
2.6659416998898711,-0.07342399293874724,1
7.2413598689824124,2.2585107675499425,1
-4.2575645740960919,-1.9103835583027255,0
-2.6675945055221368,-0.053787125902355015,0
1.9575736491950158,2.774904182019494,1
5.6827553959226265,5.3242160350163896,1
1.111026873006945,4.7844651600297574,1
-1.2267437377752335,0.010202121684196541,0
-3.6225584279087122,-3.7838134984819565,0
3.5709168795792339,4.6209205597803544,1
-3.1243962804208754,-5.1659172797186663,0
3.2816497329910308,3.3413019126824155,1
2.371118071139203,3.5439691739249684,1
2.2193267990193868,2.1734052789476168,1
4.6976564989775182,3.9707959799324559,1
-0.26770499981765328,-7.6869047675446049,0
0.94670281468231821,-5.8081458433999504,0
-3.6101955284837648,-3.145119372164237,0
4.0815994202251558,4.315461019022484,1
-3.5112638377069532,-1.4137638254054052,0
-0.22379221753457701,2.6915909735646473,1
-9.3554767352108659,-2.7806597935012332,0
6.26799217459609,-1.732836388839714,1
-0.38430597124097021,1.4540337743493725,1
-1.4615882183437541,-6.1562314247202412,0
4.5930338390209293,2.9435479452462374,1
-1.4477843614504482,-4.6957663150884255,0
6.6623438422178296,0.043760826655598883,1
6.2906482670538857,3.8798691017452827,1
-4.8288860891003349,5.9240045731540762,1
-3.7191727437328597,-1.2188120821308501,0
4.303398632125373,3.5034476988578405,1
-4.6684470903787645,-4.5130126593953008,0
7.7047399345417888,4.2143769116013559,1
-3.2178452398989705,-3.0853032114776409,0
2.1358277032464787,3.9211886418714674,1
-5.4074044406554922,-1.1678967289910083,0
-5.4625173539561231,-3.3540316021897403,0
5.6879027026959887,1.9606639168468014,1
2.4362642888151536,4.0073865847038102,1
-2.5001862837712143,-2.7821129725098777,0
-4.104181001103762,-0.44458783237202493,0
-4.0877373038257483,0.36627879425064691,0
-4.7245271749411497,-4.2038617025486937,0
-2.2323226795967948,-2.584052505449201,0
-5.0169820834495065,-2.843153478318527,0
-5.3401919195527912,-0.85035323418786035,0
4.4161485444640061,4.4492427152266005,1
-3.0769607111431143,-3.7974003160331908,0
1.8309664892810207,1.2287883217934858,1
2.3893837031773479,1.2004952167446035,1
-2.0489621636650504,-1.8458671949059564,0
-1.9395280057318445,1.747597847033328,1
2.649141551050433,4.7829049045719962,1
9.6330514004853427,2.1752381569576764,1
-4.9926714633971603,-4.0215086270992249,0
5.3725478084050398,4.723561857550763,1
4.0919175551665141,1.8236398057752419,1
2.1248147203799581,2.6094099962457595,1
2.912707579944573,2.5747529843432222,1
-4.3025271142170185,-6.6477793852901499,0
-4.088916204751361,-8.1942771714030993,0
-8.6928157506479877,-3.7616605112713586,0
-1.9063250079754062,-2.9522995190884962,0
-0.046846871962967995,0.79441546543182273,1
0.0020584166908892421,-1.179250869950824,1
-4.7489739809917335,-3.2119708670481408,0
-4.3724325198864218,-4.6710225340527645,0
7.9819651436000116,4.9013237546333963,1
0.23226403284836294,-2.4906628483387379,0
-7.9890259848339831,-5.6020022730649375,0
-4.5745039269054004,-4.0131052549111441,0
1.241717046243382,-3.093030873377633,0
4.6432866871748546,7.423248144226676,1
1.9921207584876344,3.9816608929049795,1
-2.0282616972186247,-2.805865565106461,0
0.12108923100678171,5.2665068913607938,1
3.4177051702602466,0.71654649560646444,1
-0.66032746877455484,-0.77787919647114423,0
-1.5648139505313341,-1.7566595840528847,0
-6.0731414816509375,-3.4600034435184468,0
-5.173247807042225,-5.1066610512768342,0
-3.8335823759047107,-5.0628132744649923,0
-3.3082790105191138,-1.8414960703324077,0
-1.2238504060700013,-1.0164074424030733,1
-3.1748457162904762,-1.6136881466168544,0
-4.0834799827649979,-5.8168961353148347,0
1.8578415848540666,6.1854023430942568,1
-2.0777917891800968,-4.7401002696402141,0
-3.7517956159655315,-0.65977093743271675,0
0.83667789327614628,4.7377638016174055,1
5.2533992402300047,9.1652160755324523,1
6.1740209470526466,3.0449347844316739,1
-3.3601551906357194,-0.12229993067623957,0
4.8757621794903869,1.5692436782659835,1
4.0141119172616175,3.9690983315888984,1
-2.5464477806190309,-1.968926490546862,0
-3.6860096980777159,-5.5529128254789537,0
3.8213926588970826,4.1797589186016353,1
4.9553615505671731,2.9526671676857053,1
-0.84139110463179811,-4.2453843809722835,0
-5.8592133954062611,-4.4957953487869533,0
4.3336377293089896,2.7408377792543446,1
2.32936712635053,3.9278109296697634,1
-4.6759041293282868,1.5414295007605068,0
0.60374188031003762,-3.1580422763844815,0
3.8558002517159253,1.7619055740372183,1
-2.7379452613997635,-2.6115935603179987,0
1.366834893096982,-0.46412115977346602,0
5.6851113500887429,1.1612645654092366,1
2.1919099465564287,1.4252861840379625,1
5.0703282711689521,4.2976153701769277,1
-1.1860865226674833,-2.7673963590156943,0
1.8000909763851363,-1.2296980481725321,0
0.54046399659607891,-3.981683920185406,0
6.214553094928478,3.3011285338735084,1
-5.5784455572799914,-5.0945791851943598,0
-2.2180967165842582,-5.0803834601328717,0
3.3737009664075353,2.0846577407293831,1
4.7768343312050821,2.1846719341101539,1
6.502347434414899,1.6206017666567583,1
1.6302565266737292,0.87525366554922623,1
-2.2060306609738491,-3.353041807451107,0
4.5447004376936508,1.9081113689666722,1
-2.0691256374866187,-4.6133736755027002,0
3.5446405056966639,7.6200163968343553,1
-5.0669906835162042,-5.2640210315754459,0
-2.5674721987144822,-3.2425692708679077,0
4.3116285073263683,3.6631091977824073,1
-3.3428301647066112,2.9188144048261329,0
3.0774599191109866,6.5451122263964594,1
2.2120691423271484,2.8419472000479353,1
3.1048886562226108,4.7562562496108596,1
5.5836390869528163,3.9982902782165417,1
-3.51863046949763,-2.2908241384575962,0
-6.5590828020744176,-1.6371780665822355,0
0.72422397392432103,4.658253379501005,1
0.82084002936903122,0.88834962051697053,1
-7.2237693094894677,-3.7091282025078476,0
-0.85902657278980765,-2.4543494777057475,0
-4.8369738165446412,-0.60220616261822357,0
3.1691781715529292,0.70124629995912224,1
5.0423125506365327,6.9063741668363985,1
-0.48256698557242128,-5.1934281537375808,0
-4.0911483045313037,-1.6767169924968768,0
-3.0460300821361201,-3.9136744021745375,0
3.259638376064161,1.3880431339262231,1
-4.9876094819690771,-2.9459827137892924,0
5.9285089147226806,0.34147255308842261,1
-2.8217230762527086,-3.4023647421263536,0
-0.8386180781182877,6.2394638026805529,1
3.4242841701783693,2.5583001387506932,1
-4.8292712179892412,-5.7964265662149579,0
3.7170725206808419,5.03684465085332,1
5.1257919660256706,0.70912168723823621,1
-3.2502176285980258,-1.4993146436224198,0
-3.244730782201807,-4.4637576097716112,0
-4.6668798752448604,-2.0348886771178418,0
3.2716798072958317,-1.9386030399944136,1
-2.3055975065923318,-1.1516632066223329,0
2.018065002421793,4.8124720752804722,1
5.4840030159900195,3.967925970570823,1
-4.8321582869296948,-0.95224870336717471,0
2.939091328418284,1.7834550928169444,1
-4.1702809400837086,-3.8334529697694095,0
-3.1783707271333657,-2.9889290451049173,0
-7.347508652575673,-5.9242250460636328,0
1.9911758455272406,4.4888567483227728,1
-6.0311144657823572,-3.9897952353130175,0
-6.0165788183522846,-2.0779122396865484,0
4.7533251443254265,-0.68777185126234297,1
5.8016179585954681,1.9135970174661068,1
-1.2501174456459323,-1.4096566395072112,0
0.5098470302603948,-2.3870168146751958,0
-2.116590188550274,-4.7644411487483476,0
-4.5207811259996387,-0.69316028965322429,0
3.6137875675381941,4.0917173276114767,1
3.4339712258230612,4.27961069889305,1
-4.3079798543312773,-3.1430855369371997,0
-3.1378869419721673,-2.9224971222778526,0
3.2752906390291963,2.3111423875343955,1
1.4679198766499488,4.7293889537667546,1
-3.6364616709771758,0.75384569735444584,0
7.4196275165382053,2.528639350200367,1
-4.8461853399231547,0.5270399060470452,0
-2.5809764533869091,-1.8165627222335616,0
-3.8089114248191587,4.7560221786192853,1
0.59282323458933295,2.6049577377755675,1
-5.7238200930826704,-5.1501045223635273,0
-3.6815062865789638,-4.6161502259877913,0
2.2469434779127493,8.7517266716946693,1
5.7432764756701609,-3.0865404349371834,1
3.314384034617806,3.8717670134410365,1
-4.0591855972319895,-6.525289454818413,0
-4.7450317963956978,-1.762453627408086,0
-3.7834792342275945,-7.2258004613247726,0
0.060756010129180638,2.622757939710783,1
2.0717619873241695,1.7742875793959569,1
3.9253915871391913,5.2240261449884642,1
-2.431028468290334,-3.0578947714400866,0
-2.0625176908089569,-4.1230529589547871,0
-3.0801796099464673,-4.1158089645727234,0
4.1484329190975382,2.2959053746863343,1
0.12482133680471463,0.13830233446955598,0
-7.3824285406658605,-4.6809096687402318,0
-1.8505021541888742,1.7245693237951913,0
-1.7041067185049645,-4.4941088415978481,0
-1.390429702950593,-6.2254317658361238,0
4.0725975217770465,-0.34345895519066838,1
-1.9269915274548388,-2.9240245709283208,0
0.23853708121993922,4.2433293403464551,1
2.7668664682941824,3.7344473171760812,1
0.93452570266394464,-4.6014859102404628,0
3.7157900260419972,1.9520832739847087,1
0.54138010972183759,2.5020123735403037,1
2.9986641106211405,2.595831032367852,1
-0.30186372448067589,-2.4372342991987836,0
2.1015128836136578,6.1784563443611624,1
-0.47877263961546346,1.612895536813199,1
1.2758236251777595,3.1775450075859708,1
-1.758073188597246,-6.9657690226627107,0
1.1549027095193489,2.2853734698630932,1
4.7457465448984202,1.944621819826384,1
1.8109304373647561,2.1927641965678708,1
5.4402000395096106,5.3908105981216812,1
1.0992472295066082,4.6294996679962157,1
2.0962206902817,1.0447264756732995,1
-0.042534265836505547,0.16087879174477226,1
-7.5665929644575378,-5.451782291536265,0
3.3120162939061131,0.55217061590993533,1
-2.0854904889409731,-2.4559977509191113,0
-4.3868021044209211,-5.8726680969211458,0
5.8819600879880181,2.1466085934986574,1
4.7694596418549828,3.937123910622347,1
6.291280776913406,0.93599586313038108,1
-5.7415605536842271,-6.7244258960095289,0
4.6463758130184587,2.8946917332968045,1
2.749795045726132,3.8532514492157701,1
-1.0354839089158898,-0.016283790651162811,0
7.1094423063770522,5.0007514550576984,1
-3.1551261387209726,-2.5271223621711005,0
-3.4217804360172557,-1.0738077405355373,0
1.2256895388319802,1.827569432973031,1
3.1702606177340007,0.2738689549423583,1
1.6519224247322062,3.561871328271728,1
-1.5811513218456279,-0.75566309440081803,0
-1.7429467250365374,-7.653015437041458,0
-4.3295312623622699,-3.3146280958220418,0
-1.7126943396585927,-0.65856737048689018,0
3.9226900302688197,1.6390503270221577,1
1.4249658710066675,6.2707271001746481,1
0.1692813455150608,-0.54730118393416749,1
-3.2344443019076787,-5.8268999223834719,0
4.4130919014810237,1.9043595697791271,1
0.25572134169794092,0.67828178216736479,0
-2.6846924516896808,-6.4654155739330141,0
0.16517741709127476,3.2211781345165136,1
-0.87848163031891824,-2.4082245650830316,0
3.7841086973890965,3.7810229985574084,1
1.4779861359359776,0.30041213582628368,1
1.8066897939438509,8.0896085350194049,1
4.0448917478221569,1.5428606280702075,1
-0.20856934455195564,-4.9048234764691534,0
-4.0450461880771051,1.3237207989386492,0
-0.15476175114169033,-3.8864741859794387,0
-4.3507742706593806,-5.8092606858261924,0
2.8734839559573464,2.3251845425568138,1
3.7029152237775325,2.9068503566106707,1
-1.0225314266433172,-3.5027912435541975,0
2.1298814724274915,1.9280203397626328,1
1.7186340192975749,6.0599251644083134,1
-9.277448034369808,-2.1073121538754576,0
4.0922990380036346,1.8898558129691212,1
-1.7613042710130737,-2.3945054987487637,0
-0.5070083436434647,-2.0847505564339732,0
-4.8592905607622727,-5.6504224843748831,0
-2.2857680905355862,-3.8025545559217111,0
0.78294928030147126,-5.1634385919221994,0
2.5407819790126331,5.635620020589144,1
4.1864580430482086,5.0750709533368248,1
-4.7794210200433636,-4.065761256479588,0
-1.6298588723680592,-6.3075138331163343,0
4.9624804715240618,0.017030173452528441,1
0.24532025101539734,-1.9281978796323476,0
4.8154817575552311,3.5053553199702012,1
-2.073396458376342,-3.65152837807593,0
-0.50650832491323161,-2.6064052892656888,0
0.21803005569084233,7.5847244089787447,1
5.1527894339718801,-0.33395166170889468,1
6.0940245548047898,0.79156189306544844,1
4.7573687195784817,7.6542866427280991,1
-1.0469002190644758,2.4983892073221323,1
4.6481650703356037,4.7428063707114338,1
-3.14059206947169,-6.6410823912836294,0
2.6827409734052372,-2.0693607043042901,0
6.9575528250078378,5.5609486670885557,1
6.1603493584471005,1.5461072284100852,1
0.81020532076356533,-4.3959513259756982,0
-2.6577294669645615,-9.2787433755052806,0
0.29211128803462394,-4.886302172181713,0
1.5369472622791109,0.43746827327365789,1
2.4929306919001837,1.9216417175558049,1
2.3466309109168035,-0.55850118516544978,1
-1.9688997775172612,-4.0115749231674336,0
-3.4306667796848136,-0.73390659091267141,0
6.9383312098252317,3.9016139300961425,1
10.577023512000528,2.8837476970875451,1
-2.5624244910157259,-2.4790552834880475,0
0.76701450803273863,2.74053622941108,1
1.5168194636245493,2.7564417234339009,1
-2.3715065930662611,-3.7093728689774816,0
-5.8573380459991027,2.1904971613013204,0
1.7098139323767962,2.4415238744448651,1
-1.6572655352853174,-2.0813424253739936,0
3.575074144467385,3.9053328155418505,1
-3.1692737586302431,-2.548058473450459,0
1.931694293059685,6.3539531636701359,1
-3.8119691367352391,0.50820853409603872,0
4.0177666626841564,8.6700603109503902,1
-1.5719382234359656,-2.7896006371583111,0
-1.8432461119902261,-4.3501121369865929,0
3.0749884977172428,4.0677491384323599,1
-5.8472161151783695,-3.0396460786045578,0
-2.3532048034003124,5.8282903279146741,1
3.5208821967944086,2.7072799229488225,1
4.7846922682849566,4.4619969368459467,1
-2.9710163393413698,-3.2248889827988214,0
0.92506179270134847,1.8600012332169717,1
0.34906522391410677,2.9797479100061222,1
-5.5684773823451792,-3.1681446721760969,0
-3.8595688598290385,-6.0903269113974812,0
-3.9870482194493317,-6.7437946732770158,0
3.954366749144282,8.6773462455569899,1
-2.6597795978417444,-4.4215618747746328,0
-4.7058842909437075,-1.9029598244832207,0
-1.7804563945359986,4.1533573667590398,1
1.4232156050888956,2.0706727793407813,1
-1.3327212265508841,0.064910407911363599,0
6.0217058633621399,1.9596220084350457,1
-3.4894160176821889,-3.9221255112974824,0
3.5487683148148568,2.1356621882838809,1
-6.8724359116318841,-2.2481703890756775,0
2.3123212105948938,3.3749257009832991,1
2.0043103903099553,4.5348532663561381,1
0.81853881404107209,-2.1119643412995486,0
1.1006502814099457,3.2406233280638976,1
2.5659557195492138,2.0020228466206129,1
6.2546856672037991,2.006124923658624,1
-0.20594220643201266,3.4430056942218368,1
3.7204355987189643,-0.5835664102186513,1
-5.1378874031072179,-2.5527292514897657,0
-0.17959868736461138,3.4734454349480881,1
0.070724977905185948,-1.9810368956923226,0
4.0785482733798757,0.96810198289660487,1
1.5993543179364642,2.7637612256063155,1
-2.7905609500495347,-3.7853364545462935,0
2.0241875717711144,-1.3637319080816801,0
-0.022783361103595912,3.7700613000420899,1
2.21252946272114,5.9773787151772382,1
1.6094616439686955,4.6530433078167919,1
4.5402738901139781,7.8698713051547422,1
4.5482242117009708,3.556783163676013,1
-5.629517445205817,-4.9058447916783923,0
-6.1455213609765078,0.21934402097962691,0
5.9449861282928538,3.8214245491543233,1
7.2901688241107125,5.041035994482943,1
-0.36352365282644605,4.1263361279773392,1
6.2837179092857554,3.1881164436196876,1
1.5003628039587453,1.1435530092066308,1
1.304878292189942,4.4642564008871064,1
5.8165361372175273,1.1755154004272859,1
4.154035102191024,4.8317944814472344,1
-4.3380030868779356,-1.2846707905059072,0
1.9441628582002475,1.354269016277891,1
-5.7297510892616508,-2.575589235569594,0
-1.5630594462632752,1.9764048195402131,1
-0.65512245627168308,-3.8262541696131334,0
1.6612111512577261,-1.8600267769591454,0
4.1575970525409343,1.1071870819937053,1
3.1358317490003351,5.4007283540847926,1
6.3438076483127315,3.5659225689779501,1
5.2399656792622107,0.4458432737102016,1
-2.7860525563048206,6.5830945962870207,1
3.5099155010283516,2.1826230800228035,1
4.2586063656120556,0.59955167529719899,1
3.3573317093265054,0.34062373353639686,1
1.7396153323307366,2.3308493875771474,1
5.3210336223764561,7.9196173488125385,1
-1.1812809580882124,0.28080253076224571,1
4.2089915887807878,-0.85210512098612323,1
-0.70478038807724719,-4.7089082562900293,0
3.7664985269778066,6.027567031251877,1
-1.0348426989845794,-3.5892744551728613,0
0.61220680848373865,-4.7498968217050566,0
1.2362702842412299,2.8758843654560491,1
-1.7737838911897503,-4.8149619847369358,0
0.52771842506717581,7.2812636965876409,1
-1.8669461082096106,2.4597082299892472,1
3.7609362901825647,7.7777818168867849,1
-3.2377685191377217,-3.8044778000971369,0
3.5249682875893042,5.4012739386697568,1
2.7224495068416523,4.5031448880459379,1
1.0716541110386135,-6.3030152669409327,0
-1.4117127125001061,-2.3201578292336285,0
3.263688453166818,4.2959736588036606,1
3.1754484889682555,4.2475479791188846,1
6.0965828006757459,3.7311965489349213,1
-0.53417652915358271,7.2933627235734928,1
-3.2386377702617213,-2.4318752992050072,0
-3.5691584335092275,-5.5850760274288396,0
-8.7370499662657899,-3.5770125408940481,0
4.656672087229266,5.2938545964760362,1
-3.595747951678244,-5.1582745478363883,0
3.8844553921608944,5.6298847793049784,1
0.3290742770620243,6.9584342748774386,1
3.4783318222179256,-1.7544530563491856,1
2.6909468173625068,2.1285838111290767,1
3.159542838392881,2.5732191885478519,1
-3.8903066833766982,-4.3458914964755939,0
-3.2966620894539407,-1.8238328796069827,0
-0.59907549416221784,3.4207684884244447,1
2.4074611765904734,-2.184570399696188,1
-4.754725108617782,-1.7176832170136367,0
6.7058863633057779,0.77926138743964168,1
0.32112547228336963,0.62495599177239169,1
4.152670463096344,4.8990988443398429,1
-4.8316418220253761,-1.8144674894527522,0
-4.6153987402513579,-3.3764200064940746,0
-4.4636832045885733,-0.8437157660392347,0
0.94525641579097419,2.9909615557991405,1
-0.59563851814132329,1.4411284679983138,0
4.4296436057104174,4.056787990832242,1
-1.750498981720358,-3.2240337284612606,0
5.6532675767945086,2.4455804980539066,1
-1.6418419937129656,-0.19357486584879569,0
1.0370096123641377,1.7103855304179196,1
4.3710060854387507,7.5749975998612378,1
-1.7219034545819409,-5.6420978316930155,0
-2.8309675477142506,-6.1903633193321976,0
-0.44722560337087058,-1.2679308362544073,0
-3.7636599880003279,-0.86227758088393269,0
1.1364522557565815,1.1854894877901019,1
-2.0982430669802454,-3.2163578963702917,0
-0.20562881146858336,-1.1300797057875893,0
-1.851246572516559,1.9973161002322586,0
-2.9911714403329235,-1.9481102174142577,0
0.84503172073647237,-0.29979403850232389,1
6.407230101606185,1.7982057197514414,1
0.1878357356955207,3.5207308572720861,1
1.8802221682740141,2.6868844332923505,1
2.6568435816491762,2.2702394287757102,1
-4.2318082753017983,-7.0487484551142829,0
-2.9489559530842309,-5.8922636275740725,0
-0.60572202660483443,4.1157941549562986,1
-3.4033436054716257,-3.5452789000614389,0
-1.297762482685449,-6.5260010571103582,0
3.3369659167462284,7.334543806446109,1
-4.6494424247701795,-4.5158594398046272,0
-5.5142776922553214,-0.13093945742062019,0
-7.8142762751475914,-3.5452682176449302,0
-3.3383337300007589,-2.2639939119655947,0
2.5348407520024465,5.6526483135385783,1
3.6008289247320153,0.42260254756799132,1
-2.827757235725564,-5.4327724272157232,0
0.60970514974005185,-0.83796340429684424,0
-3.6701279088969594,0.69995414337277628,1
-3.4595786076028112,-2.0847722365190919,0
-4.1350712839947903,-2.1039346773251797,0
-6.8182201566017415,-1.5635077166103104,0
0.87627730299838946,-3.6173500381499961,0
4.6202083640003604,6.6729556862727728,1
4.0388976898809013,5.3093104418567396,1
4.4218827497050448,3.1986131082179745,1
3.3257306677097791,0.762262282825652,1
-2.1593212724221065,-1.9784794817196405,0
-3.3704973819341051,-6.1918011335094594,0
6.7087422123575093,2.2509378462253715,1
-7.8582883791429774,-4.7356415272973216,0
3.2943430491176815,-0.1913599604375853,1
1.3374804396521391,6.0129688339585456,1
-5.522863135742651,-1.011996443177918,0
-1.5794806460007953,0.76481340007424281,0
3.533845646282578,2.9996352129603965,1
3.7411375725883818,5.0229108002198419,1
2.2000950716543266,2.7090202566318711,1
2.9337198207705204,3.746610778887931,1
-0.49634351783333752,-0.046204901749258731,0
5.4735347415257287,3.3977634732376965,1
-4.4624061362749607,-3.497245348698069,0
0.23550606017273701,-3.0472816919329819,0
0.82420825756465632,1.6628206674063684,1
-0.73172259545216489,-2.7308209426411407,0
6.4875498314400852,0.38131594019451898,1
-2.2879706710311569,-5.4361003198616622,0
2.0700179627606339,2.390145917585321,1
0.57497928888455752,0.25717124818696879,1
0.90907947259606869,2.8838683591467094,1
5.7670782397723626,-2.1775247130607696,1
-4.7873764347730017,-4.0000871977087433,0
-0.95172686668324502,2.160067645002357,1
4.0446530980577489,2.1725893936900169,1
0.68353964217950036,2.9159986700276765,1
3.0239804197810809,6.4676224068096708,1
2.8965747882250725,3.2472827180320971,1
2.9791262501245455,2.5663340367089078,1
0.66408149922980053,1.3882452650053083,1
-6.3418564677165321,-4.9994036627472589,0
-3.3424664459341242,-1.2556732777616593,0
3.0703155553560046,0.78675330585706682,1
-4.3946515010802223,-2.3042670065921564,0
-1.1701136685323057,2.4325530244960554,0
3.0855672353079218,1.8782645292324376,1
5.7122108737891519,1.9124529905243097,1
1.7163191097753774,3.9816858470982917,1
3.2011174401128764,3.3363526061401698,1
-5.3846889647151457,-1.1471852522633075,0
-0.89966126709694239,-2.1930288538059637,0
1.0616932209740704,2.0685777245977426,1
5.3405655813692636,4.0484060555785844,1
-4.3044530746683147,-1.0082762226429245,0
4.3878378006464134,-0.32843816645464674,1
-3.3154441727495803,-5.9510275915778248,0
-2.9023377666263599,-1.7378739767828975,0
-3.3623735513921575,-4.6153279726216265,0
-5.3715580907259781,-3.7331421121339332,0
0.28873066871613196,-1.8516585981071711,0
-5.6125541044565015,-1.7246912909836256,0
1.3599033595753953,-2.5468912600827651,0
0.75127813852152414,0.02658735370758869,1
1.3813009024147609,-0.44732163938453606,1
-5.5757120562803753,-6.4991496863977414,0
7.2746621961888769,-0.20457334172093855,1
-4.4254282151373161,-0.36789292853825284,0
3.9564747734399592,2.2232180838079634,1
-2.0558933382588744,-0.21466205864840493,0
4.7654636297220812,6.3788949003582225,1
4.7292254538700309,4.515858616343797,1
-5.7909368262001433,-0.47161664422817395,0
0.58008006190134642,-2.4405655016787176,1
-0.82968965609331535,0.60852481198831532,0
1.1677216500023027,2.6889646859978882,1
-0.80753288793125577,0.78183447398196337,0
-3.1092257020387524,-3.8523113853935129,0
-0.70938780066124973,-1.3562729942182432,0
2.8690875963395781,2.0596829319310581,1
2.1512087172922509,4.8529850477811376,1
-1.6155514192372722,-8.5931532736519607,0
-1.8631373508163664,-4.4361630530626854,0
2.6824916057913692,-1.0309959622517626,1
-4.8219886825621563,-2.2915769913368056,0
3.9975656648885645,1.9819158040356197,1
2.0272438031954554,6.6641873995044136,1
1.7021263860583273,2.382428879528617,1
5.7480608567738543,4.021413741926807,1
0.19450050528407958,-1.2420922544024462,0
-1.4636699700317974,1.4132708807867667,1
-0.11681186808613164,-1.6037137225771854,0
-1.5625323347065827,-6.2902473090291391,0
1.3316471162699202,0.68043282248741566,1
0.92829403067103256,2.8828444882949267,1
3.5202315579480001,3.1622785000506139,1
2.4090104870416669,2.883636320273995,1
-2.8888787080871734,0.082068059396572579,0
9.4243275023993576,3.6779894779657765,1
-4.8526215658269782,0.61185095357766928,0
1.0076576918970339,4.0605481947375477,1
-2.9498195011106225,-3.8172327568357605,0
-2.7707124779595702,-5.6047142432443078,0
-2.3537488491871588,-5.9433607045727435,0
2.4943245252421251,1.8398872322079785,1
-4.6532816400683465,-4.1833954288065103,0
2.2096503819672204,2.8346174860162163,1
-5.8969699096189601,-1.2848014003221349,0
-6.9277625843679527,-1.9585713774844293,0
-3.1353326092185556,-3.1076086067694786,0
1.6897051582089426,0.4038609396694528,1
-3.1738366252223318,-5.0673668219025068,0
2.1553199014490048,3.407265870575042,1
-5.0041109761376976,-2.3507970719520879,0
2.4924678451490809,0.069217978037591443,1
-1.6658539978496436,-3.3505422249715022,0
0.53627627976345194,-0.79429118245990304,1
-0.049583702876062841,-0.59948403446534648,0
0.87889141442017049,2.4348225782414019,1
-4.967937916144944,-2.8346941100294081,0
2.0769019232631081,4.3892216726546698,1
1.2446130180584405,4.0056862225727858,1
4.5685946733688576,2.9442013933986777,1
-2.5975232354456099,0.52833345032410373,0
-2.8087585903365428,-0.029062646299589989,0
-1.6574615650830844,-3.6727170326263185,0
6.2665423782945826,3.8653793031382522,1
4.144070169988753,1.1780018544768742,1
-3.8685227515220881,-3.5667135211703318,0
-0.05042895299688599,-0.19905578747800723,0
2.4197592954115255,6.4802635944471776,1
5.9534197088411771,0.29394104920461972,1
0.80506562815127181,0.15016067113874332,0
-1.9616586118282167,-0.15929697683402688,0
-2.2021651763968935,-0.29602863369256838,0
-0.93775768626385814,-3.4284590330529605,0
5.2812166013630684,-1.7541773197363266,1
1.3695634011554956,3.0680250727510696,1
4.6393951275900811,3.2229663843711043,1
-0.84667542418776343,-3.8865988430976315,0
-0.76065035304441819,-2.9093155274894618,0
-0.5062997194561496,3.7802414133784943,1
-1.8941680204510929,-5.1824074673127587,0
5.2440103265420817,1.1176803693793147,1
-2.0416185647492799,-4.1043944668783912,0
0.57137342855727846,2.9477720347422496,1
-5.6621724461640595,-0.82716189678022678,0
-1.1418659671316604,-2.1367779554818629,0
0.013788021804725048,-3.8142300771461133,0
-4.5089747915583462,-4.559009698801467,0
0.026059862810078549,-1.4066019309630391,0
-2.0706862234701982,-4.5025782168340829,0
-2.7653567792361238,-3.161774501348368,0
3.3280414851527267,1.8153495383430047,1
-4.0687649042225154,-3.190144181779595,0
-0.9539711717771242,-4.6019402569525214,0
-2.9997200288404855,-3.484048595736593,0
-4.2697433312625499,2.8130198107254261,0
4.7689152628231817,7.1537287626877113,1
2.8280554805526825,4.8926210952201252,1
-4.3928912491973211,-4.8775950329444751,0
3.7216263328045796,4.895756407071274,1
-2.1694205980428571,-6.2458273858160256,0
3.7048606451511912,3.6094333188150847,1
-1.6248535144047087,-8.5596540822816998,0
2.1967929531952048,5.2852552845032514,1
5.3647001429731702,3.93753880558224,1
-1.8555578646995257,-7.3695717159502978,0
3.3061453900686617,0.35072607320857463,1
0.59974456502609597,-2.8892587671653986,0
3.8457058716613695,4.0533759150739153,1
-3.3968370197784186,-4.0661935898248815,0
-0.65588941223239638,-2.9275483556253672,0
5.2717526691119856,-0.048889524788675143,1
3.6856262440120102,2.4437003999709805,1
-0.88781739659646242,-0.52849028775013851,0
1.7363012751659463,3.5726092862732437,1
-3.2613112584699655,-0.81261085106943831,0
1.9267859973611254,4.645205590821802,1
-2.0254360008267396,-3.6838865835583068,0
3.3935935253272418,-0.5433784817298033,1
1.0541350563824463,4.7749586041468595,1
1.6907990911323196,3.3654873114019628,1
-4.9390098134574112,-2.1441053603766571,0
0.99129982589477184,-1.0235350121361169,1
-4.844069796530003,-4.577162046646885,0
6.7395288717719648,4.963266366064996,1
5.0302701080833696,3.6618517889737796,1
-0.40730403506632173,3.4911618627630827,1
6.3159447590290103,1.6690971685230547,1
-0.054285542067379122,-3.970523354905894,0
-3.9031208783281239,-0.58640097185079076,0
-6.5659183977032729,-2.2487234373605038,0
2.1858511426147134,5.4664235845439908,1
-3.5509588879682865,-4.4336595703521988,0
0.44037432750127614,3.4186932773300684,1
4.7249578965941055,6.2413609204284306,1
4.2120887049887834,0.53208402577638703,1
-0.24569670516184283,3.0078019569063486,1
4.3041484408567241,4.7008061085474413,1
-2.0444921191804291,0.82415232200265764,0
-5.7873748877235283,-2.6367435226064422,0
-3.8794887411773651,-3.7105686579489587,0
-0.93456265714285891,-6.1054188752608951,0
-1.3067809230503282,-5.9711442697771879,0
-1.8320531710004151,-0.97246679675946845,0
1.2753669057761194,6.9714859657076964,1
-1.2607013057938545,-2.5442372860738365,0
-4.4462811431909595,-6.3991380508007722,0
-5.3778480553406496,-7.2247223295307039,0
4.214882957726255,4.999305867806429,1
-2.2811636831199342,-4.8147573294034451,0
-1.6291227905211114,-4.7157072197767747,0
-1.6568295226614584,-5.5956406533552041,0
3.8334977984582048,5.7551600209551923,1
2.0853553428481773,4.1564670039153322,1
1.4215989626710017,4.1343605411744111,1
-3.2874122438078839,0.055505208919379712,0
3.2499614396167216,-7.0491512006807717,1
6.0356854352919207,6.3508331865146808,1
-1.0774831921093544,0.63197294905962309,0
-3.6865159912424326,-4.2512515216026392,0
1.7790859815180315,-4.5282427633633642,0
-5.5630013474680329,-3.4112789768431648,0
2.3558670785438873,5.8798633528746125,1
1.1166121331198926,4.0235386055730746,1
-0.21031545200439794,-1.8691174569922917,0
2.8660310538249347,2.2975604007874195,1
0.63917317363927539,3.5569534917614218,1
13.580979058441827,5.7224083154948193,1
0.29538794380361022,1.7655424081479103,1
-0.99889503132066038,-4.2524682037503716,0
0.67760605455531842,-0.3733531747089649,1
6.7640787678738405,2.6657199403427314,1
1.9457861515557393,-0.82414853920715725,1
-3.7182799765471102,-8.1228305480615077,0
2.0695181635015985,3.1256883409521277,1
-1.5317086625710565,-2.8519801597028969,0
5.4267645742326911,1.4523984826217298,1
-1.5634414950190521,-4.0972865881240246,0
-4.3557472147599441,0.34015085514353993,0
3.6364717294180395,5.2948023076798041,1
3.5580113680543675,3.7625100318517317,1
-3.1947169943999265,-0.27014935745395263,0
0.2878998699736508,-2.5240475947327718,0
-4.2283194972409488,-4.2266201244635386,0
1.5968516955416121,4.3615622281216382,1
2.146943698631063,3.617732851793253,1
5.816543656123276,4.9301274584389301,1
-3.1389888897805953,-4.3340692544226584,0
-4.4903403567679145,-5.1423005784071201,0
-6.0217179265748584,-0.60811300500933108,0
-3.5224480456995728,-3.2045654029196959,0
-1.6687480557546115,1.6115963905879198,1
3.8825364690815807,1.684087856670256,1
2.8607278792075013,6.1490827609557446,1
4.9561461184910041,2.3529109303925337,1
-3.7468881624068784,1.7494551143026955,0
-1.6200319635804084,0.50571214051583135,1
1.1958650210184327,3.2527416689893824,0
2.3502963336358702,1.6298800975892227,1
0.842738125024733,0.79645576088296455,1
-4.4337632923041372,-2.2692054405863891,0
2.9728336788796996,3.4496476664714866,1
6.1451057309359598,2.0355339651208619,1
-1.5944694798431409,-2.5076101667402497,0
-3.8360597462771429,-5.7507162251376913,0
-5.4433037568116802,-1.2212435166404856,0
-1.355607461557492,1.2863774870722011,0
-2.3959791159005679,4.5100698673508335,0
2.2409696655013756,-0.41750696489986705,1
7.0545533165973335,3.6396976074219225,1
5.8564086100309618,3.8196594159634953,1
4.9102367172418093,1.544667158649881,1
-0.24076688521760525,0.6183921266750283,0
-5.81576260857533,-3.6494468681058398,0
2.9474341024561048,2.8561589841815906,1
1.856028311076344,4.3895454201862343,1
0.46702855829401724,4.0705217134567437,1
-1.1715121624441565,-1.6181459393241717,0
-6.4511341963055813,-2.1558374005064453,0
3.4502769773879058,-0.4836584207665422,1
5.2898408079509727,0.82668908414052789,1
-2.0920939938645899,-3.3784159850159901,0
6.6691654293636446,4.1886401423452391,1
2.092251647273176,4.1510024983441065,1
-6.9464939095974731,-3.8011321495184873,0
1.7504314375787879,2.0572767956101603,1
-3.8208806781385634,-3.4552541533634265,0
2.5973683308977162,-0.16433182218180908,1
-0.51320838097030785,4.0501520271254661,1
-2.3483227548431143,-2.9576188387652853,0
0.76183700380057839,4.9195558065877298,1
1.4842145387806935,4.34816757510802,1
-7.0118176926627793,3.8520112099172987,0
-0.50220108630410509,-1.0231515543231482,0
0.77564165087128645,2.2946246276529272,1
-3.59902900517858,-5.0498313447304621,0
3.9916979508860759,4.6477764728731588,1
7.3024886553104302,2.1476071107405272,1
2.7041094132102224,5.3078616755171755,1
-2.7846739615798959,-3.2672423767701746,0
-0.6768346687354776,-4.9391684814011754,0
-6.0009026263750247,-0.94324843917882495,0
2.9175674913498963,4.58371154958121,1
-2.1921453639170609,-2.8952499563266656,0
2.7553151471585471,2.9132547758741039,1
-1.0074278536229067,-3.7236509090404444,0
-1.0065109767265279,-4.8643343382459445,0
5.4509505665251332,3.5632579080547604,1
1.7336199516682074,-3.6815527694324324,0
2.7879081689929053,1.9800997263506179,1
5.8544385323501817,3.5020384885963174,1
-3.5617101458386955,-1.9402674785669194,0
4.9832940119237357,3.4744517031560673,1
2.9647173649135037,3.3747646815915475,1
-0.39916694549119525,-2.4445583423538464,0
-4.3417598173734149,0.50465859424048887,0
7.3552548986570132,2.4288937679285341,1
-4.2797158361531444,-4.3249020044489086,0
0.32006671300229428,3.1001766306238219,1
5.7709346491836451,2.2766855465533617,1
-4.8902792210134489,-5.2480578857885583,0
-3.6385817904684252,0.83370807529359992,0
1.9576068128731361,4.3584958748098854,1
-2.8892936216391156,1.6264630918255687,1
-5.8639408281617644,-7.1190812753457733,0
-1.7926312852568624,-3.8431018683263067,0
-2.6919204358091489,-4.8804066639973716,0
4.5784674492005832,6.7323919329048927,1
-5.1803441607400131,-3.2163943778968656,0
-4.5391452828205932,-2.8286093936433527,0
0.3923892514451035,-2.864368580692374,0
2.3914897706636347,0.68488011610191979,1
-0.5519823257930323,5.9142672012926125,1
-3.746755805442036,2.3385301931160472,0
-7.5196233238710191,-3.7784852571600021,0
-4.6873498454722231,0.77695908496554633,0
-6.2699183116746955,-1.099826073783728,0
-2.9949455560537883,-4.4630615260068298,0
5.3578823053922768,2.8247818965438873,1
-5.275313049271964,-4.7883024403068193,0
4.1873671814214708,3.1409104673975512,1
-3.5844936961860334,-5.4064839192702951,0
-3.2576452082197016,-2.5916720836593283,0
6.2681537226270017,-0.12924661435998441,1
2.6922220300165463,1.5269125060450519,1
1.2663895191033854,3.1517252705122067,1
-2.1176954662786658,0.094558340948095232,0
-2.4579543908286867,-1.8496372452670453,0
1.1285260383934825,4.4615816380223725,1
-6.9729330411452359,-5.4484791296830455,0
-3.0840224726912808,-5.5833798179277103,0
-1.8709507959507481,-1.4673482442634331,0
4.9708321625491241,4.8945228792321851,1
2.4123251630771785,-3.2732945098389279,0
3.825248807916215,4.5504121691937627,1
-5.0421262192666614,2.7669769016842567,0
4.7120909540977944,5.9820268827069878,1
3.2670419632970633,3.0842918220036566,1
-4.7500806148549977,-1.9868854973191969,0
4.1212703515880182,0.81128017850960976,1
-0.27642959330714545,-0.35745424511724488,0
-3.6685973282414084,-2.0400202568327259,0
-4.2325627662148584,-6.0384935911551505,0
0.76234151578883402,-3.1767849584043319,0
2.3146314549370741,4.5320213579730932,1
-2.0996031050185842,-3.7278807626765436,0
0.28155577013337219,-1.1465433486559435,1
2.5604468134178671,3.8674196535934002,1
-5.9368431011644471,-5.2649138731047191,0
3.5011820578457939,3.6116625849940029,1
2.6857861643967227,4.9610252915172737,1
1.5420776632049069,-4.2823188823288652,0
-3.10585720111477,-3.9502202211885686,0
-0.020165956582641975,-5.6672202530106226,0
-2.4787018361889865,-0.42407377251715062,1
1.3630719132366629,-5.0046935593936812,0
-7.9092662892218986,1.2300017341085523,0
1.1701949618416032,-1.5503026215516584,0
-0.92661067784952689,-3.6121475664419087,0
4.8121197012158268,5.2188001590799065,1
1.8714225396285766,1.6720273909624053,1
-1.3172299778144829,-4.8231034684173508,0
-2.4406197608893141,-3.4392566765690784,0
-2.2313603239516162,-3.8661514527900622,0
1.9436499484256748,4.6187106572638914,1
-4.4940337007011699,1.6659083375014383,0
3.3287241458962988,2.3246288686965437,1
1.9791614312306585,2.5763715628894781,1
-5.5723226388129055,-1.3604091942001051,0
3.6701846187312555,3.8476685476785106,1
6.3412130099691817,1.4553133129796416,1
2.7324053859777075,0.24348208770304014,1
-2.2158980183114005,-6.8068920005336917,0
-5.8663109590453626,-6.7176930902657634,0
-3.5834356806947087,-1.2344001013264361,0
-1.0287642717096406,-5.235772487113902,0
5.3533856891667,5.1915238142483462,1
-4.8918034216137327,-0.12016131668371877,0
-3.8559536538146113,-3.1466661314428443,0
4.0473519787980514,5.1415566546552895,1
5.3746906919167614,0.42033165655230587,1
-2.4263841628787803,-4.537472683562644,0
4.5310786239767804,5.6941292790640503,1
-2.0527102713237904,-1.328146134922414,0
4.7422286709534571,1.6574428678395541,1
-6.4771450106649215,-4.1664668826452669,0
-5.9258139944999897,-3.6799611071126459,0
3.5880577459557172,0.73520230023056765,1
4.0303950048472643,3.8020542189605262,1
3.2365534068709816,2.5771038841272897,1
0.25024040560116534,-0.62072851476397606,0
5.3518183570212958,5.0490908621686774,1
0.93885716794850049,2.2063842116371823,1
-0.93539042500849989,-2.5773658497073417,0
1.7038473408952386,2.8264499459491494,1
0.46253978696519837,-4.9910672074420752,0
1.7183779963300916,3.7912238460176857,1
0.9891497979694579,5.4889334055316921,1
-1.5826064993564306,-2.3665526588062367,0
-4.6763827000219624,-2.99212720938421,0
2.526570215127796,3.7270514132217833,1
-0.30323222254308302,-3.3303976950987515,0
-4.0698251042453872,-4.1692850488334132,0
-3.8996883683161707,-0.9533281467856356,0
-0.75440833556885467,0.16601907125829074,0
-2.844576816236331,-6.0781640301320241,0
-1.5993357131329589,-3.071961851497417,0
-1.1054613390966628,-4.7989698323303864,0
7.6423728093049146,-0.38683495330310569,1
-4.9096646373163733,-1.0543525744812672,0
4.6322279995759956,0.21619341943609083,1
-4.262805811056694,-1.5400550771514148,0
-4.1534739676260211,-2.0752858558772402,0
-2.5967991511878981,-3.7582897007034672,0
-7.4520717415273721,0.56988399078843965,0
6.3687229373724588,3.2477360145985124,1
-3.7709427892967433,-6.3351778807500025,0
6.9014751507411862,1.2821100124384921,1
1.8710401520066684,0.011683774822293991,0
-1.5319059687188592,-5.2586624957025307,0
-2.7455239270864222,-5.0797296377740597,0
-2.0220891702196035,-6.9017523939021643,0
-3.2331182487425552,-6.5729367436030106,0
2.9141360447354994,5.9215946440694136,1
0.83148210551600155,-4.4139530104038958,0
-4.9294361525735919,-4.6503630336751938,0
4.3531201339983951,0.0042336873091559646,1
-0.25907719634606208,-4.2366547241346826,0
3.5860119422392431,6.6918590222038326,1
0.30770128789746343,-1.7265058340803949,0
2.2113914136421409,4.2613553705832921,1
-2.0786560668085086,-0.48093206480244977,0
1.1260032446210608,0.74200788052177336,1
-4.3281040981636805,-0.78335591946909311,0
0.80721127354164546,-5.1497730930856562,0
-2.0792286018714274,-7.7779665678599352,0
3.7592720000351245,2.8012972507502534,1
2.0473835078003928,4.5033289167079005,1
3.9407488624758673,-0.80497994946872531,1
-4.9400500634417419,3.8558665700251176,0
-0.96758590636081543,4.6180829786080437,1
0.56154732108764582,-3.5662760464417689,0
-4.2578493785695084,-2.336298846864147,0
-4.0515445337163589,0.065427464595076756,0
3.6398588025831624,1.9580713935185339,1
-1.3463638298158174,-0.82319036545764757,0
2.0142096093754387,2.3261865396674573,1
-3.9614002714594623,-1.5184985921050431,0
-2.8552442314605297,-0.75544719435351748,0
2.1285009587598163,3.4385250255677389,1
1.8053400355321589,4.8171509918534392,1
-4.1241082586004376,-3.0871786484563053,0
3.0671183694708928,3.0276340052707638,1
2.8677696741364289,3.5115631126029885,1
4.2132713089844289,0.4061556844858587,1
7.8535675213575091,3.6470749539468903,1
-1.6775133809631098,-3.5183097588991559,0
2.165443467754038,3.4942170659146123,1
6.7235656190780855,1.9049528489250236,1
-3.826263046513136,-4.9435508006908631,0
-1.2690696638659107,-5.0303058850951414,0
-1.9293466230445402,-2.0615794116541135,0
6.5157950571737731,2.5385011520158063,1
-1.244740258868636,0.65605709679633684,1
-5.5300486958429032,-1.9385145664866397,0
0.57278620237807987,0.093217668464373737,1
-2.0563350588598777,4.2833185473161013,0
-1.9375490649438447,-5.2328895626305503,0
-0.4892516825015143,-0.86595045239464152,0
0.022593037285979722,-4.6371354084589118,0
0.2953480462243987,3.8650661099365351,1
1.1294706633318869,0.74535422767498716,1
5.8987336414287261,2.5107383505659828,1
-4.0243469251557844,1.9589770599802625,0
1.7418258860968534,3.3117095028274068,1
0.4106244250710267,6.9312293189081222,1
1.4086634324648182,0.91813703900986754,1
2.1259560058466378,1.2914214683517897,1
-1.7642301718577125,-3.0229667162878,0
6.2203215480299239,2.6292385111825847,1
0.14927416895612211,2.9384362620362001,1
-3.0384375536076291,-6.2060299569264634,0
4.4841573659658511,0.39407355665631894,1
4.5945869686856611,4.1535024820436544,1
-0.47498508170466325,-6.8694663290160971,0
-7.2344385178321842,-2.7863666011372765,0
-0.33982055814817214,-0.85547660513872792,0
-2.1705274235710466,-0.19167356148297321,0
0.71856973029784577,3.0652675441345432,1
-4.3345470711386991,-4.4991462841230572,0
2.7397946190181468,6.0855143323786738,1
7.2531241094382404,1.027005866054443,1
-5.3850567630007902,-3.4798020985712492,0
0.51439720142735279,2.7667666673011029,1
-6.5788164580711035,-1.7631393135839617,0
-2.8828307652862417,-0.76040930070989399,0
5.4770355882010602,0.2389982558697854,1
0.40781268831080064,-6.2293296061627679,0
-4.5473090498068549,-2.9647252009591365,0
7.7026614352318692,4.1581278909975072,1
-0.12956112989791491,-4.4991064281828752,0
2.6783537352203024,3.8073501523875266,1
-1.6318171464697409,-4.9832352718055413,0
-6.0736857818976313,-3.788200495093859,0
1.2354150783617197,5.6667827898962742,1
4.733514168463639,1.6333479951325534,1
-4.1486420766974259,-1.8569639836448784,0
2.9261586987842971,2.9127290242722013,1
-5.2158432434035422,-0.46711869675660811,0
7.2832364371254208,2.6519742131529407,1
4.3654697568265677,3.7578774474226693,1
0.45771539681899265,1.4308856680671507,1
-2.5975916114757496,-0.48401894399301293,0
-2.683603725989157,-7.5654871549476654,0
-2.2895559378686228,-1.7812926816239136,0
-2.7076300639364339,-4.186028584227599,0
-4.2604616131424242,-8.5249443713745343,0
1.1870010734861245,2.387211530084647,1
5.8909493983532695,3.9882695919363687,1
4.0518402140362051,5.4776381740447402,1
3.6499917241700142,3.3885723761556621,1
4.0261932862686702,7.2169963952247986,1
-2.5978004520342766,-4.7275000018753932,0
2.4115840054964011,6.012622788166647,1
1.6804760213308829,0.49718882070043646,1
-0.85084735125952182,-3.7868080660283878,0
5.618079798929986,-1.537182344383119,1
6.9308517218821759,1.6813566470902725,1
4.4914445315828555,3.2307675676435248,1
-7.8313712736976857,-3.0132847861227932,0
-2.512389030928829,-2.3115173806440845,0
-0.32750477347334916,-1.6222484006471602,0
-3.2868430809039793,-0.62557798997845016,0
-1.3272350831941604,-4.5343196093797351,0
-1.0746769804950518,-0.71828111779733161,0
3.2847631065707339,1.5367411416323689,1
4.0895572982905577,4.8246367125266785,1
-6.479720215564762,-2.5927013205519618,0
-2.8699513375358894,-3.9553447786316283,0
-3.2837387874115151,-5.5725838703437294,0
3.4915377729027592,2.8274503077145199,1
-1.2402404791081274,2.0242184763117401,1
-2.5413031792259377,-4.0122135207271645,0
-3.5113837376335049,-8.7291004595789836,0
-0.36886644862546136,-2.3042115638758354,0
4.1451729362292831,4.2710892573567749,1
-3.9276740842186686,0.74670047796106598,0
6.0855302264076556,4.8794874976644511,1
-3.1498037871660531,-2.3490388364064811,0
4.2972047703577116,3.1340040635767155,1
6.2911798874540565,3.5980570326486605,1
3.4221103116152882,-3.2074584952020491,1
0.90044499646691634,4.7273291781265643,1
-5.3115573329822574,-4.0133713575624874,0
-7.0683497089100298,-2.6419928571326441,0
-2.5012562043957289,-5.171237945217575,0
1.3098266038988997,1.1402422059996178,1
-4.1353734104723836,-1.2113277511182392,0
-2.8807197360645991,-0.53868373837284533,0
-2.117665824528288,0.50660552366000378,0
-1.9763385476586792,-2.1917872479064977,0
5.0930015532007831,3.6477536656638732,1
-1.4134164955912976,-4.8051874542800972,0
-2.414382348876043,-4.6686110057102237,0
-4.7749278029253714,-3.807656796830523,0
-5.2379407605407726,-5.6623261102426152,0
4.420812218430564,6.6859937230574005,1
-4.6416536597113147,0.059094800996090324,0
-1.344167642370885,3.4217733406231892,1
-2.6623272175471642,-7.2147385130328106,0
-2.4529167314413911,-3.9316678484636327,0
3.1686775930577085,-0.12271942997280538,1
2.058373552514646,0.28299651347177024,0
-1.4480559493237353,1.4425563933131407,1
-5.0721333847691419,-5.8660582210960754,0
-6.3773556847851296,-2.0539746807933161,0
1.6244280046587185,5.2278012465378483,1
-1.2797465047821921,-1.86920660613603,0
6.3393903407917254,3.5487534603400293,1
-0.99519623422449177,1.9279005504915681,0
4.614230075413233,1.6136999546701183,1
1.6425174345581846,4.8968971923371587,1
1.9980033118878568,4.7248570282362641,1
6.2128011067924209,4.2860930347623007,1
-5.3821326195358008,-3.8662295389969294,0
-4.3962686146108929,-5.2478643882307718,0
-3.1713624070782371,-3.0585213350164953,0
-0.17359886357842758,3.9214163912526043,1
-4.7516526747351602,-0.95644866615789859,0
-5.1835247234042754,-1.7573159756700296,0
-1.5426468515330243,-4.3061762062932925,0
-5.8712498744593784,-5.4443766873301787,0
-2.082707964189197,-0.61768644570674658,0
4.601706795019493,-0.83048823951936912,1
3.4977966992642977,4.2037705803129901,1
-2.9958594032887294,-3.3705583407336754,0
6.202540950750274,2.7744158598508832,1
-6.1620781424108575,-0.56465767759652374,0
2.6774335208348519,9.7461249060272692,1
6.1953686889873509,2.7463807656934849,1
-2.3006413685690497,-6.9833389925537022,0
-1.7788297183850477,-5.973754883047512,0
-3.2645670927366939,-2.2004957678696586,0
-3.7824586555475048,-2.5252410406540502,0
-5.1939851699838266,-3.9107194558761549,0
0.57853824847315583,-0.014545523596540821,1
1.9455766185790555,1.9715823040750802,1
-4.3801474312271278,-5.1883376396850576,0
3.6072973295351369,2.8729212226543011,1
-5.0301264988866574,2.9282678991567064,0
0.066666750186828327,3.4504763021246507,1
-4.2768773968406348,-5.5182541506342577,0
-2.8212292445751013,-3.9107322129026243,0
-1.9584243028106763,-1.8004582272197098,0
1.8203517877540318,-0.77507404634052746,1
3.3019075336491404,1.023576123700833,1
-4.5856401008084582,-3.2388747735361134,0
0.36930166996657432,3.6536586948923526,1
4.5059540371095412,4.4099205253819136,1
3.3228718727412856,5.0259124327917135,1
-2.7711564404586899,-5.5367502683830363,0
2.40081222060833,-4.713527768398909,0
-2.7188586788090947,-3.2953954544776676,0
-2.9233578012545833,-2.5609980358584985,0
1.2895896179725952,-1.0033599763813541,0
-1.8766844009483172,2.3408038932232391,1
-6.3739022765472635,-4.2728873259865781,0
0.67778315336046724,1.181466943494109,0
6.8670459851297272,0.30157582027603169,1
-3.2838543124276423,-2.9676143849798233,0
7.1379628405941764,0.79380592303401398,1
4.9455140268067153,1.6549492608425911,1
4.5170076527902605,5.856717731686965,1
-1.8447805934985104,-5.9455083517506031,0
4.7203947236015615,1.7811200669089422,1
-2.1196120165253456,-4.7706799473364034,0
-2.7047657064394715,-4.261962653491965,0
4.1837495919362233,1.5694701833302553,1
-2.5993130014473991,-7.5617052347863849,0
2.9833463150410693,6.1957139258839931,1
-7.14059105763803,-1.0285726902735939,0
2.4316063292895569,1.3658446449763035,1
2.6017241301390643,5.9963180671064436,1
3.8318560434445432,2.6795405467439664,1
-1.1460655541283673,0.23693465064313024,1
-1.6458625407047265,-1.9970849407382398,0
1.0919901712686353,3.1853792162785224,1
4.2506064810041746,2.0018141577412645,1
3.2930136901605094,3.381481412507624,1
5.0495586508366062,3.9564613677982949,1
6.4081367198741512,6.4540718691554639,1
-3.5139107918650478,-2.7886174743995999,0
-6.346196986995956,-4.0232690505412005,0
1.1374873378089772,0.98942642058198649,1
-6.4742038716668642,-4.4402426313469645,0
2.8289437255865968,4.3613371775731968,1
1.6248592598723874,-1.4877044589153823,0
-2.2590573632912028,-3.3178785629577638,0
5.8447113130198574,3.8094421362532227,1
-2.9490063608501589,-4.9662669967514859,0
-3.5651374691255606,-0.19965415437915102,0
2.0441324685855924,2.6418899933828626,1
-1.0363560735596349,-1.7953871314953953,0
-4.2867801715970186,-0.79860193446750216,0
-5.6483408425134387,-3.1368203895068629,0
1.2263182736639173,4.8786576327681423,1
-1.5525264513192194,-4.1065226999055167,0
-0.49329126735889828,2.8013008466452716,1
-0.56236700656112459,-4.9073859095504604,0
1.120991945599223,-0.14141394758373593,0
2.4021990937906774,3.0910465394302555,1
7.643406271988253,4.4302581364020508,1
-3.0407905651526885,-7.9134131483798953,0
6.5632030570318278,-0.68771973354096438,1
-4.6705639400602479,-1.4385718374857597,0
1.0399811533280336,0.030258561210126267,1
-3.8435969898933546,-0.61936435832916237,0
-0.61426110981172188,-2.8934005323376084,0
4.6355812410619244,5.614302279733109,1
-3.6850816623997193,-0.83725375764264376,0
-0.02970460707482836,-7.442648854020022,0
5.7630269349529346,0.16713904534235757,1
5.673525063542467,2.048287642966554,1
-0.91445871486179664,-4.1852615913402449,0
3.4043250825928539,1.4064062728444713,1
-2.7385400832057156,-1.6469523470173499,0
-1.9570433739924795,-3.7315492284909428,0
0.82132879131105341,3.6122245132142261,1
3.4280174515587469,1.3816879900005499,1
6.7023303245208883,5.461131790910958,1
2.2033942684374512,2.7065940581096286,1
-4.7937069852788836,-3.2924835981777898,0
3.153566141338735,3.5302725449873984,1
-2.5766084562997826,-2.5329337979415985,0
2.3319275538591846,1.0249072549934539,1
4.235287652834038,5.9308381226898312,1
3.7729357295307149,6.179250911848797,1
-4.0384322966262163,-3.8749367274806428,0
0.1427976681723564,-3.5962046256290594,0
-5.4633550748382227,-4.3653794495947373,0
-0.51395035600129146,-0.074357693195170604,1
-2.4507733931981499,3.7278208657635084,0
3.9500909106302413,6.0116706192999469,1
-1.0100120304127369,1.1241280328376853,1
3.3238692826871024,2.0821111581916756,1
0.21680204478877974,3.348433902577332,1
4.9502802775031469,6.1045496122578253,1
-0.30855920690521099,-3.258016084243085,0
6.9562966535669997,7.6047657885199902,1
-5.0068037883452847,-1.4599605384753505,0
0.44349721551132282,-0.46799530485989616,1
2.2525509063032247,5.6117704545405127,1
0.46638396249854797,7.3110072391233434,1
-3.7136456035306429,-4.2033599796073453,0
2.0688123774150653,1.0054069628703004,1
3.2551652648610947,-1.825317872248827,1
7.0544281738725259,3.762292956851458,1
2.0542406036787484,5.2049138525076568,1
-4.3093242835994925,-4.9645302100322972,0
-4.1869983405254301,-2.0373025106525802,0
6.215003291194062,1.9536416357635675,1
4.550596615472867,0.38361139512911135,1
0.94997486856710722,0.30718563254885067,1
-2.6330618972825044,-1.6302452978917887,0
-5.1180845857888215,-6.4870793628904195,0
-1.5090470439047525,-1.676089670443669,0
-0.94168487412821911,-0.32194720181175773,0
0.85470272539007963,0.36216011696907069,1
-2.0360006059389,-2.3174484539177413,0
-4.7146191380579605,-3.8321525819450128,0
-3.6777089549861524,-6.5030447473078787,0
-1.3325381205336466,-2.9937314754389304,0
-6.6904865318503788,-3.3617294537205704,0
-5.354272614690915,-5.5530065893726031,0
-0.11614416913981129,-1.2843548239877407,0
1.3501194236902148,-1.4458324408259537,0
-5.3964473114600109,-7.8039552461550823,0
-0.86676062844345525,3.9433461227759543,1
3.8665104349085291,3.6050777559872071,1
4.8257016591045421,2.7357958812095431,1
-3.2963722512307259,-5.1151482512231379,0
-3.9159564881763309,-2.0666848558674569,0
-5.01134347138529,-6.7812173679606804,0
7.9675801630545466,5.0866329027161692,1
-1.2165015733856552,-3.7602723722020204,0
-0.56007426069680921,-7.7935110574563646,0
5.7318411321820388,-2.5788106049545183,1
-2.8722656748873656,-4.9353254286486195,0
2.7880613308754052,2.461090184749712,1
-1.5193515739313883,-4.5190167160849857,0
3.78966613943554,3.7200542532174019,1
0.61473604567057683,3.8916334570482949,1
3.8813689793014565,7.1445139845758341,1
2.3930676469791399,2.4936884826101458,1
-7.1655933402543068,-1.0906140074503159,0
2.2704157580845852,4.8181842386890361,1
-3.9563125473887184,-5.3466137228002903,0
-4.3235757169001019,-1.524998459397052,0
-4.9435934898924447,-5.4331054869918169,0
3.7695720470793974,3.3709061477315343,1
-0.89780365940862827,-1.4796214702409263,0
2.8750757019503514,0.48563822548863067,1
0.31026484578382352,0.30807690886980499,1
3.5278450096571663,5.7517410207623296,1
-6.4301210968361247,-1.0950976778477055,0
6.3078916811834596,3.5517575908211318,1
-2.5865599112569333,-2.7983500884974721,0
-3.717843705952149,-5.4267250092311947,0
5.2566531259608649,5.8751872719956033,1
2.7746859300336735,-2.8427700181530726,1
3.2219193773500154,3.6152610986575637,1
-4.0641724704868789,-3.1455435053932068,0
4.1533392826398243,6.0715263085872593,1
-2.7493621536148556,-5.4256362307978065,0
0.25965896273675426,5.4520587514968115,1
1.0722268654798985,-2.0669398694726508,1
4.3863982267579491,3.0169967892171288,1
4.4624035178074202,3.1833385567895309,1
-0.18677156739565559,-6.1946711266020458,0
3.1603582843487112,3.3635321088287502,1
-2.1908023947835864,-4.1165132715648305,0
1.0513247923375453,2.9684572104783671,1
2.8800871988217924,3.6426919609930088,1
-5.2702948975670125,-0.49747241200410341,0
1.2120250203340828,3.322231572719184,1
-4.7419932328721757,-4.4425410955540059,0
-5.6529923808986755,-4.6648897257535857,0
-2.7388120191412204,-5.6661794065437512,0
-6.0434551410996091,-2.4065230288807178,0
-0.091445920303034445,3.8313889239430754,1
-3.3226566250527494,-0.80204294857648595,0
5.215443224889464,1.6937659776847365,1
2.002286583811598,2.1300882416753981,1
2.9388318321089488,1.1806884003338913,1
-4.1683229991950093,-4.1326791726657408,0
4.1699079215543602,-1.959020486455687,1
7.4782695404710831,4.2837725201991335,1
1.2031955351355681,4.0253330158718068,1
3.384062371795221,3.3094617893801619,1
-3.4645197275368411,-5.3209119411857095,0
4.6284290743954859,0.88906989761542876,1
-2.7113222667892436,-2.5940161365162475,0
3.777723981459947,3.2779693063091568,1
5.8535575970701696,2.6633390166438784,1
-2.5121940060506036,-1.8359626643910905,0
-0.82368406527443572,-3.2144815902417947,0
-0.6969941387873857,-5.2277378868619717,0
-4.3597604292515868,-6.5214534558500885,0
-1.3661405194674137,0.37124727732628937,1
-3.1772209420172945,-5.2926681517935137,0
-4.8497961421318418,-4.1254517306991927,0
5.1852725701566786,3.2057123252942339,1
5.6480839142961496,3.1624021260224429,1
-0.2053476491437487,-0.87612128573006753,0
-6.7498485617023309,-2.1142552366631855,0
3.1248238570556364,6.7667832189663013,1
-0.047536322042358137,3.4776482014180652,1
-2.6712910108016787,0.20128330578594777,0
0.57915301834572563,-4.4621456718143975,0
1.1523331192663702,4.8074226310150809,1
2.9403911736623072,4.5205113257934322,1
0.24755814457334813,-2.4978408513605634,1
1.5012847039951189,5.5973786497291673,1
-3.4311603214002973,-6.1621475195206123,0
-2.5503790514852076,-1.9993199978034748,0
-5.0175494999883288,-2.998012974089197,0
1.1686956414780905,2.6499247783050208,1
4.0172732309613401,-8.9571422523858502,0
4.3741086768035897,6.1615301194864109,1
-2.5602914402153258,-1.5586310283930143,0
6.4227117370703715,5.9471266586774592,1
-2.7003819050675353,-8.3440583955784096,0
6.7238576341515301,4.4996501964340769,1
-1.5339164287831009,-1.2396499311733153,0
3.1575351839652237,5.6540107036231948,1
-5.1658199445799138,-1.4812336325460529,0
2.2532605558049097,8.7988977919601119,1
3.4191655382322641,2.1757136656658682,1
-0.34695186758414742,0.5245820071159204,1
3.6034947679619251,0.99304356892152423,1
8.3043591991015564,-1.0357608667086424,1
-7.0193211402208568,-0.28613931312577368,0
6.4800309031814418,6.4191533695784457,1
0.45909307981498992,2.4136625707211747,1
-3.4224197155767788,-1.8197385723836463,0
6.183309893697718,6.4776218285188465,1
-2.0529004533825712,-5.9778896527062404,0
6.2429189538810137,3.3850220677895546,1
-6.2813285671607364,-3.6645456117123762,0
0.41159707061086959,2.4524189501819755,1
-1.0540152005887691,-8.723406588872411,0
1.1279303140769419,3.8958218278947458,1
3.0334234080002083,2.7787912696282913,1
-2.7769472272431361,-3.9191137588580496,0
5.5668528848565195,2.425474342976992,1
3.4236773738168327,3.8116734701726287,1
2.4670939198245252,-2.3420219573595942,1
4.0613561858726408,2.5036791880946772,1
-1.6022833465496353,-3.6308155046565962,0
-6.1533907695399321,-4.1803134244272062,0
2.1117742804231772,3.9804336982224431,1
0.77573108223677156,0.40896734050922801,1
0.26614100950172448,-2.8288398931176761,0
5.2862247991649944,1.6780679274554624,1
-4.9070980335841714,-1.6077465662654102,0
-4.6978958203211114,-1.1084966098977405,0
-3.926255887219321,-8.6061174396499478,0
2.8610471336284258,5.0893941878599662,1
6.6731318502062535,2.3780529632345502,1
-0.16662835021348199,-2.4629476489400126,0
0.16331502391771791,-3.3130692777966346,0
-3.2593708047983472,-3.2250555414839384,0
-3.4262541788388128,-1.7503401537454006,0
-0.75502659159528118,-1.7969487335704442,0
-0.67434437519960078,-0.24913176163717976,0
0.83398211541108891,3.9507314741619237,1
-0.81474278997303262,-2.9140722497826888,0
-6.8458371971796677,-0.27344025091753155,0
-2.7420161533209422,-4.922802547634249,0
-2.4700149192846883,-3.2616959260635698,0
-0.079195422653030256,2.3298353825577851,1
4.8206442799889162,5.7114966878169291,1
3.5348331199734626,0.39833981389948248,1
-3.4120493166378347,-2.1933605710403818,0
-3.5389693584338637,-8.93004156811622,0
-1.0707478125084415,-5.6040501428740086,0
-4.9155902069585471,-6.1210167252032646,0
0.53215481678317511,-5.4689944724788599,0
-5.3024462799429699,-4.4096087900695382,0
1.3315466836263592,2.5994286170809273,1
2.1680748451454814,6.8335195113434954,1
-5.8768473229688194,-1.7475322595085185,0
-4.1419869617681488,3.6468781864951483,0
-5.0369310081925347,-3.2702381411250454,0
-2.7232923647662166,-4.0603436124560508,0
-6.5267245149814599,-2.1660550003069909,0
3.0029058230181893,4.3962233920147895,1
2.0880131619918316,4.6939351128338078,1
0.60325801550058111,-1.5741290756164159,0
1.7847982073728086,4.5679016147322988,1
-1.1619366785859402,-3.5230203568428609,0
-3.4822671500539806,-4.7940831528222914,0
2.1170645330360691,3.5073871824506764,1
-3.5359460441495121,-1.2517785404975585,0
3.7827827068758899,5.3273771842445461,1
2.4936596089635112,0.49411712013403841,1
2.4356630317231978,2.5334562941541634,1
3.8110051146006385,3.7472839296332228,1
-5.8772075248889628,-4.6966757574061919,0
2.821708245729071,-0.44786756292845409,1
-1.1731321797857668,-5.3096379133410405,0
6.3761569582114017,5.1151552458588316,1
5.5447857113101069,3.757835708409293,1
4.3346771506280461,4.416148098886878,1
4.25997824601051,0.85594177269301763,1
-5.3631837441767516,-3.9718473506972547,0
2.5600612814372248,4.9963237170146684,1
1.4558845566348844,-2.0835103617346018,1
-0.64597560112645125,-5.2944319682261529,0
1.6717327860668547,-2.8211095970384639,0
-3.9671346696003575,-4.6514952692186409,0
3.5427998998321675,4.8547605980382933,1
4.3917784922749563,0.61414841529348729,1
-6.3998056273189299,-2.9492546803442994,0
-1.4342019550407077,-7.4853596631136075,0
-2.2181087009553258,-5.0599012946526134,0
3.1636027955764758,4.3228934411471656,1
-2.4479714525717333,-5.4089735609096499,0
5.500676700749489,6.2912119828513493,1
2.4541277684068601,-0.61036927913886618,1
-4.335237769994353,-4.6543098767925963,0
-7.6377415482707818,-3.8133155701630739,0
-6.4476791801760518,-5.4099656001577578,0
2.3114435799308191,1.2276454950668259,1
1.7876705565656761,4.4294350229141921,1
-1.1336701459883773,-4.3073556784852052,0
3.8426367063509042,-0.57551711272536821,1
-4.9575952217807444,-0.4457715982940833,0
3.1685678712537029,5.0883521321019396,1
5.5878148703538866,0.5998148129824834,1
-5.2633451308551908,-1.8148615940633077,0
1.26772819616475,5.4819872394528328,1
5.2198483179721951,0.77898488969131829,1
-3.8059687241572959,-1.695178023981164,0
1.6458978038920111,4.292852069834554,1
4.2716335477347771,5.096553325960441,1
-1.8151918873870529,-3.1336726120933354,0
5.0120013324121331,-0.40175380247270809,1
-7.6718437564950417,-0.96679892198834194,0
3.987814763392556,5.5787927567320974,1
-6.1255960054839793,-4.382020511296381,0
-3.8619796675220472,-0.97730772471522487,0
-4.6674410820799865,-1.1971348742868513,0
-6.3362353530668472,-4.3816361019562144,0
-3.7109022768539557,-3.4644537166895155,0
-4.6819801179799239,-0.4952769926629399,0
-4.0894449460025335,0.20602252429651768,0
4.7180848313233898,0.56933581402121103,1
3.2216932894310735,5.296527515225927,1
-2.2085776897539398,-5.3563370817252789,0
-3.5058449039878363,-1.2106872931997692,0
2.8208496363641911,3.6883748072869258,1
-5.3016624106857524,-3.9436492718699201,0
0.14834865104657524,0.29541563829845252,1
6.4406788819498022,0.18291323749935717,1
0.26480611898499928,2.5445690339187061,1
1.2346917759172025,7.7341506665952302,1
-7.4617728090034596,-2.849534090565693,0
4.1324021867586396,2.7537959858831638,1
3.3902768193247974,6.8687459138707814,1
7.1259535913708856,2.5059401729572301,1
-0.31783495822646435,-4.2739143987371175,0
-2.4536240653093717,-1.0810301195063816,0
3.8101009027436685,1.9068540545010351,1
5.8842855350382788,1.0671805685246767,1
4.9613884004741697,2.7834557815613019,1
5.2118880012507987,3.3853959816515271,1
-0.81693758021627083,3.9105132016179782,1
-3.2707542457783925,-5.047031210803377,0
8.5722430934529044,5.9253035687121365,1
-0.36957835863076616,-1.9969049791296209,0
0.65237725193364371,1.0300080430673146,1
3.3573697828348816,2.5407786709780451,1
3.5910991639786936,7.0014864034589648,1
-4.8566394836428923,-4.1623846402562217,0
-0.68524928317327705,-4.7343868397571836,0
-3.3165589139499949,-1.3942881282130011,0
3.3362715721939002,2.3937833140911735,1
-1.2283335427828814,-2.2885484353279488,0
-8.7147993402712061,-7.4035313848849116,0
-1.2845592963051347,-4.3733669970459825,0
2.0769263704768193,-1.2490498799229117,1
1.7006700205000629,4.0387228809123945,1
2.6305709139744007,-7.0027262777179695,0
2.0623610728847401,3.5746173166622448,1
2.6486071340480954,2.173990333967418,1
1.4477475586969681,4.7755776194000745,1
-6.231817358470245,-3.2779313134276418,0
-3.6698528516311772,-1.5184866948738194,0
-1.4275414974942395,-4.0699862000224272,0
2.3111549454399554,4.987397874214718,1
3.9157373654447301,0.42034235712897283,1
-0.52117673845627577,1.4418330083193602,1
-2.5133869310709596,-4.6217844570626294,0
2.9824789465440302,-2.8889896487591935,0
3.977831783209127,0.31534492542156789,1
1.6951496662513288,3.1578934385248965,1
-1.6792175349412226,-4.4568366177327139,0
-3.1594195703565728,-2.8645372966498002,0
-0.033418350256380069,6.0451787585585048,1
-3.3051897061615136,-3.2365503735522005,0
-3.8816977201589449,-2.0035015555057005,0
0.9423940462847793,4.4597336184729297,1
0.88292955653976568,0.88441699697025333,1
-1.7847880950120736,-3.2733662017184408,0
-5.9868498558998775,-0.98115007592280712,0
1.3508249959424392,3.1000170224005545,1
-1.9998264231263216,-2.7922641677893441,0
-2.0775272208942868,-3.7747885461807034,0
-7.618248621194402,-3.0297187852273719,0
-3.1772174012411325,-2.5139995367893846,0
-1.4842036925724578,0.6184867919539152,0
-1.3471423154992825,6.0712252962710869,1
-3.9105056564417513,-3.498322480802365,0
4.0674418035766777,5.1204377485597838,1
1.687766409081924,0.82464390910662333,1
3.5212378372962165,0.37570971844940626,1
6.9872621726055932,1.8300474272190885,1
3.21888357447712,3.7370723988673862,1
1.1526342116721575,6.8985019419274245,1
2.9200696723296553,5.439704152317816,1
-2.6015220573582321,1.8816241485490472,0
3.9830848241277534,2.6044811011177247,1
0.18660876712340224,4.0307162259527676,1
-4.0262431780991443,-5.7167221502003684,0
-0.93010161617621412,-5.1081081710390297,0
1.7710114466669837,1.8485058010760436,1
3.0413735041325287,2.7011018607678743,1
4.1090877100447969,3.1841661875845504,1
-3.3367473616092673,-2.2241899861866008,0
-9.172597518415607,1.3827020408347579,0
-4.6421544950990112,-3.0739520699071754,0
3.5404378430833328,-1.2344176605777628,1
-0.20680786565992815,-4.8135573368630435,0
-5.2561814211808411,-0.16496029628201292,1
-0.61877964917392081,6.2007787058134802,1
-4.195171412559441,-4.2215384334777308,0
1.6187110020679021,0.7509602988683497,1
-2.4626792627979444,-2.26376048020134,0
-6.2418628336097015,-5.4633330138556104,0
-1.7095159976575807,-3.2557054547891138,0
-1.2477827190128263,-7.737793826579539,0
4.80325544964297,2.5908289818611023,1
-3.747700469148322,-0.96171047721181768,0
-5.3714005458366918,-2.5541464837391716,0
-3.5042167730925957,-1.586591460644083,0
-5.5547710909417987,-5.3518568861228513,0
-2.3453701283283248,6.0578480352104114,1
-1.1213187264952424,-2.7916948804551995,0
-4.5571491811782829,-5.9212805658000303,0
0.50594680744634646,4.4738755460367203,1
2.7634180128579202,1.8789314768096148,1
-7.4404467061423301,-0.58257864062974374,0
3.2737589788632908,8.4728088352617696,1
4.4661592351346089,3.191736800745737,1
1.6453284932334786,2.3700294248839318,1
5.3586655150349785,8.8308179040609076,1
-3.3330842491463919,0.79354918838528876,0
-1.8759669765564786,-0.78693437935542798,0
2.4202462663011324,3.5513808420969157,1
-4.4768051814096266,-0.46170415369552575,0
-6.8778727667590385,-2.2034491422076279,0
-1.561027805713052,-1.9068837226447115,0
-6.4416589489514395,-7.0913790625625488,0
-2.1579526345572067,-1.800207000288734,0
3.2822021520787401,7.8998849831427416,1
1.78927303289516,-5.7414231950247103,0
-2.5044163810709685,-0.034525117095565605,0
-0.59688686076931097,3.7196310635465344,1
1.7043982940720719,-2.3869993500815392,0
3.4978429928885566,5.3982646777261056,1
-6.2849369382723577,-4.5884238124879015,0
-2.407333336315586,-0.45572742549990997,0
-4.0677281295156007,-4.1186527023416453,0
-5.2691419378300575,-1.5604653829049475,0
0.67735198030987487,-3.6620062314675081,0
4.8043433072884172,0.95420538193078519,1
2.6882985094343335,2.3035715139348816,1
2.5105436166440738,7.3020307482035758,1
0.96014613561099749,4.5614740806172591,1
3.0974992100858616,2.7398918708921816,1
-5.3294826392639187,-3.1996866122364778,0
3.0352453100048851,7.9594975912046655,1
-2.784252665030289,-3.4116097639148673,0
4.4581921220218792,4.8026787564957987,1
4.2498683894158713,1.8740680478865785,1
4.888753066086311,2.7478021902447551,1
1.2145485079644571,5.5061582476299815,1
3.7225795051774728,-0.28197326788756438,1
4.2152567993102386,0.58890989068310962,1
-2.3798873168803953,-1.3095643236220007,0
-1.853113896239224,-2.8934918568379877,0
0.46217411959571786,5.033172786682897,1
0.23128309219894039,-5.0278534411884355,0
-0.98641592923651489,-2.3701221167157698,0
-2.8960713114349623,-3.4122814172843423,0
-1.0476654981073932,-4.1457025625500306,0
6.3698204682345967,2.7722957546366702,1
0.62767551430038315,4.9576369731121943,1
-4.3954214055192162,-0.4847518766424046,0
1.8358178655076152,5.1269607196136384,1
-4.9899044133448083,-1.5063617424337949,0
1.98813225303504,4.9745602977133485,1
0.43872464197830841,-3.0410098227241287,0
3.0067399646130064,3.1416305460297052,1
0.14049401812824591,-2.0152915460362868,0
-0.38199094657058819,4.5762882337110522,1
0.11953739194720292,4.3182505543692438,1
2.9936773680137883,4.4236801745795979,1
-3.8005163237989148,-4.1387391991656717,0
0.72634267266564256,6.8368234016643186,1
2.8763382292405471,1.5359496429225852,1
-1.0341954245309801,-2.3360365442063999,0
6.3919571641114308,4.4508086537571039,1
-2.2141633773736387,-0.48139498530420033,0
-4.5853085040882195,-4.2069168285653582,0
8.4197989442193801,-1.0612038080852129,1
2.6672061447747746,4.6091763234906704,1
2.53332253804937,5.3114931940908265,1
-3.3732283013882385,2.7799198936308898,0
-1.0945687198439975,1.7466842459243472,1
-3.1440520217400874,-4.4966407409058213,0
-0.50607373765213426,-0.20818911541495888,0
1.9855337634138319,-2.749013655957139,0
-4.9665736035042904,-2.2258121260180728,0
-0.13983169861286804,1.7608271436791612,1
-1.0732767811619375,-4.1468849078950676,0
-0.47040269415655978,2.8865005527588821,1
-4.9533589975365446,-5.6676485709327871,0
-2.2645304118914149,4.1689645731905216,1
0.67293898096759364,1.7466226056380236,0
-2.9032618873465132,-2.6574525893062053,0
3.2147630176687803,2.2035525265856255,1
-1.4076265794204634,-0.22432155098592421,0
4.8387845821206286,4.1334218302427939,1
-6.0222085116179711,-1.398423772361572,0
-4.0111462812603698,-4.104863858984662,0
5.2565589681011504,4.8533154006069825,1
8.7435626223825071,-0.35411172161110382,1
6.4174513771098134,0.80655442395742671,1
-3.6006076803257567,-1.6723206972861342,0
2.4938055260089906,0.78035613713286667,1
-5.1139767584363565,-4.6198589646601276,0
0.94607417156368667,-3.3186695833152782,0
-2.4101303132184873,-2.1122654330670501,0
-0.82300538571429893,-5.1364256078634174,0
-3.157878568441812,2.5802283924394254,1
-4.2428417560681453,-7.5142000114366327,0
-3.0421706187738149,-2.9611349970323353,0
-2.5809045615459469,-1.042064229840741,0
-3.6617187455843516,-1.2514430780000221,0
-6.4973274778531671,-3.2390756634528333,0
2.2534363147810987,2.9852866328845939,1
-3.5372113210236531,-5.7490853768111769,0
0.74124880649063751,5.0012165866018528,1
-3.7633728880998087,-0.80837237538192364,0
4.3069494181309178,2.393161942932466,1
0.54322155489830015,2.0291542591672163,1
-3.6371925654709236,-3.0772235893146367,0
3.4679920396135335,6.1569585958992867,1
4.8061151411091458,7.7338566002267193,1
-0.086333214608905084,4.3938575790784942,1
0.78064035654703989,2.8951378320292371,1
3.0236609316433722,7.4084221183756691,1
-2.5255952522686558,-0.93310768341063888,0
0.92089322804204388,2.1578444094101181,1
-2.0336384070321336,-3.8941631273368267,0
-0.58630392333033265,-2.0134232688724438,0
0.68462607469447567,-3.6908167939836996,0
2.1771581835759228,2.1525786587432498,1
2.9885240312299768,1.1931749005415264,1
1.0435822506036267,4.709078332137409,1
0.32596386334933847,2.5256579908072396,0
0.47120187895333121,0.00013214273870509885,1
-5.159492123029608,-1.4550348475300385,0
-4.1327044354433866,-0.7354388371603009,0
5.9232933462710129,5.0182219394937224,1
-1.3529153717188025,-3.3473546527143334,0
3.5035315732190222,0.23525326842453964,1
-5.9668861731337826,-2.3204812855761507,0
9.8424739985992105,2.6768445932128397,1
5.1461324599023843,1.0716250885749528,1
-3.2398538119706113,-4.3643181526189254,0
-0.27223012286677806,6.6795487205323294,1
-4.3244562460694889,-4.7340738190020053,0
3.7499839694884955,-0.32973444122072371,1
3.8641973631959674,1.2719174434298655,1
-1.0414618472939168,-3.4833606294116346,0
-2.0329910347666482,-5.5306285589534561,0
5.9173698358801223,3.9536439000938559,1
2.2621552760192252,4.0402893809978302,1
-2.8827725036232987,-4.0025607419528928,0
0.94236944070414719,4.0660590349152752,1
-2.0716210876689569,-4.3539168152963761,0
3.1569342123031019,3.3421032004226374,1
5.6316230201919524,1.7129211400912976,1
-0.71526990904524812,3.3480912573362409,1
-0.83035138667556518,1.5962224262988969,1
-1.6604026957946463,3.7226903493485337,1
-4.8713015145009493,-4.2589777145923664,0
-2.3825421716215445,-3.6773427112142851,0
3.9274743832834762,8.3691375510116401,1
2.1494973041146479,4.7979633198007887,1
4.8761087162423582,-2.7065003703243988,1
3.5769293334601064,8.2783068856616193,1
-8.1278212053158718,-2.3810117666149782,0
-1.2286317976051222,-8.6352697178976889,0
1.6903610066416273,4.7928557364129309,1
-3.3621368058315948,-3.7729359179096402,0
5.9176079713275538,2.5531910039484065,1
1.6958847500336702,3.7784941281361126,1
0.21164794242417528,-6.4125001509092954,0
2.9318348629430613,3.6814742045419928,1
1.0377184438940197,4.719893092815437,1
-5.019635431168247,0.028148196487627786,0
-4.0728920996532967,-1.0071424652149805,0
-5.7209727472495935,-6.0366084326439022,0
2.2826321227956035,-0.90384696332772219,1
2.0336055479521264,2.0410615662414848,1
3.3561604225758233,3.6624390625967944,1
1.5587273052760213,-0.071748557306297478,1
-4.7783793678197775,-5.7626041747490717,0
4.6707591506448418,3.2045626930248705,1
3.2720040533482484,4.8161470082110407,1
1.2883501310787862,0.66883786703020354,1
-0.97070616080556515,-3.2516642886397658,0
3.1030570952188707,3.9440776608948345,1
-5.4013951337198431,-0.083530666614085369,0
4.3038998671680355,6.6811230401857387,1
5.1228055073272056,4.190947544291614,1
-4.9748204635507403,2.5229449764129876,0
-0.25091467807067858,-2.5626198019252824,0
3.7954925756713318,9.7973042333447964,1
-6.7962058184968548,-1.125252042690599,0
-0.88980000721543817,2.5957433364693192,1
-0.38587276562823414,2.0870575685109101,1
-3.0311393632911892,-6.3235744362504063,0
-7.2645308905829582,-4.9777610110881039,0
-2.6737672922904081,-1.6701678235475039,0
3.6112112054485199,3.5960509820587552,1
-6.5334506225087248,-2.5398852926796582,0
-5.352225085088465,-3.2851055700253777,0
-1.8553397589611129,-2.6498447705310531,0
-2.7486947583071339,-1.0481006638848538,0
-2.6369307943300657,-4.4209006080465718,0
-3.9402753631618408,-5.8522524207302364,0
4.6651666484764203,0.9487582023236194,1
-3.3034061524962111,-10.16540170865049,0
-6.0200905963583082,-4.0161860921794901,0
-0.72260651662678477,-5.1759375126645857,0
-1.5217752654095842,-3.2258795542057417,0
5.1202074167139555,6.5590332249266847,1
3.5545608125628596,6.1097358569749503,1
1.6079287635534907,-0.70655339929027727,1
0.25943728369274588,3.5017138103829772,1
1.6926701131184356,2.5739644595316995,1
2.6603001495096761,4.8134577695013876,1
3.2171125588796383,1.7574684583451963,1
3.7372511464420066,1.771768003534127,1
-2.2546337712121902,-1.1388309609084042,0
2.94211667630075,-0.58502962962359106,1
-3.9874740450660484,-0.93341924414869659,0
-1.2145961621088261,-5.0623973493346854,0
3.3323711030426599,4.3013381169413822,1
6.6154526824970858,1.5617614425410971,1
6.3348690794498452,0.16697955683455712,1
0.68707875942962771,-2.091489445587249,0
5.3372317284450563,4.5906208842804466,1
4.1665247200019264,3.0899459530784861,1
-1.2524403442057044,-5.3014261118255996,0
3.9915356334610097,5.1781381213261666,1
-0.15493737209984371,-6.1583259246690556,0
-4.5355763640672624,-4.8999609619911473,0
6.2227738334939247,5.5206285359542964,1
3.4338836704858382,0.019944701269307252,1
5.8843099613991612,5.0077009364112293,1
-1.9586107505177641,-1.9737451067250291,0
-4.3315880107751337,-1.1314864398371989,0
-2.0352748651032488,-1.6366461594707586,0
-0.97574444795272131,-2.7036551299275202,0
0.56455701462320107,6.3512270279443079,1
-3.1198794539157766,-0.88372929086029473,0
-0.69218129352275781,-1.1403842038500116,1
-1.5502114335577282,-3.5562097896828284,0
-3.2917344447239687,-0.36580476425874719,0
-0.44789137031040482,1.6811149507912007,1
1.2972408103490176,1.8651546987259,1
4.7160342936724788,6.4697669226402175,1
3.7785297069605441,2.5095838582942349,1
3.0687736575908016,4.7828850764082027,1
2.4315990796489464,-1.3023401823531806,1
-6.6684132104638341,-0.17652406906432905,0
-0.49372355739050455,5.4515035516507933,1
-3.0069335833511066,-1.7877159157194873,0
-5.8644788777086809,-3.9721697363293207,0
-4.6964817883820267,-3.1935079588724609,0
-0.24150710501548289,1.492476162311476,1
-3.5113455829250988,-4.0633739300900586,0
-4.0085628954066994,-5.5840704456482158,0
3.3187179500576414,4.5627355258619673,1
3.6021845068957754,5.1589085601290261,1
-8.6234707797859684,-0.3654020073035178,0
5.5696214262076706,-2.7066061212500916,1
-1.0397963739323475,-3.9516514530819538,0
-5.9816753482654113,-1.9647865538518137,0
-0.95486482150437535,3.0751575352549989,1
3.9041582950296476,-2.8642143426590652,1
-3.7880762441438547,-2.653405656396552,0
-3.0454428689567421,-1.2039933115583112,0
2.3088226540772681,-0.16084919877957704,1
-4.5846890478911035,-0.46346869704155047,0
-1.3399010352565792,-3.3688096866153661,0
-3.3114143244228642,-4.3834550687020046,0
-4.933075891224048,-1.6620757750366884,0
-2.0795661390527389,-0.66886923847382063,0
-6.1949054346047756,-3.9790281327520032,0
-2.0707939766087291,-3.1991011140379477,0
0.56709634813394461,2.0200771919434324,1
0.9517882561985842,1.8925156872280091,1
2.8185479865418679,7.0912921833658746,1
1.2637049725114036,2.9776535504526449,1
0.5591999558386882,3.8648163119983665,1
-2.2775282637719241,-2.3480666726117008,0
6.448113332288071,4.3461394350884079,1
2.2501943311583736,2.4425453802970227,1
-2.2795271263896133,-4.2570212513864139,0
-2.844568187164723,1.6531250872284398,0
-3.771937908031274,-2.9573310525721137,0
2.8701778255047272,2.8246780450632394,1
3.6760223734688093,0.10178391645231732,1
5.7773315507558065,2.8708336724125325,1
-5.6043956403939355,-0.74216212811783633,0
4.0918008796148868,4.3160892910074171,1
-0.20628991733013313,-6.5723387712472929,0
1.9207259285866958,4.1065009952645335,1
3.8393169537102039,6.6002736567978566,1
0.1957973934509325,5.051793647605054,1
5.1265481397624111,2.3465150368132353,1
1.3753423884553102,0.047711726323464543,1
9.9292709079604844,3.3349051847565629,1
6.9945473371040343,2.8208036544684369,1
-4.4000720411365908,-6.5160229249437762,0
0.47239198365928869,4.9659882470960763,1
2.8584180884310451,2.287137720726077,1
-0.26986564086625053,6.4499051246760981,1
1.9021152107218897,5.0610895269192397,1
-3.7831567585317893,-5.7197818316089641,0
3.0640361677793075,2.807129786799508,1
4.4068582941535333,0.75559130356246662,1
3.6265739524484588,1.8983197728981944,1
4.4409140906185174,3.6927625625777605,1
5.0801145366799965,7.1956978274554295,1
-3.2569604732624047,-4.4752141567980566,0
2.8538407994939119,5.5531409822151909,1
-2.5426457319506692,-3.2550096249873253,0
-3.4878883651273274,-4.7172873693694788,0
2.3333790670859855,7.4995134912946009,1
2.3624412414439941,0.044070370588055408,1
5.8752331240543505,3.0198571263874672,1
3.8388616089752365,8.009814466525107,1
4.8979375314801565,5.2087870191950678,1
-4.2615664569442622,-5.2444511217595391,0
0.32207872789731251,0.34023563158720505,1
-7.6279688813910536,-2.677670070024178,0
5.7348760549435838,3.0856680036362638,1
-5.9009937519729849,-7.3338756409505557,0
-5.3090033276494912,-11.763947265601876,0
1.6000079190063397,2.8337090168436498,1
5.7566561492297339,0.75349324469647705,1
-5.5084299353389028,-2.5658721288913298,0
-3.2530658124750134,-1.434703548922817,0
-5.1648991468063645,-3.5884567205025837,0
-1.3341728545597691,-2.3529799499012753,0
-4.5365315277706211,-2.5352092866501321,0
-0.33606641885033062,6.4093398811880888,1
-1.1701079584813869,-6.9623620975468468,0
-5.3882522980599763,-3.7297355324649244,0
3.9710606687028474,0.27187960812874401,1
-2.6976546554997762,-3.2437997201902271,0
-7.2907367741239852,-6.749437075964444,0
-4.9998409251439835,-0.71755027396439708,0
-2.1598476487461489,-0.51449293248101835,0
0.15341739534123189,4.7406451335039232,1
3.1138664331116779,2.7082529732196061,1
5.1794978912959779,2.7817062279667835,1
-2.6577837408308516,-2.0222111221707939,0
-3.4775003046234687,-1.5128670677246705,0
1.5229800897724308,-0.45372634341160012,0
-1.38496752986632,-4.5907827707943678,0
-7.183451520389883,-1.4743360466191529,0
-0.42894371242788099,-0.62233547810551704,0
5.8405560823745457,3.9537967130090883,1
4.2138060344505943,0.88554248089417653,1
6.5960989918660697,4.6847348483867206,1
-2.0589155825360841,-1.5523384874060815,0
-1.560369406716098,-1.8056004526104403,0
-7.0952398244125945,-3.9041289407404807,0
4.4471407979270072,0.32840095801118929,1
-1.5549733124826541,-1.4333246687842809,0
-5.2421080795160062,0.2074745456307614,0
2.6589266274341452,2.7225501936957652,1
-4.4929941724795643,-2.6349753062847281,0
-4.8318593088487756,-0.2889964927042632,0
-3.4955676638754758,-4.7639492272924171,0
2.8397443819626744,6.0870373815117773,1
3.8596556027570732,0.43985440424780498,1
-3.2248974194608628,-1.9441074672574152,0
4.9042434999669187,3.7532901970035741,1
2.2762973700555742,4.1699899500041147,1
-5.5867507578191304,-6.0519635683405344,0
4.1714783950567984,1.5823023165886754,1
-4.0760921271001358,-8.1242180249986884,0
0.98566473034801705,-5.1724933052857995,0
-2.8042947681804482,-6.1163350996906463,0
3.1264739948812776,6.8806238326596407,1
-4.918941843272159,-6.6944429114466759,0
2.7406609866536851,5.9653193677295855,1
-4.9565973128514553,-4.3182809280688712,0
0.75602834761177684,0.74962445606454553,1
3.7052683254939298,3.5601232992056389,1
0.010213460252231688,-1.1844380177719946,1
-2.6885398475761684,1.0294227367994777,0
6.1581587768937043,3.7977703107694736,1
1.9983785459884473,2.3331412587660463,1
-5.6332241032500203,-1.5120325199575664,0
-2.5205579447488415,0.65054570231054587,0
1.3601771861069969,4.1405049088314954,1
1.4671243065927644,4.3610755998651687,1
-1.2627483276142084,-4.8135858404419576,0
3.6635445761708434,6.7542244717581141,1
-4.6979887425680893,-2.6540324320509097,0
2.0991295965573453,0.9392691368011703,1
3.4748512581214097,3.9515856479924372,1
3.1273745595771514,2.0225259438150682,1
-6.1575072883894437,-2.9125045440411639,0
0.67500172789236945,-3.3894234002724573,0
-1.3840964805643765,0.14512316189041474,0
2.2884630528226415,-0.37285599251274038,1
5.6301442986368517,4.8051664149919819,1
2.7331451802299283,3.4953308145149729,1
-1.8158335004776696,0.21331809313153061,1
0.13558613804363251,-5.8286238146913281,0
-4.9970473792143677,0.75216864991412979,0
-2.4132927018398256,-6.7018494265581321,0
-0.26726182294000811,0.36217898866761633,1
-4.6554585118123004,-7.3204795927117363,0
3.5708887786314931,4.6386682861447763,1
1.9154287155385803,4.8139573335069059,1
2.9762963228985782,4.432386196677462,1
0.24175128525063228,2.898386467409146,1
9.0806769070272217,2.2979515902664782,1
3.4951178007964114,8.021023470716905,1
-2.3742114515440242,-3.5768671740221931,0
3.2219723279558727,2.5932226694388598,1
2.4225922593874247,9.1012946280796854,1
2.4567971906541022,2.9758019374319979,1
3.672448926485901,2.5972359691890219,1
2.1280706553217903,3.9586219079175153,1
3.4355969859202329,5.4057641632557871,1
-6.1529850897946528,-4.0689311299981474,0
-4.7756328832203438,-3.1120177077184459,0
-3.9735481012587135,-3.8617101263577642,0
-4.1078577493356168,-7.113735860748875,0
-4.011088815829071,-0.84380794674409687,0
-3.4844593701473441,-5.5679343659332652,0
-5.0736872517825615,-1.2540152989692868,0
1.379796632189332,-1.1770672969228624,1
-3.7805850310802769,-3.0263056700877047,0
-1.8329330831673563,-3.3327418489967227,0
2.1648832466759718,-3.8676822345612392,0
-3.2734320923601423,-3.3158288448660915,0
2.4616942023104538,5.6475086600363626,1
4.5133420082347477,1.0058638260485144,1
2.3313583093676327,0.57953248504595711,1
-1.4701223477162948,-1.7375292811744074,0
-5.2622674233716733,-4.6711451371651753,0
4.5708314450008256,-0.4447846086248668,1
4.5002383959682977,1.7833347505480988,1
-1.5482470410731706,-0.64860331365489809,0
-3.831408926576751,-1.2733553118347671,0
-3.3486761337299611,-0.94644221535512729,0
3.3482644184515933,0.70063613805050995,1
2.6312131217916392,3.0660258259101152,1
-2.3845172102552734,-4.4271843795599146,0
-0.33137181108822711,3.9920980932552035,1
0.65355555785902286,-4.0985685940649228,0
-4.6140899303859113,-2.7187045531895784,0
0.028454882432309869,-3.9374072783591458,0
1.7499579611234259,3.9071746708313175,1
3.987826087952564,5.2038144700243283,1
0.98410233746142328,2.8980788632648786,1
-2.93057319636622,1.7421699081807251,1
1.7335272405046898,2.59928118938095,1
4.4957210217616952,4.3741892030889256,1
-4.082184520963553,-2.8372002179285887,0
-5.0645794288371802,-2.572423396931522,0
2.5981098940332998,1.2707619524811833,1
-0.65509167772172638,3.3780907749509264,1
-6.1708235075522389,-2.3515074971869376,0
-1.4659174343688592,-1.1594370087186077,1
-0.96220457555594274,1.1292091882616804,0
3.5980702220299006,3.3907465623056163,1
2.189391582860881,3.5993855990916952,1
-6.5565764087808107,-5.7071782106675961,0
-2.5236976196891607,1.4863975817480108,0
5.8660078627190959,3.7761000707292398,1
0.28861873488522916,6.8290404878408779,1
-1.4499982379725147,0.77307229430377244,0
-1.9158520454415695,-3.359721867033489,0
-1.9600131666600236,2.2949839287042595,1
1.6201962163552002,2.5521702251166918,1
4.4490581618371436,1.7854946875655153,1
-5.1699239123092919,-3.3313119835587917,0
-0.85652528359449676,-3.3458765940987214,0
-0.72698347862324297,5.301350197603421,1
7.8964439119524332,5.47269134026579,1
-6.224855480165747,-2.6958223190172079,0
3.6576258291651116,7.1365500311428578,1
-2.0099049885769462,-2.6793363295509049,0
-3.0609035447680468,-4.7313404429795147,0
-3.2616755405779605,-9.4014586929565418,0
-3.0777258572596002,-6.9784789322498941,0
-0.47876332303776525,-5.1224173025012698,0
-0.021688557921567764,-5.7932126041012157,0
-8.9411095146425446,-3.2112238304466354,0
-4.050738782132524,0.28163692137079188,0
-3.9218357056159499,-2.4451632958486611,0
-3.5027295868831883,-2.4393045389878978,0
-1.5954133951669087,-5.8192543989682175,0
1.7267804693910387,3.445837430719938,1
4.4035016356587304,6.7073810593865266,1
-2.749570348214875,-4.3234793868866737,0
-1.5674157254928152,-2.2665996867881377,0
1.9324694648540341,5.0236076373042433,1
3.91594718762,2.3512210780375939,1
5.9568584067348826,7.4452365631290967,1
-1.2416050545242681,-4.0947029363136469,0
-1.2310455178219017,0.82129110470548206,1
-9.8776051642310279,-1.6691679129144354,0
-2.5921908547508181,-5.513434800746519,0
-5.5966803978622064,1.3017172097918017,0
8.4332774270721309,1.483111434827725,1
-4.1845049832133761,-7.6467016549643354,0
4.8187814914624054,-0.69984327551161973,1
6.5414408506615018,1.3560830656176337,1
-2.5029580268308362,-2.7230851050911355,0
-3.5656164546516416,-4.7310086371945559,0
1.1197653017527798,2.9033567347149156,1
3.0195615127610176,3.0533815132193602,1
-4.3852897327452052,-4.6368200990754698,0
-2.1529922702206434,-1.0801343727293329,0
7.1292370955223197,3.6126986180470846,1
-8.04333489029802,-5.9180788404852418,0
-4.6080934908673363,-0.68649002971628859,0
-2.4634602195514672,-2.9678276237920231,0
-4.4735554111733276,-3.5111143361278363,0
-3.4047268198354312,-1.6795001677397754,0
0.86085087485463063,-5.853753398665706,0
-3.3990769357847523,-3.7230901559881264,0
-3.9998357662774566,-3.2457251645746754,0
1.8412733972197743,0.55004632056461222,1
-2.2401981559172008,0.11292037664085708,0
5.8078948521403655,2.1395301405595823,1
5.2955309199778338,3.8727355912138592,1
1.3548108282595968,1.7027439756436129,1
2.3650339499321205,4.2884229944029375,1
-2.067365302279085,1.5556771973619856,0
6.6134892468338453,0.41767713957241304,1
-4.6714674609228029,-3.4090084683272459,0
1.4648877654556152,2.8346130915205556,1
-3.6504277238000564,-4.2506416647634166,0
-2.9389101216135156,-2.030858177577338,0
-0.20317693520262337,-3.3014086689527344,0
-1.0957222132425974,-3.6612067850432419,0
-1.2214781610454319,-4.8942321661929107,0
-1.3838470364109952,-5.7276133830627636,0
-5.6280628834053736,-1.3153576649210459,0
1.0809574581285661,4.9293390266927126,1
-4.4149119515641946,-5.3497801732167822,0
-1.1317365452427344,-4.7335857075239165,0
-2.871392606590017,-3.236306566000188,0
-5.2231883372699759,0.91045590422237055,0
5.3741417245652991,3.648122215171449,1
1.9766822426160058,3.9490471949451718,1
4.3335303262485567,7.8623227138707641,1
0.52490821870059756,-3.3524769099948855,0
2.2235198655532136,0.88704347673057216,1
0.94966591726487914,3.4671582519068989,1
-4.1896952447633895,-5.2679686613447529,0
-0.33406025315417853,-5.8310757757897296,0
1.2376348258615191,-0.93642954431025727,1
1.5180261545697766,5.984544450330417,1
0.30280114549838988,-1.9484595527397774,0
2.7688805620921326,6.5930829254151933,1
-3.4499301999588319,-3.1525891844358891,0
1.3052562331743902,0.86811359045866299,1
-0.32385457655587579,-3.3747704662621825,0
-0.63670801577126079,4.6342434334965201,1
-7.5068356274562795,-1.7549620877006462,0
3.3431724025717364,1.1496177510310199,1
3.3148903572152419,4.6605339202435125,1
4.6640604989205814,7.0953013393055402,1
3.3505144129140394,0.031478156159456816,1
2.1603026295328775,2.2860565083351458,1
-5.9626671091304351,-4.6945519137813925,0
0.41745585931506834,3.4567733434639987,1
3.0973877207505627,3.8229038112766474,1
2.1980565051986902,-0.43280007819644295,1
-2.439075116018802,-3.0405116070963913,0
-0.071493336236402083,2.2943741249029541,1
3.7116402849992323,4.9047161195268956,1
-4.6839346700347377,-3.1573179347333111,0
0.46224144100461872,-0.64884199409821974,0
-4.8889777697745647,-1.9648042958372647,0
-3.5472364022103964,-4.7778251298715695,0
6.6025984908940574,4.3910897447856492,1
-2.1724339173334037,-3.2453711370961051,0
0.40181487205759758,-5.1769812182872501,0
-1.3968413966316646,-2.0833273058085191,0
-4.0775274942161666,-0.80981025199851331,0
-6.4507495306257372,-6.5250626224077237,0
-2.4611049627987933,-6.473090713686549,0
2.1545750830176349,-9.1824806595082702,0
4.0908408346836476,-5.6498188332605039,1
2.0379764244768497,1.3967715473633215,1
2.01869402095687,4.7132301884819601,1
-4.6996679462670743,-4.7667854176192437,0
0.32747982641601636,-3.6067486639153206,0
1.4488540187488617,3.225807597965427,1
5.9021707812992172,7.7511890385165811,1
5.2265022429339334,-0.21091125783938081,1
4.1604039131446022,0.66530007687711823,1
-0.30357415167075086,-0.12825107684768522,0
1.6778802041349854,5.1043266763653943,1
-1.5965979588164148,-1.2287155372253029,0
-3.0725131452202374,-4.0999533196871472,0
-4.6571063830388368,-3.5308776368239205,0
-5.4347741051680654,-1.8267769682220527,0
-5.0152889228179038,-0.92312010884879347,0
4.9895171158566054,-0.87296259613049987,1
3.4349108522513649,6.6429719452427936,1
-7.5114214076595598,-5.1897887862041321,0
7.2515423902145999,4.1515604978938336,1
-9.3918581692842746,-8.7096954712750083,0
1.9399039264334617,-0.76313779113030833,1
3.9948056617153402,3.3445928133257525,1
-1.7607920095073424,-6.143865045579763,0
6.7999922908624866,-0.43905210201051004,1
-2.5325173885851915,-2.6450338615142988,0
0.71532816408428612,6.3437586955205578,1
2.8095043339093437,5.5083165873644315,1
3.1806237198154999,4.0415632614185455,1
1.5215478844311918,4.0556174331243007,1
-2.2220680107420745,-4.2450340972543925,0
-1.8531175393970043,0.67816698949617438,0
-3.3735324536328268,1.367740091943209,0
2.6306845851528413,3.3864610174369112,1
-3.7374867156644487,-2.6240822230047636,0
4.5392633158695954,3.0926490810299399,1
3.0213914908017148,5.7944631555827852,1
-0.082299029650005462,-6.262228090080173,0
-1.711172623662998,0.56200801611229467,0
-0.50907056486317392,-1.0774715955265852,0
4.9426725589541247,4.7434237676003361,1
-1.953110913064221,-5.9945960197066235,0
1.8846145577350431,3.2521134274416017,1
-3.1973793119389926,0.44851861491259282,0
-1.5340552315620568,-2.7961954278109804,0
-2.3770160166976639,-3.2256829946779657,0
4.6753270186691553,3.5473084235421615,1
-1.7409897227223363,-3.7901170059982823,0
-5.6842018842255531,-4.0726887393112072,0
2.1773242599981408,2.3817217799888231,1
4.5867189527408545,4.1830608337721529,1
-0.42899568190862158,1.4571582671164429,1
-0.71598529808232048,-2.0305395886873412,0
-2.7275153700967838,1.8351333256628735,0
-6.1988590971483202,-2.0728795590880167,0
5.1910158381177798,-0.45587806045336388,1
-4.545910149195076,0.70577417782211294,0
3.0407777611118099,4.4008433444135244,1
-2.5729278105476765,3.4275784777531477,0
2.4503648428067697,0.59520244696162683,1
-3.8363715916645456,-0.48997323359644218,0
-2.8656271275925729,0.89114353664616086,0
-4.1738283470712672,-2.4834602162435742,0
4.799985671640151,2.8316364289580838,1
3.9545729532864038,1.2097716899994606,1
-3.147150650745147,-2.5046747062075227,0
-4.2972154627317414,-0.065924433024951323,0
-5.0721161614301984,-2.2633590596461342,0
-2.6994511645044956,-2.0751723797934827,0
-6.4601151697131485,-4.1408019681671542,0
-7.6381807013568226,1.8655856381531528,0
-1.5130979261204622,-3.6812498142998415,0
-1.2469775562505159,0.33941356042898141,0
-3.9190232352435812,-4.1636665373798056,0
-4.679666882800392,-8.0040237954890046,0
-3.6328892728474864,-7.5486549750337879,0
-1.7664351504603548,-3.6238697485659292,0
-0.35704127068963487,4.6645487400545473,1
-2.402764217472511,-5.6236388797522192,0
-1.2428743116781469,1.9722101512380847,1
4.2091122092674524,0.26488619944911695,1
-2.5336949948623184,-2.3476322490928312,0
4.7877170723833604,2.694193864118116,1
4.9444196154620919,3.0959854954257704,1
5.2951892262665199,3.6363552195100644,1
-2.4261356832717338,-3.5880354892895134,0
4.4016061226876202,2.291725978575978,1
-2.3137757627164501,-3.4036692422176857,0
-4.7971990489737966,-0.58468118275713987,0
1.2698881614838868,5.2899154010461054,1
-3.3654118705179008,-4.2280937377703856,0
7.8623899173672944,3.1100438466107261,1
-5.8009183138922626,1.3998065357771745,0
2.5249331220078846,4.3633866077164978,1
1.7563979321419458,-1.2980542083749889,1
7.4985172770877337,4.9377414996672879,1
-2.1165910274286306,-2.8296136884978895,0
-4.2396639537133716,-3.725166776172157,0
1.8695158758077781,1.333951366110846,1
-0.37569467934178347,2.4595850627564855,1
-7.4654335861963199,-3.496737453735137,0
-5.6744333461246352,-3.5611816010703379,0
-5.784797120408772,-1.323649467786203,0
4.3888982402266743,5.4912309556268006,1
-3.3244046490380845,-0.40372416787878818,0
3.7594998798274015,0.18015363359725933,1
3.3596833906461314,3.4022281933734067,1
1.4270443650926277,-2.9956607307939578,1
3.0659072849214017,1.8606657403993159,1
3.9023221996774824,2.6192863281663596,1
4.0057231369287205,2.2393523406571965,1
2.7781759080436941,2.3338139095966048,1
4.330094370393045,6.5340479938340792,1
-3.1669721966438185,-3.2897362237501007,0
-3.8820721392304534,-1.8532250360983,0
-0.80145572956835798,-4.1137611617836409,0
-1.9117035207228446,-3.1383316963216954,0
-2.9271811879355711,-2.1574543901900602,0
0.90811062232283346,0.81249582178466584,1
-0.002614256858274544,0.91623354095631138,1
-3.0220452566495739,-2.0134454785028297,0
5.0629423743805209,1.8825560892414448,1
-0.30536966758397988,1.7783678752606247,1
1.3824756762279653,0.59571409477822224,1
4.9961323741738646,3.5352819583178849,1
2.3254355964046627,4.9320859574022746,1
-6.8649594886107295,-1.5200928673361616,0
4.351940441717205,5.3651017648235637,1
-0.97977925818247247,-2.7897821114857333,0
-5.204749626532708,-0.93544117037854058,0
2.5486924407677964,-0.86501117925203186,1
3.8262412443792977,0.38579892442409003,1
-5.9890781812635954,-5.674072532592815,0
-6.6425825440112298,-1.9269087025825973,0
3.4363150712561357,-5.0923995646294582,0
-0.15183884120003421,-2.0410050673481086,0
2.9293187721035965,3.0891719582533805,1
1.4999473391938283,-1.3961682355523379,1
3.1056615395551659,1.5047516088874908,1
5.8192501270313359,0.71729546596990756,1
6.503771857323974,5.539816633967563,1
6.0301256138780142,3.2741394011258467,1
1.6274981477464872,-6.3406183207122844,0
-3.9032257607816314,0.99151200217932134,0
3.3105985774710569,3.7482431990492517,1
4.7241987566087573,3.1264006916067331,1
0.062391216976490416,-1.6436588161192069,0
-8.0291558341392566,-6.7622661843603531,0
3.5096236995604135,3.9974846728630329,1
5.7759377061174249,1.7348510365502881,1
1.9404930215963601,1.4130360589193294,1
4.3478409822252537,4.7564854287840861,1
-1.9235689011786894,-0.54921020887264671,0
-3.5607935099953014,-0.87434031401870627,0
-3.7697922007279177,-5.8002790026011262,0
-1.1604737286894886,-4.4111356890792788,0
4.389347864532068,6.0991553912511129,1
4.4292975589404033,5.8070041547368181,1
-1.0303717434765458,-6.7707028139182679,0
1.6691547149261676,0.96880427486691811,1
4.1418102323010695,2.6812793789383158,1
-0.86268313944130481,-4.8936695429483468,0
2.894171863968436,2.6809722722666498,1
1.7760395667359086,4.5745533715991931,1
7.6839181477908447,2.6899320496445824,1
5.7262245733255481,5.335293815778777,1
-0.99873868425245371,1.4986628467634895,1
8.4851267198997107,6.7863999900337078,1
6.6306046582304496,2.3696953701992962,1
3.844653825241271,3.2715299018200938,1
-4.118955520105132,-2.482891513444923,0
4.0022193028866067,0.10284733144083358,1
-2.6657189113960729,-3.0561276348509714,0
-2.850357120743241,-1.068499921212603,0
-2.8265384122606672,-4.7909899768524387,0
6.7109372681406665,0.62697825508128702,1
-1.2491114863381636,3.2416978262846303,1
3.172845593834102,5.5912203122011395,1
-3.3606120815763227,-5.7034536625762327,0
3.1294285257128789,1.8658724236065369,1
-0.8336740911703524,-4.3646024208922842,0
-2.2494053132863878,-7.7097612899111176,0
-4.1288850700018482,-3.3372195937612643,0
2.3921924864287507,1.1793312515047187,1
2.1187678338699407,5.4380425166290278,1
-3.2136851178417998,-5.7063552832574143,0
-1.7061791755984399,-2.1661807177574,0
-0.80759103660809473,-0.66644947139312904,0
-2.3491351052341596,-1.4033571432364054,0
-8.4186517180108051,-3.4436883537063707,0
-0.65800171249106576,-3.6919320637550852,0
1.0202134955630346,3.5145442148691877,1
0.26853163179076622,-4.1683402056785814,0
8.8548320607105584,1.4726366098003572,1
-1.2756483575551352,2.9663818588458861,1
-4.5337177605703918,-3.5633313987186104,0
-4.9910364592731629,1.1104581595741392,0
-2.8467240226354149,0.49224101408903786,0
-3.108585808637311,-5.3653400802611859,0
-0.82885959731167347,-3.5014579959012004,0
0.84673748817416827,1.5744124659432908,1
-3.0231695970433368,-1.7886961239040897,0
4.0100546723748671,1.6181886009739606,1
-0.87114498520428985,0.039076274842277936,1
5.4660891803828564,5.1510702917570264,1
0.8748682249240316,1.2076670420305278,1
7.4379347503318538,-0.53824846965805317,1
-6.903159872997465,-1.6461641885390661,0
-3.4223493820370186,-3.5686321144504367,0
0.11825455667322338,-6.7396482258379269,0
-2.3287212760728044,-4.1962791186828534,0
-1.5539789129901935,-6.5867634874364089,0
1.4284917311839209,2.1401853697396565,1
-5.606085552680673,-1.3150160516587888,0
7.7425318278592981,3.7271184474690817,1
1.7807708852510691,1.9472521048648894,1
-0.6123230355916629,-0.42953351495715086,0
5.5470121825272516,6.2234237937798245,1
-0.35588534607202238,-3.7754119442668062,0
3.8823221174031417,0.17626177483428096,1
0.37776147459628939,2.7698228285715829,1
4.7025382834135687,5.1771755680377769,1
-3.5011788144785525,-1.3314728976599643,0
-3.596787525482779,-4.6188907437440516,0
-4.8770687129775894,-2.3870570995856584,0
3.7333515803928115,0.53126026934154691,1
-4.7168087015288922,-4.7382588233959382,0
-4.1133326978334237,-3.0614993110681512,0
2.1005123502021834,2.3742962026393473,1
-2.147179912583848,-5.3588104615058754,0
-4.8737071088482544,-3.7642356029858428,0
6.37770833545627,1.9584452581318379,1
4.3308510170056138,9.5265908767924934,1
0.57627235716525149,-5.1641488043928234,0
-4.2383600570902873,-5.8886387123352009,0
2.1339137065457363,4.6732529545016774,1
3.8906925601088345,0.94191702864947446,1
3.6985941233833204,2.4135334063752611,1
2.0246010511541428,3.7618846785602624,1
-3.5114738273414625,-2.4696519127962091,0
-3.7190019565113079,-9.6348244772541207,0
2.5348141137655569,1.6501723348118842,1
-5.9781658658352796,-2.4590033231974493,0
-1.9268943833728942,6.1786892840668735,1
1.7773494289458671,3.4056659819124322,1
-2.714084307964304,-2.7752738254899083,0
-0.3886627289101714,-1.669624312706804,0
-1.8025502541195608,-4.3290032303300414,0
3.2539656829851538,5.6893885335751309,1
6.8697377409245384,1.203501656517544,1
-3.0614128910080152,-3.5206203815850721,0
-1.8617092819585368,-7.2875799455803323,0
-4.9424217777322275,-2.1859022629567582,0
8.463489754013592,1.7318094361993637,1
7.6735710113356523,4.4957019498678248,1
-0.83264388421072599,-3.7261272598243877,0
-1.3648341303951528,-4.8809436168508791,0
2.5613064969987271,1.1870860823419693,1
-1.6273197232453587,-3.7924616485757072,0
-4.9612625745764163,-0.62938289158271798,0
-1.4141985662382905,-3.0354089449138089,0
-2.551693819120854,-4.2541625497468116,0
-6.9531327096961144,-1.5440461050798955,0
5.7585251108547943,-0.38240398262427311,1
-1.4233851337544463,-2.5617500853027342,0
4.0944330893642533,1.2855469040149679,1
-2.9068302203207619,1.6593294703672608,1
-2.782208213133909,-6.7432518038933829,0
3.4284412507833943,-3.8900026097152054,1
-1.5251855157800465,-2.7598304246652701,0
1.2974167855623882,2.9970233063819429,1
2.2430566856810783,2.7225039987382669,1
-1.890529814984949,-2.4938954286427926,0
-5.6372877413412041,-1.8597117202760232,0
2.6248653564558468,3.171057612548323,1
3.7800820182269357,1.4616436292463202,1
0.6439247026076278,-1.789916733348808,0
4.3692729845946943,2.8353479171126059,1
3.5869284949496487,3.8050706119862627,1
1.1863278724748896,4.9832347377472859,1
-1.988945086192736,-1.9828483455360322,0
-4.0393342312939895,-1.3741998818489887,0
5.5184658629246766,1.8502024915321948,1
-7.1523568468069163,-4.9439568698748912,0
-5.1938860367979629,-3.5170250264057947,0
-6.0543554037125444,-4.3692283244291747,0
-4.2813930282291972,-1.6975901555819759,0
-5.7639861094500535,-3.7450779987216567,0
4.0137699088774212,1.5436323780718841,1
2.6123514550362019,2.3038736891473324,1
3.2170577026969815,2.7428511817813814,1
2.110402522786512,5.1008866010817879,1
2.7076462300677537,4.119846426021998,1
5.9701643738313592,4.2674401402595219,1
-3.9590192074988622,-5.1953504509689363,0
0.48195365450764527,5.5093240992375136,1
-2.6593447479389427,0.38616474251091359,0
4.223877150637712,2.6997576617141275,1
-1.9080351374108075,-2.6556415823653539,0
5.0995977606803482,2.3331714052737134,1
4.0728369350104341,0.06503679060930434,1
0.40323812600215847,0.73201086104925928,0
-4.9349717330116309,-5.2529894368451968,0
-5.9582263560444844,-0.55364447409519002,0
-4.8080136381304692,1.0224129007239684,0
-5.2357417458412794,-1.73061695134834,0
0.61377165103627496,1.3950063145533687,1
0.41811648294188686,0.72324566655408162,1
1.3081487873400794,1.2023417809581396,0
6.5253154940669127,3.9699654101522501,1
1.5776758108066982,5.5990453240210094,1
1.5377193355916727,5.9009944144344262,1
0.71338350755530699,-1.0414879992090249,1
-3.432264965840349,-5.6887798965939034,0
0.71896719214569504,-0.75919780076526111,0
0.45039680925472458,-0.034426790058303069,1
-6.6456796885915121,-1.8437960425601889,0
6.8117075731786318,5.2739018584480952,1
-2.5852201966477595,-2.9696035804644598,0
-0.92361939991863684,-4.7318628222149179,0
-2.8196958098211224,-4.3459190449380829,0
2.3476378326739309,4.4638475604630186,1
-0.40594626907678055,-5.3010671686806639,0
-4.2209090327885619,-4.0214135675418774,0
2.6487135080927433,5.6562618230888981,1
-3.7270673363916567,-5.0779962224600297,0
-2.739102296840108,0.05437427948606155,0
3.5688548449211464,2.302556964638264,1
1.1287264266604564,2.8549688603151502,1
-1.1417336219117784,-8.0919450001933626,0
-3.4741122101471262,-2.7717698068945982,0
5.1277418968363726,4.731784076009756,1
-6.3497357581490377,-1.074504294338388,0
-3.8450445698667712,-4.3539501375401821,0
5.6900461768805712,5.5664873265925365,1
-3.9101455689910787,-3.2173820540512867,0
-1.6495809088178077,-4.7670748220950188,0
1.2366580586918561,4.3114029568939891,1
-2.2572274411107767,8.4643627629154654,1
-3.3216552866087494,-3.2792652150110109,0
1.3933141491997993,1.0822049923748125,0
4.0219182037540646,5.9811850549111405,1
-2.8455921450803086,-4.7075394448979377,0
3.4611557109847437,4.4711400699695094,1
-2.1075351701701299,-2.4624428805023424,0
4.2593657648932606,3.8658229152067722,1
2.9787942363563724,3.6913616898952277,1
2.8534289639986041,2.724911770230507,1
0.4781690933281495,5.493572733765367,1
-1.0728063304443674,-1.5862224902640327,0
-0.43368651156673454,-0.44851138676247926,0
-5.4630387823873043,-0.098980993933743378,0
5.9407955453593964,1.1587881529653976,1
-9.8300957135979736,-2.5821307343989162,0
2.3264678118399797,-0.22791365834785671,1
3.9506052778025471,3.1735232471475534,1
4.1358985040149765,0.4478543727716513,1
-4.3029331013694359,-1.9017858966397605,0
-0.34173173616829011,4.9463625792479142,1
1.7914177784341119,-6.1800488559010773,0
3.5257077603520086,1.6928801560399211,1
5.9298555328568616,0.93421287608586256,1
3.4476713097511271,6.8658619827220093,1
0.055702984073331852,-5.0560956118175007,0
2.3603162325375102,1.5138292973519651,1
3.7767817529006593,6.9618757083056018,1
5.1124914318474568,-0.82022127286779156,1
-0.8007508963210328,-4.100311403224997,0
-3.9501172179154009,-5.447576805073802,0
-3.1505873607924388,-3.725201830301776,0
-1.4910496099972965,0.79931973031011028,1
5.0768063913179127,4.6793244755617787,1
0.08028750179813704,3.9680138230943389,1
1.446666102691613,2.647233530060856,1
-1.7113399517205343,-1.9518517492885528,0
-5.3629548822032085,-1.8568045074006641,0
-5.6052878443552112,-5.0309425259982774,0
4.3042334839134391,-0.19020125867184401,1
-0.9850479901938467,5.555251908177306,1
0.57070527716907904,4.4800007181207331,1
8.650286124213121,4.9602924844088401,1
-0.46428420532961123,-6.2700440003403681,0
0.68165562683507863,2.4110501006699221,1
-0.2596399047998692,3.1651962776000673,1
-4.2349889792397075,-4.1719859817211606,0
-0.31209984001226543,-5.5052036885049809,0
-3.1795585835180762,-2.5097154615260071,0
-3.1326781286917833,-2.5505029634168515,0
-1.1270241072863143,0.35490465623704992,0
0.070313630661677617,4.3532849587430817,1
1.0111721016677704,0.50596690841796033,1
-1.6872454370219063,-4.316960407960023,0
1.070663909939451,1.9236650336155798,1
5.5820509264241478,2.6637692755180478,1
-0.4348255392224325,-0.030947046050500138,0
4.3233456979045322,2.404922359397752,1
0.63124936564710676,3.1482965781088912,1
4.4116406267646884,6.7159771035800624,1
0.74919875322868723,-3.589056603925787,0
4.1265909737991988,2.7843496124394624,1
1.0791957875045894,-1.6060949356485699,1
3.1896309993323109,2.5072617441481118,1
-1.0986265979067629,-4.4788999534619451,0
-0.60087258611214134,1.5644199808883912,1
-3.6017391949051381,-0.29522599815170025,0
3.1751423917132287,2.5587857054302781,1
-4.362818237855846,-4.0812394260120337,0
-2.8126107714452946,-3.7349372611807192,0
3.9391426996470806,4.6567991761156762,1
-1.2596411792961195,2.3405057579542898,1
2.8524496218879971,4.5814796950983361,1
2.8080931128165454,4.6512100329739319,1
-3.7140707574807115,0.90250718178931111,0
-1.2363023404332079,-0.53514978800675594,0
3.5945189299049685,7.3567734468734747,1
-6.1555753681768257,-5.0280102607848836,0
0.64643969162230519,2.2366762919210457,1
-3.2455011587533313,0.9462718990747887,0
-0.90492803063227489,-3.4422842915176726,0
-2.9206178789425117,-4.4044719395953909,0
4.4434700068912534,1.5876040963014475,1
6.9793689676895543,0.51735770642346157,1
-3.5645078566345569,-4.5066247950202838,0
-1.3475202631357988,4.7111014538826268,1
-9.9847937699968821,-2.2393604768771089,0
0.41406537446038261,2.1450999283394516,1
-0.9375566722633959,5.2148098061821582,1
-0.98838792400641573,3.5555537785943128,1
1.9062155161095058,5.782846267679286,1
-2.0185765175038881,-0.063522976050252034,0
-1.4580893817576612,-4.1905313133937767,0
-4.7197247313196966,-3.1182030530640068,0
-2.7127202963052435,3.3276075445302609,1
6.4291735655955495,3.2577004625156931,1
-0.69073337877479668,-3.4487530890172096,0
-3.0037828214873494,-4.8025758876771327,0
3.4575698207564973,0.32265908517581199,1
3.3925082714471269,1.0740860178974705,1
-0.9255290837990322,4.3533065653621232,1
-5.0402527726733259,-1.5302134137300889,0
-3.0986896261143921,0.90162353138149065,0
-1.9531340924568001,-3.9958408112861497,0
0.76936492364651388,-1.3141490892656098,0
-7.37263570715879,-3.9437717791365849,0
3.5543441358605681,8.2235912582117443,1
-5.3227333196534108,-4.6889163494775339,0
-3.4168200268874509,-2.8363681650438579,0
2.0762663848387373,1.775282055021689,1
5.4431776328261749,2.3325007907212711,1
5.5213846369350517,2.816522681467621,1
3.0484800139559067,-0.3416901133589354,1
-3.3663372864012961,1.1706560499772176,1
-0.72100503861960208,-1.7917065979974427,0
-4.491985557253642,-1.6204344316184514,0
-1.4812402387274497,-2.467761042793577,0
-4.7616774336034693,-4.5315798268082137,0
2.881769486603948,2.377838153472883,1
-4.0188816305553345,-2.9316762956374722,0
-6.4271798039606534,-4.7308591840503196,0
0.61132672245909792,1.4619376137071314,1
0.3131649409933539,-1.3524239387491517,0
-4.1088765182060847,-2.3530471713250334,0
-3.8565879727232524,-3.3945809670905578,0
-2.0380265510181705,-0.43730697914212779,0
-5.0882777799063454,-5.1865417719883116,0
3.1839588958655836,1.9093899059279882,1
-3.0892961212387888,-3.4175674920537693,0
-4.6339167989245462,-2.3378588887909828,0
3.9917777957405627,2.627578266176144,1
0.018275499385713712,6.3389257552808616,1
1.9475605298191403,5.270099053935974,1
2.1261712077087971,2.2992845572253433,1
-3.8059073726399673,-3.6121576934337702,0
-0.64517808245967334,6.0318021739351781,1
-4.79775290666222,-3.5047897665951036,0
5.035468732953003,1.2024438525402488,1
-3.5494452738840976,-2.1118033286719884,0
1.9251176610689436,5.260534158449774,1
1.8756746361706098,2.4251315788407322,1
-0.16491961173517478,7.0001448975533789,1
-5.6854100281230586,-0.5855540965761783,0
-2.0242561895879509,-3.221869710751768,0
3.4103038274001363,-1.5409619142725184,1
3.6296445041252881,6.8471681306991865,1
1.174224620795131,4.4026415918411308,1
-1.0801771960284594,-0.811824458523974,0
1.2419251398709741,4.0160726885056839,1
-3.2576830357475677,-1.6620216104988463,0
-3.4680803582680149,-3.2481432842842586,0
-5.1316013644183673,-2.1004601313844424,0
4.6091346390571335,3.2388023936988728,1
-1.5543231901812642,-5.6032730891268123,0
-1.9266379011751225,1.6543451700782275,1
-4.6463927726842016,-1.9920952468238058,0
4.3020393188030805,-3.27879404197403,1
-5.0664385849386662,-6.0864986309669149,0
-0.99795846810506772,-4.8170141715932129,0
-0.85629205692423893,-3.0647484189158711,0
2.8198300746382192,2.0076533000526338,1
1.3970553135714656,1.1406715506728946,1
3.0491348295821252,1.7303080561047877,1
5.4519797392568687,6.2573605572146054,1
-2.5170291591714014,-3.7652321706594902,0
4.1245266364994322,1.2606617960264046,1
-2.5808631181744643,-3.4295346394551345,0
-6.172699415067596,-4.0847337888870889,0
-1.4435875033783123,-4.8766772358627035,0
-2.1528588528882957,-5.1771153125871301,0
-5.8808294105769221,-4.0186198636827459,0
-5.9166669689921081,-1.3011724281615091,0
4.5106649177333979,-1.6285460344806095,1
3.841797003350353,2.0882244057988073,1
0.62864724085366275,1.2423821546221949,1
-0.35546557445459959,-0.49762363705080048,0
-4.1851348406026005,-3.5280578055524794,0
-2.380575825688696,-3.6049984803267989,0
-5.6734085558538316,-0.70650520675854089,0
6.4210501900256656,4.0774564374866458,1
-1.9292733588354039,-3.7021524949343885,0
-0.60278281503188369,3.6732133723976386,1
2.2734323185424103,5.2728575786938459,1
0.72859478710248737,-6.6071144276714788,0
-1.4692242918986009,5.8144837004726728,1
-0.83697456326014175,0.60256938871807408,1
-1.2364046044347541,-3.2525545038978145,0
6.110197370509642,2.2117407800350231,1
-2.8685598519006623,-0.99267320276412363,0
-5.4859841490756889,-0.85917426519543971,0
1.4351427456157075,-0.79011451000945376,1
0.31848672794646804,-0.093615460371145875,1
-2.3114473880169593,-0.79555896713551544,0
-0.98116445877666125,-5.7169427394656047,0
2.8597066863676264,1.3867840901064019,1
3.6141832558963354,8.1347306400703765,1
-2.0961094174483814,0.51422145387059803,0
2.4861996419964858,-0.22369773131869675,1
4.0149132759479702,0.64436038850234345,1
2.396607176663843,4.3186481636296925,1
-3.4804510249961642,-6.429458577824315,0
4.3823152841287261,1.8801945042458972,1
6.8398970223069897,2.5540113994129583,1
-1.7854750234456738,5.7106492468709131,1
-3.3553039288731767,-3.0482699395485149,0
-1.6618034237955361,-1.1729858705507328,0
2.7629963352132729,1.1386466266946695,1
-5.4719814161356588,-3.5992388751929258,0
2.4966922209785403,-0.091558463856567851,1
1.5585083418747827,0.4563779592491839,1
-4.5424802541319638,-2.336829202151554,0
-2.0051083715856288,-3.8252686454777978,0
-2.5253250373122698,-2.3058076045039932,0
4.0544941413870461,-0.41994971505348655,1
-3.5765878176526069,-3.3181265701121823,0
-3.5441557825590913,-3.7085347091241414,0
0.68815818396561701,0.58415768386458611,1
-0.88626884157989494,0.74925698126631923,0
0.60998509069768225,4.692779771689386,1
4.1629918139961868,2.4780270922525669,1
-1.9780531731732136,3.2735098305672783,1
2.10104427369293,-0.17697883442030138,1
4.1339936469017662,3.2192877320781097,1
3.9753475096178179,0.72495903873399303,1
0.14959677106062008,9.3272990327065415,1
0.3998214441147141,2.4813318929788526,1
-3.1648463502808615,-1.4713789374962281,0
2.4141568179979944,1.0476764455054428,1
-3.6155671032448273,-2.1083678852409102,0
-4.3478975865592835,-1.1730793290010677,0
0.52453155732218804,3.2388308145886713,1
-3.2262359509244734,-3.5999783478965677,0
-3.0415764645046517,-1.6698598778717282,0
-5.1561607883914498,-1.6199146980377903,0
4.2374529877849225,3.008504006777748,1
-0.34096989793197396,-6.809241500658846,0
-7.1872525487309407,-0.72798211882204811,0
-3.9806895538150595,-1.78818810492068,0
-0.64197476554361321,2.9798372837641667,0
-5.1170170519446128,-2.237078936192884,0
-2.5421822225770754,-2.6575684569531415,0
1.969139313196268,1.978129175062241,1
2.2182689486509513,2.7846109898804432,1
-1.3788810994622729,0.46178128745131097,1
2.618349979892082,6.6665960767570924,1
-5.2770459485759389,-3.9667050722484314,0
-1.5326945575119846,-1.6629200979564589,0
-3.6262838239137558,-3.7784705573668611,0
-0.73747601746435265,1.8134816888849405,1
4.1374182674869804,2.7123359907975946,1
8.1008701213998116,3.2120944620486864,1
-2.3443542089699658,-2.7622023703600993,0
6.1984124126583797,5.7969913236095074,1
-3.1239036089110326,-2.989122071332567,0
-0.52431969869712258,2.6005497981568979,1
-6.5925912484042275,-0.58418123844853831,0
-1.0858166467837136,-4.004806626954645,0
-1.4169633244803961,-0.71819127159842022,0
7.0219232879035909,4.7974114939995518,1
-0.45071034056498105,-1.3834819213646874,1
3.4494684029990137,3.2721125435929377,1
-2.3469282977029282,-5.3191820874459985,0
-3.7308508371141689,-4.3265980788309912,0
4.626185695511003,3.3318768867111248,1
5.6410605674699097,4.2014141182618943,1
8.1488628608781823,0.77160522120910224,1
5.3105442289143987,4.048823429165572,1
-3.9638056812933047,-3.6249192471175817,0
2.1475146457951624,4.913237403870661,1
-3.9152348402036106,-2.7163995706900019,0
-3.0460091842402375,-3.7760799367662066,0
0.019494486385803533,2.8749487667201654,1
-4.6688895584891323,-3.4558029952014127,0
2.1593787396960069,4.290134070480434,1
1.1192133501626702,6.4266249044229262,1
1.9324233377849849,0.63071597623695919,1
-0.26597277535697872,-1.4679606272128756,0
2.1701773359413252,4.6703515135765166,1
4.7188582706945938,5.140656186478191,1
-4.0309184431819585,-3.9500606098993387,0
3.6199008601879186,0.98140909747324034,1
-2.5091366289282249,-3.5641368971521343,0
-0.016400272523278137,-2.7291952618596134,0
3.3148981501065884,-1.1593513991875106,1
3.8175422889152193,5.9112806225648873,1
-2.7386161754301606,-3.6100308082690633,0
-6.0549291381682959,-3.758137766868205,0
0.66460518288189352,8.2744390359190163,1
-2.6135132505873653,-4.5736177141650076,0
-3.1308495775135801,0.64294358804549656,0
3.4417050226722461,3.2336752117345964,1
1.0856472796557843,2.7805041079125963,1
0.8806744908642048,4.678603107404955,1
-5.4194275094404389,-4.9191942202258208,0
-4.0559069481063839,-5.2468033555741735,0
1.9441844153207355,0.62016342726031626,1
5.4251075974435317,1.938650181876614,1
0.74067713888369902,3.6965745949913247,1
6.7276298056234811,5.7869182095165277,1
-3.1897585539355537,-4.0999833884075141,0
-0.040477509193020289,-3.9723486910537433,0
1.8392451065839373,3.023825569873293,1
0.26189411821534225,-3.3635738315478303,0
3.3921231226087278,4.9475703384317091,1
-0.21281802258366644,0.58354134374751609,1
-1.7996151754587109,-2.9143196654729713,0
0.29060261879921079,4.3593565851673262,1
-3.6588708979828883,-6.9238479517838307,0
4.6600972824391782,-0.79639954170304295,1
-6.3306606491539679,-6.6383451458969382,0
5.9150653545759608,4.9943491626942524,1
3.2878795720517031,1.7255662060307946,1
0.51619577327206212,5.5012992902950071,1
-3.5811878941003101,-2.7676402588795384,0
5.153189823023391,-1.3681899836377172,1
-2.019532173373213,-0.65453934501927291,0
5.5286020401322968,5.1869710194022325,1
-2.0698026248722692,-5.4175810123222297,0
5.2522034412540997,1.3516703834442945,1
-2.5031421289935363,-1.7050226406119788,0
-0.9382105049260181,2.9192035982396871,1
-0.88540142048148818,-4.5419481890214053,0
-1.013136714294915,7.8027020164590004,1
-5.4355410881490442,-0.5047286950774339,0
-5.2214682512339445,0.91918172593633862,0
0.99470805601672563,0.75120224855745654,1
3.5734321422387065,0.40104739570162895,1
-3.9382621003936702,-1.5833087935838355,0
-2.942514747488493,-2.6913993464610417,0
0.93784452748067793,3.2893113070860984,1
3.8381417683457819,4.5474545600747316,1
-6.1620062794946833,-3.3709452837305958,0
5.0595806168432835,1.8119756198878976,1
-3.0992327812457181,-4.462585460160569,0
0.5300951087398591,4.9815092366414051,1
1.6797903399794318,6.4453630847130157,1
5.6496460536174684,4.2119879819704282,1
-5.261194957814002,-2.91702891942119,0
-4.9971445080528092,-0.80023828116585616,0
-1.6676304892123572,-7.6915693135436261,0
3.151097013866679,5.2883935406355107,1
-4.9927622417068882,-1.202743413819662,0
-2.112225634232324,-2.1842220589501986,0
7.7329224176417579,4.5553398616067184,1
-1.6651692544531926,-5.5847302963158967,0
4.756820783480558,-3.5147845470444548,1
-4.3865760540954621,-6.7272616469547142,0
-4.4030065121538309,-4.5522645767780778,0
-0.69081479545065427,-6.8754452866372153,0
-1.2748142315428412,-5.1940051421390852,0
-6.1085861384106384,-3.7234919899871972,0
5.4592401382085312,1.2224813309981357,1
2.7659698947910591,2.0385676242696968,1
3.2172171476196256,2.2454232061260302,1
-3.4934134606739775,-4.1840661027616699,0
6.4611285432757892,5.5412329996962786,1
5.2133367902617014,4.5810426446652519,1
-3.6340271784155025,-0.72688112009860095,0
-1.2602108053128962,-3.9868241059947724,0
-3.6183455464047372,-4.7305496966446192,0
-2.0958241116217842,-0.036487566867227983,0
3.5581994949896112,1.2609079855746168,1
-4.8957503835687968,-2.7379257011330509,0
-5.55187204472651,-4.8273959118876544,0
-0.85693751311393562,-3.8091406074087817,0
2.1620617682716121,-4.1597580381091133,0
2.558299347328008,4.6597284276008715,1
-5.0799069003365585,-1.2641857698336403,0
2.3594768916184754,0.22198433207381907,1
-6.7195871823540436,-5.8783813696095866,0
1.6403910757306246,-4.1722962436221351,0
-2.080760713420112,-1.8419555683811044,0
-3.2872981915388841,-2.493075005109707,0
-1.5537021414825007,2.6444423627438001,1
-0.75507366961909783,-4.3816821557421974,0
3.6384182739935795,1.5593115330596234,1
0.68921060255607403,-1.2183171623556683,1
-0.58596545807527978,-0.57032672119377459,0
0.46746960052907882,0.29238856404944391,0
3.1394221939064315,0.93514792586520867,1
0.082192659662966072,3.5442735649260717,1
3.3506738198218384,3.7332599679077698,1
-0.67135389293685366,-5.4033068449578332,0
-5.120104055049719,-4.1787632250701847,0
-4.0508820167394068,-6.8728253747579995,0
4.9360358923013994,1.0446570097212708,1
-1.2235866286450694,-3.2951615137708994,0
1.86946454283452,1.652111236041659,1
-6.1520975669905607,-2.7347561771683138,0
5.2277125222700525,1.7079603862215844,1
4.8639528996318653,3.3796278960791351,1
2.8712594531469882,0.10552865570191017,1
-5.5062781323434713,-0.091782689952106811,0
5.6265783122383732,3.9176578051103887,1
4.312137278970857,3.8663818689026126,1
3.4835483518848602,2.7601707618193028,1
-2.3275311707012811,-0.95333323332633579,0
-5.702080661326363,-2.9648073687833731,0
-2.9672522930143783,-3.4466732801154354,0
4.9651807598923003,3.6230109223516482,1
-2.7335162633022025,-3.6370704912309821,0
-4.9968662870493743,-4.1425206115636346,0
5.3538456017243155,0.75057573200013383,1
3.6315494304129685,2.8718841471582919,1
-2.6079897696059011,-11.045983724875359,0
-0.78807586835797538,-2.2394900867546514,0
-3.5146131264000182,-5.5259170495855896,0
-2.9192359324520396,1.0101293471598403,1
-0.41457590826970714,-6.3313122283320933,0
2.1537480928709467,3.8075364953677506,1
-3.24974565607969,-2.7437925675507224,0
-0.38247775243528492,1.6623506080109516,1
1.1116584574985466,4.04264917995636,1
-3.2508585394591387,-6.9526376540634622,0
2.7939181174705179,3.8824521648339623,1
-2.2412853109604631,-2.7051290580701912,0
4.2021893714270959,1.0789522324426875,1
-3.2562509681704661,-3.4312612075849853,0
3.3920193716476419,-6.9621895412617665,0
2.8782500591355893,0.66900426511291489,1
-4.9804878180424845,-3.4429313225575751,0
-5.6991298847165606,-4.9501402106447081,0
2.3659277538064081,6.9118441247789093,1
5.6250828492219505,4.5050581635794043,1
-2.5705534173773152,-2.4053323717072854,0
-0.25973751093128872,-2.8242018071175323,0
2.3194435776584759,0.26284839095413215,1
2.0877715768405833,-4.9845561056652707,0
0.45378139914748949,2.3604249963613899,1
-5.0600525365696907,-3.1239930989385662,0
-7.2555125800942086,-2.7139008398047979,0
-0.95941655885251365,-7.9101102254573057,0
-3.7914776059622275,0.038729145807495868,0
4.7054628116906612,-2.1768247848631468,1
-4.6941849299666538,-1.0945550327782081,0
3.5882516775134237,2.8170318732304076,1
2.6475238827449417,-0.98684671799072543,1
4.2915396140564095,-0.094106948943757374,1
0.02725838959722493,3.9316832611199861,1
-6.24476598356107,-1.3176961099553066,0
-1.5004027861136988,-0.069757163383484588,0
4.2014552593088172,1.4325006945073531,1
-0.3129443350145702,-1.2693626728678913,0
-4.9802705560489366,-1.2071770740639305,0
-2.2229114169482793,-3.1124677404924483,0
-4.8292111161828295,-2.9106775004861269,0
-0.057504007793125922,7.8424590253948807,1
3.9411116883119197,6.8796636142794867,1
-3.1862121528104375,-1.1682585218707955,0
3.1342775724122962,2.5547508271428643,1
1.1267933697015708,-2.4144852728735504,0
-2.3817971932515856,-5.1801615463204023,0
4.6239655383326861,3.2537071868485787,1
1.2160166001022557,0.74332735934641025,0
2.1064752399389262,0.44960444304049041,1
6.0134355447602523,9.3049046052350999,1
3.2902118353889027,0.90124110696185245,1
4.3190421540788071,0.8808185757824103,1
1.4713915733241976,2.7101499660513801,1
2.9884921433802911,3.3923616892833395,1
2.0950812001638619,5.5341103353107428,1
5.6032432290771599,2.238607833003682,1
-2.8156064357886645,0.36064355271149884,0
-2.397058110755995,-6.9412853728770205,0
-0.06335029149791449,0.45103232648475489,0
4.3901823264555562,0.313620117373135,1
0.74768090175813651,4.2724803865955998,1
1.8319743644784687,1.4095958516033327,1
3.0256029371670321,3.3486593378989356,1
5.0189115589088065,2.9103189263842917,1
-5.2190673463449118,-7.1059963248945888,0
0.51277543643369805,0.69207824764023851,1
-3.610894866662723,-1.2361215729752908,0
2.7106086642792033,0.35778911875415442,1
-8.0804478070980039,-8.9443468781016762,0
-3.6401167397856438,-0.96076958580346705,0
3.9000175893531508,6.3991362278815256,1
4.5444321058613939,2.8984529340949656,1
-1.4053663413339423,0.024644310231606958,0
-1.0522230666492511,6.2818034839842163,1
-5.2161575412754306,-2.9514687404899269,0
-2.5697630792667652,-0.78849224969354204,0
2.7438088714583637,4.3057480150567642,1
-0.99238147454913506,-5.5984653449443602,0
5.0702093934785086,2.3311953458482377,1
-3.604626335865881,-7.6785365377531267,0
-1.793726904199459,-4.6474568117245587,0
-2.4350141379810593,-7.234508525145479,0
4.5053150111082267,-0.22197051006019164,1
-2.1099144324131047,-1.0908821962931785,0
-3.4099184690809503,-2.6974976003477544,0
-1.0273306110314504,3.4276128669051071,1
-5.5445091794599533,-5.6832632162786858,0
-1.4991146481992874,-2.2761360194441078,0
2.3357330820682574,7.9498605186723923,1
6.2598014220865572,5.1791007550578172,1
1.415297768286665,1.7799407445764965,1
0.29826274733872538,-2.8583472064369584,0
4.1313533513772818,3.9890770313941504,1
1.1882557781648646,-0.17165236523498439,1
0.52820720468954807,4.3258963709177145,1
-4.2212705984998067,-2.2960389111927286,0
5.1043045131738207,-0.63243240894440733,1
4.9913373996135944,0.27910307874809304,1
0.92917766517537626,2.4794090977300942,1
-0.9177690870433719,-4.8527239883885382,0
-2.7293346104191754,-3.2045244398182411,0
2.2293317271155111,9.4615797948152913,1
-1.7472702313446196,-5.1685096872950478,0
1.3377260132087621,2.7386367705148476,1
-3.82221143291267,-2.0930032440516491,0
-1.0489625921423495,-4.9361821709392322,0
2.1809633316654815,0.70806209335376202,1
-2.606849556895571,4.2689213745412591,1
4.6685498313386349,3.1141804733848275,1
-2.1343609488455386,-5.1439054146365706,0
0.38088661179235483,-3.8734424872878699,0
2.1185020174441505,5.4821501593843127,1
-3.5194486758835675,-0.24550969442377912,0
7.0891011176120422,0.67446010555915148,1
4.3989451126039443,5.4400462737313156,1
-6.7554285117801758,-2.7316562895777197,0
-4.934815280031307,-2.2267514201952285,0
5.4760792551647457,3.5840773939704618,1
-2.1335730559278252,-1.7062332723868079,0
4.5539672468581065,0.6554196651709705,1
4.8483114017197479,3.3223007453880311,1
-1.9054603202595966,-4.4983178900711565,0
3.4311656607281105,-0.13878619782817259,1
3.0236912528797335,2.1949518337909537,1
-1.6733988728857874,-3.9330784219674952,0
-1.3495839819252757,-0.47413700044922269,0
2.4952526189232058,4.0471476763369214,1
-5.5111432554024891,-3.0967428415589331,0
5.5519153635569944,-0.30437045337263369,1
0.057446001284370496,-4.1077916407034945,0
-2.570542145247845,-3.3004990780463208,0
3.5001616029813762,0.7340758776927423,1
-4.6556750567385361,-4.0148445629896106,0
3.7133744035954108,7.7489589088153421,1
2.9853456072177091,6.4713811495507114,1
-2.3465128397348729,-1.8412995369288501,0
-5.8067996480497612,-5.5786576348564516,0
3.7506580566997632,0.021272303830129236,1
0.90117630597629494,3.747286040474838,1
0.3173513273938906,2.6855420819011768,1
-1.544520181992364,-4.260228722179499,0
-2.0374795173682516,-3.5747633716811826,0
2.7579719762139789,0.66635557842540249,1
-0.34918703083190872,1.9141204765838289,1
2.9597955379881546,3.5874250164855175,1
0.61521075266594982,-2.7252328948504365,0
-8.2889803218811053,-0.25257968101388695,0
1.7030539818106865,1.6248307027409976,1
4.0812342129707977,6.6077452318082255,1
-3.1885597771248309,-5.0687188903807812,0
2.7600511302252939,5.6805465109204683,1
-3.4092314725124333,-1.4455548173852864,0
-3.9176295851957921,-0.23929559958567381,0
-7.2225858312195355,-0.90201903310691867,0
-4.7756892230647434,-8.8596329683636039,0
7.5011545979000758,3.1431860374582832,1
3.9760996549887233,6.7941397370196537,1
-0.48256469821896264,5.026263752655872,1
-2.7811501284575861,-0.18431210211767413,0
-6.1748674714366061,-5.6582493907174074,0
-6.1260858892572942,0.11190333411352738,0
0.13555947512032729,-0.42815145218499895,0
-5.0464019461886513,-4.7889605158104338,0
-4.5181231625451534,-1.3569034732787519,0
1.0774989903754328,0.30886318047496175,1
6.7006194287798646,3.8887676709391461,1
0.066070855230765613,4.6831696275541468,1
-4.6328087339993393,-1.6423088481924477,0
7.1415968413887718,2.1880167266693276,1
-1.7689729878365272,-4.0229942342409766,0
-5.1264876750013588,-2.2338270915305687,0
-5.0193533940026338,-9.3588886183863984,0
-4.8020040444793963,-2.9133373129493729,0
3.8984384868816822,8.0566050143047949,1
5.2166703468182618,4.7031880160266413,1
-0.52488373289542833,-6.7142841884489073,0
5.1120684981124427,0.32957444796506286,1
-1.089091558368134,-4.0933680656452474,0
-4.2135328596347428,-6.0270234612969809,0
-5.0630930924959525,-4.2130061574382145,0
2.17267884208704,4.1784472410616651,1
-5.4123666765414917,4.0148574191466873,0
1.6504617184579962,1.6352592715093754,1
-3.9497297703611864,-3.2773425154717928,0
5.0000312224435035,1.4648021602239552,1
-2.0540371391452945,-3.4060261348586915,0
2.9516568728597941,-1.8894538024279468,1
1.2775668102546429,0.47664659504198159,1
1.9377862026203232,6.2814728867548233,1
-0.42474278765233997,5.1225068234233611,1
5.1398940347813404,2.7639698353847217,1
1.4093494456958311,4.5604473078087358,1
-3.2650133250188174,-0.71329208021845236,0
-0.94252870363456331,4.4642711828714496,1
-0.35889234728389097,1.0888678729715364,1
3.3668410134574005,4.0395741816178949,1
5.9707620028161132,1.6261058929754895,1
2.8548453391628876,4.1745820288586906,1
-0.49589848163810313,0.89035670891115437,0
-2.9527223967797882,-3.7338671302559296,0
4.806327155795417,5.7241390092922577,1
-0.24048939848361606,3.7771617502216119,1
-4.9939740989881312,-0.37831935535056127,0
-7.3268589143005975,-1.9836710056479268,0
4.749820707596708,4.0125149159780742,1
1.9207016698794563,2.1570059965721349,1
3.694089819585253,2.2588702487431784,1
4.2835350721795651,3.8015068161125156,1
-5.3971329641761763,-7.5831739884701452,0
-1.4183391573603774,-2.382797768001109,0
-2.9289350252749613,-2.1802236621099063,0
-4.4531295137345959,-0.36052879335159238,0
5.307188741184004,1.4865863755877962,1
5.8363874118394268,5.7870145119117868,1
3.4586128461550372,5.0429287155543463,1
-4.4718096211115057,-3.2941120665867318,0
-3.5914581423258625,-6.2884423309581461,0
-5.0050406023652165,-3.3252390560820611,0
-8.6493721550049507,-2.0221146994803747,0
-3.6274370901620512,-5.0374472500046856,0
-7.4553314574496774,-1.3683641933615909,0
7.3406887538727803,4.3881414997091426,1
6.5366703176739636,1.7127799872497691,1
-5.0297507900462719,-2.4343377875499526,0
-0.93516714721918159,-4.0045827858120884,0
6.0019309250213198,4.0007358379843234,1
4.9799605023252811,5.2817429148232282,1
5.4758261326064837,3.2545003015307499,1
2.5933104311873021,8.1906461557070287,1
4.5829527756246087,3.225075163342217,1
2.186104362020453,4.1401369788897764,1
-3.6409716703934305,-1.8427346555514674,0
1.9805866890587076,-3.1174369089436116,0
-7.0497641001357554,-5.1769750152778053,0
-7.160515258409113,-2.0760049442536466,0
-4.6821231009730093,-3.2914034275673441,0
-0.1971682562610102,-5.8075293779186419,0
7.8444048903625143,3.698216299295161,1
-5.3480402956722379,-4.5005190165095232,0
4.4013189376491493,0.58206742305355252,1
-5.5100729548547758,-4.2057302995795194,0
5.1603521250598376,4.3605380462064423,1
0.7154080874131421,4.3952596857356827,1
0.068124869696835955,-3.4721600670593036,0
0.52503130285337063,1.0675369743242196,1
1.6855301972900505,2.4186409953286332,1
3.2609430259697918,2.7782397910346526,1
4.296815830189832,3.4043661954855229,1
1.5405647184846381,0.49186210764329141,1
-7.743360903094306,-1.6905262885724908,0
-1.4551231521888948,2.3843867911343972,1
-3.8838739243657492,-2.1330974637639279,0
4.2769031327674458,5.6967472135708412,1
3.4033475981140393,1.7074361946905861,1
7.1850921352999402,6.6049344822593463,1
1.6860806879475254,4.1223661243749898,1
2.9477200960520866,4.5806841363526747,1
5.4562806207741623,4.1070965260860959,1
2.4108284338303898,6.2329182315339713,1
-1.0858849090242257,3.4401022299718997,1
5.545913267270481,0.85497046931758991,1
0.02516497918095606,4.3498663656427672,1
7.0177598363610256,3.6572247957413522,1
-1.606901768179007,-2.4421926184741052,0
-1.076776164986784,3.3539212202770656,1
-2.7640959963601852,-5.8260217741872893,0
-0.49475465622491077,0.54065571551973157,1
2.690599818625719,2.2239696345435171,1
5.7465307723967012,0.72145703508949977,1
-3.3608307061995935,-4.6699887201520207,0
-3.8742366563606074,-2.1378774470359323,0
2.7823761857303753,6.0765720090138196,1
1.1096194861655166,5.9255682756484696,1
2.8926710334765162,2.57472441927507,1
-0.23859847957146751,4.1503695259676405,1
-2.8869942696892648,-2.2840784087078352,0
2.2307830127562709,0.85558935129032054,1
6.093114796165235,3.6989686486280089,1
1.9859359319439196,8.0328703471725298,1
4.2454381761603699,2.8837554761618271,1
7.6305488243794271,1.8068390097404279,1
3.0455131252476608,4.1813896993026169,1
-6.5561458478780992,0.34629826547624587,0
1.2241809020576258,0.93586919926566337,1
5.8011120325329077,5.2372166632884545,1
4.5915113067355771,4.6087951478356315,1
-0.76503591473966193,3.0801229996983572,1
-4.4292495241658392,-2.4846323435780562,0
6.0124594956498685,5.9732565145176695,1
-2.0030068992094368,-1.9246617336260547,0
6.0129424559706068,2.8266029812644091,1
-5.2686237165951342,-5.0381487496922173,0
6.6903542653763095,0.33146035979545818,1
-3.9572051740915373,-6.5347866325728514,0
-3.7556740793475023,-3.2948850964413441,0
-3.8832689333990302,-4.9665317055514233,0
-2.4019173266270042,0.35694141120988876,0
3.0321247901723472,4.1053054718309614,1
9.0434466105305944,2.8777012402213278,1
5.8811290660388558,1.5867474974542199,1
-4.7047671495397214,-8.0540401230700827,0
-5.2656473133973662,-3.4528609111537349,0
-0.19773108768004821,-0.19714645765286809,1
-1.6106784049145104,-6.1924047526081463,0
8.324570194212102,-0.17587233456392948,1
3.2906100610069333,3.9316024708625585,1
-3.1160096697288302,0.61863453011701219,0
2.1440659879450479,-1.8625513956264887,1
2.6962913877940169,5.1234528305268192,1
0.072645743670131324,-7.0185011954485921,0
-2.9319795541595184,-1.5871601836582219,0
2.1488593045222717,0.41278768680668954,1
-3.2749213470666736,1.4777765550754909,0
2.6848142893526927,4.8998902270949953,1
3.969790407664795,-2.991048361869808,0
-4.9512931927072552,-5.7209735781532212,0
4.1461527093794368,4.3655756014316172,1
-4.4855140760587791,-3.5142311365196965,0
-1.3913330240227217,-3.8655210146430523,0
3.3967833902137619,3.509412235413873,1
-4.0892223816059001,-2.9816060144208207,0
6.501791646777896,-0.74837508598302405,1
5.4669335409696318,5.0915144820420632,1
-0.14234096356120052,-0.95517403888652241,0
-4.8294972881248555,-6.1553127479284608,0
-8.1669194234507536,-3.0522275753280992,0
-5.6132951239826756,0.58927934218207723,0
2.33397881713885,-0.56529970470484736,0
-4.4299085315719537,-2.2798297853987313,0
1.7695329899803138,5.4747924041084959,1
-2.0616653746473821,1.2945922273179393,0
4.6334749821173622,-0.75508507816267922,1
-1.6894920845682342,-1.9956341299801865,0
-4.9830739985411796,-3.2895452210242317,0
2.6398180714394934,0.43065266487952814,1
-3.4336264252816866,1.1077453554087304,0
-4.099649545269239,1.837862564589404,0
1.5388966964692976,3.5229481344831641,1
-5.1236005611855848,-2.9603667591382314,0
-2.660676862248625,-3.5761844742385538,0
-6.690671105797291,-3.4052479020260775,0
-7.6790276567030959,-5.2911053870638707,0
3.7612490309591173,3.7196778740770426,1
-2.5134956590109865,-4.5121008457244551,0
5.0545367218407247,1.5149375495156805,1
2.6732744284640875,4.6830953068376591,1
-0.80017119918635071,1.7509279380908727,1
4.2324196073265261,0.49486666150245417,1
1.0519954915767631,-2.6997149474661253,0
0.79296572856309711,5.6941258918235098,1
1.5283982289659088,4.3245366740623039,1
-4.1863252843400911,-2.247616238039281,0
5.0452812315600504,-0.58873786960916563,1
10.193799296349262,1.9985941689724618,1
3.983120968170323,3.7372533293195471,1
-0.67350316002225474,4.2760538742294916,1
8.1076962339892233,1.695303552653084,1
3.6429615350011897,5.0281590367490834,1
4.3023301282638515,3.2516304223745434,1
-4.2283988823726091,-1.5560596670129898,0
0.35781988829953848,-0.67165512900088942,0
-1.6803557128136644,-2.6382588618049794,0
6.7545523611947864,-1.4968060757099435,1
4.6152901392040162,5.7436882688963964,1
-3.8732773149525368,-2.6953937785385276,0
-1.6877909905617516,-3.8776659493047387,0
-0.88275312395838235,-3.8479193518015196,0
2.1595434149705275,-0.19436529050067275,1
8.0280061632336057,2.7863523663741239,1
5.1205763326888185,4.4467900970721175,1
3.4063630805406495,7.1684021405211427,1
0.13281418111222099,4.4127255727430645,1
5.1692710861414195,3.036713164356823,1
-1.6213521675687448,-4.2181767854858148,0
0.19688671300833649,-0.62181705458881531,0
-6.0750460493387886,1.4687404193013123,0
1.5962542814390941,2.5402376564995262,1
5.1999019213624074,3.1883494161889834,1
-0.35662655280362499,2.2406161556987843,1
-3.9519194960562269,0.28277099846192932,0
-5.5303617650979344,0.064441529382984086,0
5.2966548070241277,8.3595244126773931,1
0.45664671546121216,-0.0054432439882883266,1
-1.9468101997590135,-1.170365471251299,0
3.9636223948472553,1.0268629811869296,1
-3.3472354395769308,-2.2268362629652261,0
-0.44365189669261307,-7.2224764854601284,0
6.4605697798160229,1.7481611391446892,1
0.71607216587912648,1.3681058367248369,1
-4.7375099491452897,-6.8356784549688623,0
-4.5445800613604321,-4.1961005127378437,0
3.8873501578817105,3.0083538281734197,1
-7.2818831349425688,-1.8808743556395129,0
4.8966831406944973,6.5601326354699161,1
-3.7226785501702269,-1.4468669632282449,0
-3.7680855302821019,-3.6999839259490561,0
0.50303975501653486,2.1435022355244446,1
-4.0483964748888948,-3.0721238083016145,0
1.3677859327883526,1.9810489868793695,1
-3.430515084239524,-0.94484943038186797,0
-2.1964459662956495,-1.4847865460906089,0
4.7314558392823756,3.1561795500248566,1
3.8032190613126113,3.5625992700711668,1
-0.7982557335181788,-3.6934710002540867,0
-5.7972996747199907,-4.1830706483515154,0
2.3737624228110867,2.4555378168014621,1
2.5648769412701675,6.8878702451621772,1
2.7020914035461963,3.8103679030532023,1
0.58937591852166182,-0.84218165718475513,1
-3.8701929581406533,-5.5170974080491195,0
-0.63524643563858518,-0.93747115421376348,0
0.020287068201345182,-3.3403824940991482,0
-3.569554473816182,3.340525629309675,0
0.61706390826658053,-5.5013173515175993,0
-2.7581568615936063,-1.8258378061014633,0
3.6289356714918855,1.2476417842335743,1
-6.6768762986375894,-6.0953866123932485,0
7.5019799540369529,2.6431401132710755,1
6.8041094724210751,1.248397006930434,1
5.2197521399238038,4.7511666640434607,1
5.290627727510115,2.3648054702060968,1
0.012476538815163085,4.1446521483586638,1
3.2140782269081845,2.4922304055241922,1
2.2138624011929746,3.2488715584592813,1
-1.5924920166662666,2.6810281582309892,1
-0.044544295141612622,2.6180580386173502,1
-4.7801041451012392,-4.0894529176377361,0
0.67440260647286765,-1.77086058225788,1
-1.7185854855444338,2.3298742552077458,0
2.8928330943256051,3.0890913175956385,1
4.624768618864695,4.8214764042601939,1
3.8769443145547449,2.7438528599661609,1
1.4785539500533036,1.7870644459082856,1
-3.9646258797890352,-2.7968041629283702,0
-4.4355720967745205,-5.7456593504314544,0
4.1038621133351025,6.0024913622211642,1
4.5939487673836501,0.40719034163188939,1
-3.3132999509999688,-0.48778723181473582,0
-5.5518095225516024,0.58173291266038785,0
5.9882145359084458,6.7062660147840454,1
-5.3449230163330856,-0.77588400559900039,0
-5.3816526877101856,0.38590302829481882,0
-2.8722377932905765,-7.3216319190948145,0
-4.1163212625663572,-7.7282854895453221,0
2.9224410120890303,4.7192831802725479,1
-0.76060973050750835,1.6216201467856948,1
-4.5776084667827366,-5.6301907561761322,0
-0.5978466570699319,-3.5789364193174911,0
1.1371462851023568,2.6239824431750645,1
1.4264525825561474,0.58793032145283863,1
2.8647679894406353,3.7766371132648748,1
2.5637175477189134,0.50543146653230853,1
1.6266590448944838,3.5763981262876516,1
-3.5822565970117024,-5.1514678589618761,0
-6.5439964467917111,0.47670994354889862,0
0.73206777280376922,6.7475299818167755,1
-2.6917645011798936,-7.1846698807100919,0
-1.6144783770804734,-4.0731004389220331,0
-2.8231870644210875,-0.72942673965481974,0
4.29810369916515,2.1173950125211309,1
5.666566619868644,4.7714938896798165,1
2.8489572278528881,5.6654426317898077,1
4.5963433838476471,3.0457078823599697,1
2.1673735426893774,4.5477101801668676,1
-5.2495200685520107,-4.4588617497707217,0
-6.7569794420846758,-7.1383579544211164,0
-1.2013707084647083,-1.831623460118643,0
-1.9818026907492987,6.4347289225584205,1
4.8812550098901957,2.1080835723911888,1
5.1733767192251463,3.4241724126951998,1
3.7477648967159798,0.79494404787482287,1
1.4688745686511377,4.7368652602631851,1
3.4792539130471192,3.6221279877557135,1
-2.6069192577882592,-0.42437386548418043,0
2.0822779475015309,4.0753219093471404,1
3.8055473436988079,5.4643230800396037,1
0.042794239160577341,6.6925740625974548,1
5.0896770769675896,-2.4831245544362774,1
2.691710042087279,5.3342894997997234,1
2.5735550707752308,0.16469808195100422,1
2.5054594216887178,0.87795001187647159,1
-3.6991467189891427,-3.4894244641371261,0
0.18304263767204532,2.9012001001170953,1
0.37150084202802436,4.6577020903064357,1
2.4106411608230296,1.0218550318398312,1
-2.7705556968815479,-0.76043307275385263,0
-4.8467956980620359,0.24095772144444583,0
2.6358082695754925,4.6621211900684711,1
-3.4558587316363729,-3.5166334538595274,0
0.64557616596614276,-4.6052744786175674,0
-2.0919825719762231,-1.5701545670770132,0
-3.7627841040309891,0.051095584538142447,0
-0.10240778543513906,1.5510048907790237,1
3.6931641216550468,-1.0041958856177686,1
-2.9794651423663994,-4.0517495735048739,0
1.0080542725496102,0.10462537188579502,1
3.4439875706072924,0.63450469978044621,1
-2.1657454207121845,1.95610813109879,0
-5.5109123977025085,-2.2185559676615423,0
-5.1707254538353835,-0.76927257378284963,0
-5.7729728745426296,-4.8050673164105051,0
-1.376829475527185,-6.0102318000221269,0
0.75881081958220387,2.5197345435700522,1
-3.1810434194796691,-2.8714382128485285,0
-4.3617358723382873,-4.2882888109784645,0
1.9076839768076759,5.7673947821073899,1
0.61177922141036056,-0.54162868611617743,0
-5.8153561179117563,0.38523647306962294,0
-1.0741498886020651,5.1286504213948145,1
1.7927077279835435,3.025870416958647,1
4.8965331847530518,2.6376077075310636,1
5.7572905782760886,2.4328928178667448,1
5.3663336163070587,1.7485593160500159,1
-2.6830060281643013,-4.3779532745168197,0
-4.1894581708698322,-4.5487223647830479,0
0.84555287847602267,3.8819970507163641,1
4.5331378133431617,-2.7791668557576878,1
-4.5759512102089666,-4.9695221066688955,0
-5.6311358937102218,-5.4092463237293336,0
-2.0932671284651168,-0.47277027698460028,0
-0.54547472392693352,0.79913981254982724,1
-3.3019700237110223,-4.7206870451164047,0
2.4000167233092187,-2.2556795913388319,1
-2.2981221555255331,-2.1538452386213098,0
2.2486710205342986,4.5672803966278925,1
-2.1095730835528519,-3.6328531470553362,0
3.8074252610882588,1.5431206449730404,1
-3.056828761355507,-5.5435098091343527,0
-3.3622937775071287,-1.0911697603349462,0
2.5658481775248392,1.3125639027449827,1
7.6700718564716555,2.5194431084804174,1
-1.6247866271350677,2.8773374003660566,1
4.1382725144336092,1.9434578654753187,1
4.8890783305332945,2.1835128695431387,1
-6.1361274122733462,1.1836161229486857,0
4.6361410749894283,3.5893322114224318,1
-0.29138836814954638,5.3778335414795855,1
2.2319812333404974,1.4470527456371005,1
3.4466484909816026,2.3581091134656145,1
-8.1099535681928074,-3.2122938669740861,0
-1.0786506112444585,-1.8519405133494744,0
3.7121025398365033,4.3742137688734433,1
1.3734602113049073,2.4591013077982988,1
2.8591318266268684,6.515858629181901,1
4.2801250477392996,2.3822840136195169,1
7.8462863383558936,4.9303429028004775,1
-1.5839122361132496,-3.4396140511294884,0
-5.4473681561627494,-4.3490016632159936,0
6.9888333262150564,5.3397408834124231,1
4.2077682218325334,2.2879416550351195,1
2.9640581158981423,-0.39821146751523884,1
1.6905294890535796,-4.9378087040492007,0
5.4944321719213374,5.1851698289361803,1
-2.0328911088174064,-1.9129604956374813,0
4.6687522329493261,3.5790251535194666,1
1.7526101599583963,-2.7979135867016121,1
-1.1107712536530083,-0.77883272233895262,0
3.3288488011701234,3.0655545167975755,1
5.4801103335004537,-1.0992975906358691,1
6.6606501016148814,4.9902329962386425,1
-4.1033647500199448,-1.9165629390790415,0
-0.50957184548935652,4.866843604754175,1
5.1924499499424703,3.2875265432253831,1
-3.0516755043614512,-2.5766068200945909,0
4.9299828382578301,3.2432878649365926,1
8.9586278352428685,2.2918694145317104,1
4.3797650769900258,2.6417227712621014,1
-0.044104778889746843,5.0332191053416953,1
-5.3815537308584815,-4.185615272065963,0
2.5842848742157281,4.8874308416634449,1
-4.2647419103290858,-1.9748910592708149,0
-3.0977808606394097,-3.1973489272055211,0
-2.2646918100706976,0.39837699930160264,0
5.2172898665074632,1.9511623986038187,1
0.060041822882939577,2.934471594343699,1
4.1155973898484541,5.5412733206321088,1
2.2890807528227799,3.414701958349772,1
-1.581327749847586,-5.2821208548241199,0
-6.2161466065390201,0.18084347262755118,0
-2.6173418149585133,-5.1581594813006459,0
-2.5317244542742383,-1.2924643300472358,0
5.4464827091022592,1.7460154567490442,1
3.7589172749710085,1.5507626406270991,1
-7.627990954979663,-5.9417881256407608,0
-3.559725226848852,-2.9797638112152791,0
-5.1465932810234021,-3.4603838131997073,0
2.04738571973341,2.579368884296763,1
-4.9857273680977361,-5.444678146453489,0
5.2041132887250612,8.8157801785484757,1
0.99910343880333663,3.8654869870184037,1
6.9211631906082278,0.87419479901567376,1
-3.2702733731048865,-3.4622707543299729,0
-1.2024105989109473,-7.0546694245066206,0
-3.0075654477285161,-4.1452243534132016,0
2.4067048841724166,-0.072643965230309249,0
-0.1156585166470121,6.0136370201099103,1
-0.95474640401309241,-0.81410555241718452,0
-5.3457939262448271,-5.8993823500890787,0
-2.9309338542798931,-6.9404012198477627,0
-1.2999994000702566,6.4495825574122314,1
2.7369247929746408,3.6140087712537072,1
-3.2548967101606796,-6.5074347086130047,0
2.4634971348542916,3.5466366590856522,1
-3.0311678657531447,-0.26795647458434058,0
-2.1504719562138952,-0.28262811080865946,0
2.7339787684249459,4.130473347519465,1
-3.0628641577010485,-2.9878541068225952,0
-3.0137025063944392,-0.98558991455725309,0
-5.5832300637366057,-0.87725437231505454,0
-0.088000064687112634,-3.4987009860850473,0
0.87712245396339128,6.1319125390546168,1
0.028957301100643207,5.239846153939193,1
0.74724267136107825,4.0312886261714542,1
-8.4304423602699714,-6.4216059615175656,0
5.4471325774832184,3.9959311781348674,1
-3.9768672732520329,-1.8375985519928359,0
-0.61619318247125232,5.0547746781656695,1
-0.20489237279308892,5.4092092017110014,1
0.42966954988385986,0.79368471574283239,1
-2.6025379026486499,-1.3519517532147918,0
6.1002497465618788,1.6945151482979637,1
4.6733433264465196,4.363884505338917,1
-3.286506024391918,1.4153963805660226,0
2.5620921954324585,1.1394944582090905,1
-3.5531442249601812,-3.104066627629555,0
3.170243433069877,2.0584440778918007,1
3.5887657409471387,5.0494910743356041,1
-1.8618114371955012,-3.1676389400195357,0
-2.7848948290463573,-3.4870498313992329,0
0.16269576405521713,1.0286418533953428,1
1.4319573732892803,3.1120240020702323,1
-5.2863070151215501,-1.2674231107706782,0
1.5377636031320563,-4.4165963281337373,0
2.3878308948504987,-0.24759453310214274,1
3.0307954506831534,3.6473207106677341,1
-1.4080703954267038,-0.26028993328785521,0
-0.60503786567971884,-0.17590136508273524,1
-6.7959974154256688,-3.583913866761204,0
-1.6778718222812223,3.2590322462428234,1
3.7398851507978295,4.9032132517511737,1
3.2261061791750634,1.8391385963320497,1
1.0785462579448541,2.1347960214603283,1
2.6967722619038037,3.1497698736737498,1
3.885180552196946,2.9853255649666965,1
2.4005335004270698,2.8180624866288895,1
-3.7932043771029011,-2.7983824756607345,0
3.946135193926692,5.3744296264290181,1
-0.96042472779819299,-4.0500159622798195,0
1.053403591212942,2.0430806693720589,1
-3.0155977589954364,0.43949705543242157,0
-5.8768679657409146,0.18053502747006744,0
-2.980869980927944,-2.2344140280422025,0
-3.3356579661948897,-3.5342515731210078,0
5.9573202525317797,0.57674701591710109,1
1.8032584138504495,-0.8222000217683787,1
-3.8632770436106849,0.35644510296820187,0
-5.3283787404283558,-4.9828752687692219,0
6.5205415999977863,1.5292013244439684,1
-6.5999975035714709,-2.2329824056165624,0
4.8862714547170212,1.1522191510274895,1
0.73153074934501161,0.93368665071992485,1
0.25867279040439239,-1.2140870940824773,0
-1.8766144966703908,0.59075781121826543,0
-0.2745786662540417,-1.5599526873319454,0
-1.7325218735510441,-1.8782756290773208,0
7.0215404113375879,2.0031228112581276,1
1.9676636766751265,1.3783581919009931,1
6.3852222182763949,4.0811521130332995,1
1.6915524545796874,2.3352925582157757,1
-2.5444133029984206,-5.6118058881988944,0
2.3439771379988752,2.7457113616081084,1
2.9507088001208608,2.675904051513486,1
1.2249353767455295,-0.18381617544312512,1
1.7293219987127153,2.9313638333000736,1
2.2623585807304551,5.026726167616383,1
-3.5126558750855321,-2.1192767015809517,0
3.7939412732374516,5.5168357425499828,1
-3.5711729306891002,-2.8824525859030299,0
1.0138967006596218,5.7289536899866338,1
7.0218124376943596,0.41337725633156275,1
-2.5489756553205325,0.03431745017779031,0
-3.4470995526363843,-5.7177950467998624,0
-3.3038722988974287,3.1297996162636132,1
0.33089252018311699,4.6172012271193594,1
4.2959150006512274,2.8335404140324894,1
-3.0451766040998289,-7.2969033604828821,0
-4.8735213818303613,-1.8838653960794423,0
2.2487221851137202,1.3707700713861029,1
-1.3020389668663839,-3.6688208354731784,0
4.687356525867493,2.4959718611949544,1
2.4492882993042597,5.4827410141600792,1
-4.0497915447333073,-1.9131396503832414,0
0.055989570585245563,6.6303773915281514,1
-4.7616689476115948,-1.2197429326328701,0
5.2340829757215399,3.3772842753983299,1
2.8363462853531098,3.4954159935016373,1
2.4570325727628028,3.3592618849536704,1
6.5098153748986807,3.0093026198744552,1
-3.1129421351457536,-3.7844927939290574,0
-2.3184863779513019,-1.5231466894634833,0
-8.3144482357046172,0.33195511000156008,0
-4.5057444753235645,-5.034691359619444,0
2.8490042889390286,3.5121038029366174,1
0.28723448134302565,-4.8051518112306102,0
-7.7350271709347345,-4.5326201169839155,0
1.7442415347374562,3.5436961463700238,1
5.3665790992171445,3.6654914864840711,1
-3.0248171301312361,-1.4780113731237099,0
-3.0568452922309146,-1.3109013135329906,0
-2.9187531477703588,-1.7023156729542148,0
1.2941859148455712,1.8372740208280989,1
2.4359894743113135,3.4255206278243842,1
4.4743968682947006,2.449780629367996,1
3.7298591076577754,2.7788275115077767,1
1.1530796972679418,6.8970679629034013,1
-4.0183167413442593,-1.4221083747544712,0
-1.6920845065752148,-8.3754801810801069,0
-6.4862169972688504,-0.89333743380196307,0
-5.4657496272186812,-4.3420396055826185,0
-1.0510247136697826,2.1850774712276433,0
4.3881970580026506,6.3666538667185675,1
-5.0744532330453014,-5.6061084824828544,0
1.4354433695438904,2.9375014559175745,1
-2.6902984913908385,-1.6844274471332097,0
2.264794029270834,4.669064627793353,1
-4.869796593439963,-5.535884165360371,0
-0.83132278964964179,-5.48743224458073,0
2.54519261289522,-1.198630333498599,1
-4.0068266418325278,-6.6830494763888924,0
-2.5827080749565861,-4.4023681688019156,0
4.2613524049129374,1.6075690022724103,1
-7.0457435828910047,-3.0039379421831929,0
-2.1130979807637402,-2.692380354854643,0
2.2420106987592527,-0.48666340167587752,1
0.66635561452182657,3.8193471002380139,1
-1.3738511086875458,-1.684273270142723,0
4.2015219340488361,3.7369828964952436,1
-1.3471475497403123,-4.1433772230816324,0
-3.9027616495368345,-1.4998589016637027,0
-1.8674310469036726,0.96808890181125395,0
-4.1370937664381469,-2.8324415086972912,0
8.7267940362445717,2.4680108246416537,1
-3.4688964854545028,-1.2401943576307664,0
-1.246518494814512,-1.5890731246156615,0
-5.8313505188202477,-3.6167018855912416,0
-0.517057425622232,-3.5290000389781273,0
1.3001790749235331,-3.6556006133152952,0
-4.4920296027436306,-2.7643447517323141,0
1.504695581684907,2.8630891611484781,1
-4.0998631403273471,-3.6359582166041058,0
2.7784333409395785,0.75029249755271188,1
3.8241887906727241,-0.86824086982732451,1
1.3405432863754165,4.9510422718211418,1
6.2604759126209277,0.97994125859623304,1
6.2071926696458766,0.60535160363527707,1
-1.1847117397394438,-3.4548415745664234,0
-3.2808043546298444,-5.4502323769012495,0
3.8793575335380561,8.0374787723684804,1
-1.3256733566520427,-5.2618408612771876,0
-5.1626724951557712,-2.1174789252289967,0
1.1966462688679724,7.1471596104738424,1
2.1149230008469351,-0.98445283790594651,1
-4.7559808449421812,-3.2146216468702358,0
5.5340018241873343,6.5476967641784753,1
3.2089892411196752,9.0054718923660637,1
-2.5613148915259112,3.5309944835207396,1
-1.9239270209600676,-2.4943716254337085,0
3.5124025532994163,0.75168190437762439,1
2.2331087706996593,-1.7759917642087615,0
-4.4809601689433176,-4.4086403397970901,0
-1.1065517396892677,4.9784064345755681,1
-2.0170999802016443,-5.4916194431306833,0
4.6211158700567845,2.1092048157804615,1
2.9826813918267536,4.7843258444843793,1
3.0691564543802285,1.4197853983050899,1
6.0078260683547935,-2.7759673907401465,1
2.6768464445797875,3.5621054637860992,1
1.9265199980021799,5.6620800074614426,1
0.60346210961311009,3.2555379327758307,1
1.0592124712958411,-1.9380557324948349,0
2.8009202738092469,2.910739566327504,1
0.97148808477692183,4.7381946441806315,1
4.2018011429728261,2.1233828701055559,1
-2.3337459571321642,-3.6149934730609092,0
-2.5724088752482697,-4.3864420299251048,0
0.73062579692525098,2.2497445921053663,1
4.3903274948380506,6.7562999861562876,1
6.049869080550061,-0.73973572426243095,1
1.4141699642689163,1.2983587655627684,1
-6.1246523150962719,-2.2750515270708158,0
3.5736367677132903,0.90246613626765493,1
5.4320777024308748,2.3853116580944778,1
-5.1263663000045669,0.87161948514778542,0
-3.8220509844484964,-3.779180260973606,0
-3.3458257651049195,-5.0443035345034319,0
-4.2483356833343402,-5.3266563266789415,0
1.615124102021642,2.5623721222573268,1
1.5817457761067464,1.4628974822827736,1
-4.1133525131657445,-0.65401830329833111,0
0.14361560292261366,3.9401849308606702,1
-0.63708370929612945,-1.7788785484717222,0
-3.1595255475062136,-5.9799322182100436,0
-1.5898113649470857,-1.6464757485232302,0
3.5908044364071903,3.1587932463596027,1
-0.34775745427454474,6.5732468259436185,1
-0.88004843543300071,0.047974408011878911,0
-0.38643922579109935,-4.9817338506057496,0
-1.349219651376024,-5.1651535584077379,0
5.6292480818475106,2.3592323310111185,1
5.8244595495313511,-1.2796481376673592,1
-8.0174134449363397,-1.7412230547062195,0
0.68356213436327629,-0.9484345004793564,0
-3.3486921005052954,-3.5164004868476662,0
-0.91869476874545253,-5.5782865285246697,0
-3.8800571715650176,-3.900730673026874,0
-2.1769084260755811,-6.2740180727062969,0
4.6824832131861251,6.3778361089679638,1
-1.7155081033025923,-0.90380857049313468,0
0.16408404373459273,3.6606092883063344,1
6.7278112195314161,1.7599437655912527,1
-6.7578578096215001,0.4570114960909657,0
-6.6803340798990831,-0.6968525233313736,0
-0.013489304671773006,-4.3841126921176512,0
-0.63218711377663528,-2.2449812062436116,0
4.3520991270580787,1.7775664056701288,1
-5.9115158348313166,-0.95735013540095348,0
2.9270559337052897,1.7562844115763958,1
-4.2158116725630723,-0.61212054278747408,0
-8.0680942009351835,-3.8002719011241712,0
2.3723455813485388,3.1453384629814045,1
-3.180393922515226,-1.74537546491993,0
-2.1167498164287668,-0.20427205132063486,0
0.77837526481607577,2.9147996012934581,1
6.558392115829756,4.7635975743336463,1
-5.2876323317617508,-6.0869535008498454,0
4.697624830862285,0.31955724898668114,1
-2.1056535931217737,-1.3734378744465963,0
-6.2372897028525909,-4.5094803145843141,0
0.81237400455270192,4.5908232169999827,1
-3.3761137285416858,-3.7100296875983387,0
-4.5856997737817311,-3.7281072937172133,0
3.6059812633407926,3.426667127151231,1
-1.7123187160928051,-0.096474846858778829,0
5.7698642686080479,5.2648302036372261,1
-2.5562760912939533,-3.0384213955775028,0
-1.7019860668417874,-0.56711995560876982,0
-5.7228474897469299,-5.2113323420432565,0
-0.074530619257743069,4.5601511010420657,1
0.23556524357712938,-0.19443414256328317,1
1.3056979434550477,-6.1540524963163854,0
4.737625973191852,-1.9023420124644623,1
0.41902348703686165,-3.1916433650356391,0
-2.7113084190301304,-0.62574205965311824,0
3.726425923989213,2.8229033169523983,1
-1.5034100683388756,6.9893973235152593,1
2.5622460987209505,4.9127618833592459,1
1.7701096491649522,2.1237553781235086,1
0.42900277266244968,-0.96092685449268478,1
5.5436370755112323,2.1203283667973847,1
-2.5786822009655008,-3.9611000355172483,0
-0.85067511939358775,6.4004474120307782,1
2.8536506516096951,4.9315297329515531,1
-2.5398137782194943,-2.4751751680594332,0
4.3111529695351916,3.4547309230942038,1
1.8707866312225498,4.5725808233726806,1
1.786219521572719,-1.8762841294533574,1
-5.2120741540726261,-1.1323311486549301,0
1.9319821992585475,4.2778334191281155,1
-4.8023834066423419,-5.7191705264189823,0
-2.0787155540291904,-4.2241983513879786,0
6.1443753852198757,3.209672664929367,1
-0.16802585688047866,1.2591808167859131,1
-6.0049320039257621,-6.5906260356245099,0
-3.9628755891487262,-1.0800376508415932,0
0.6298150956979347,-2.0596023953867162,0
6.1092006440063926,4.2630456980618003,1
8.1959680592914985,0.14746162797418005,1
-2.7364937380055836,-5.1297143093910904,0
-4.1024302771748031,-4.2809658131574411,0
0.54404231713249107,0.66056637730191436,0
1.8270355011292223,3.7885611375772812,1
-1.1265569741244039,-3.2152830673947812,0
2.3644668510865356,1.7975037959459557,1
2.7457036134162647,2.4176777153134466,1
-3.3580122348069343,1.244037686450711,0
4.0525148315714583,1.3039239681841361,1
0.87502526106553402,-3.0541833058623613,1
-2.2212805044605513,-1.9559895163472385,0
-2.3052760252219295,-4.6992535775068074,0
1.5632824235039022,-4.8188613622649905,0
5.2693350520211411,3.7595821115303609,1
-4.4874205081868448,-2.213999588496292,0
0.10198468395171378,-1.3739065318009009,0
-0.067085599674086893,6.9554103098345852,1
4.8850981781463201,5.9325659392994332,1
4.1343447628521979,4.0384602141611206,1
3.692028769596738,1.8585150441754079,1
-0.81737344755635677,-0.25892627378685296,0
7.0671504786137316,0.78264927100634329,1
-7.9456661553068662,-4.7314407531240086,0
5.062951564047836,0.62549012114152536,1
-3.2985181846522238,3.4404822444585794,1
-4.9715298916267834,-2.6721235120106663,0
-2.8085386465483015,-5.5496558645450218,0
-3.1427921365010709,-3.0350275656926162,0
-2.6347607783285425,-5.890444601341426,0
7.2978360004345824,3.5190556970767779,1
3.1086629490100286,1.6820802116487537,1
-5.454904235815345,-3.3078657839614221,0
1.6191166585898562,4.0663479144637638,1
-3.8211537860439906,-5.3720281454193177,0
-4.2008906231690268,-4.501117014204751,0
-0.89518483509606783,0.16883757097821483,0
-1.9557057566782676,-2.5437915660800758,0
4.8856504912276471,1.7358180758514299,1
-2.5442877557380914,-3.2942852012863248,0
-3.3150386309013382,-3.7189113242934271,0
-3.4191338864716845,-5.0939493206753959,0
-5.0063182365708396,-6.4326530504887227,0
4.1992750469891922,5.3191608626584586,1
-5.4887397266989328,-1.9716822971767083,0
5.6039180886523301,2.5544647532766804,1
-2.9721935905357815,-4.0157869944197735,0
4.2251367110935689,-0.86841555990885055,1
3.1314892580137355,3.0874092502137578,1
-5.6965359729726046,-6.1492113214112987,0
0.31523702146371502,-3.2981860690507476,0
-3.7039150341394613,-5.4975606892253897,0
-3.3613468248179754,-1.8072203866218726,0
0.31559969543716493,2.3986817638226432,1
-0.43371745412110796,-1.036487283375497,0
-3.3560379458868503,-1.7906325073119147,0
-5.0237716661177103,-4.4061845619548237,0
4.4159210733244834,-0.26121170603858967,1
-4.1495266604043612,-2.8024546330414912,0
-0.33261900248659426,-4.7823875913585203,0
6.5984068778442904,-1.262666719334212,1
2.4911944805056798,3.105063799489491,1
5.9890858803669547,-3.9318285908699302,1
-2.197166435046114,-3.4773773197528763,0
5.882578760963094,0.99020832071281895,1
-4.5501787810987917,-1.8972129283049448,0
-2.862545934900059,-2.3463044046754584,0
0.7355335863476129,1.402140647456722,1
2.9790692897676871,3.7788083444229952,1
1.4075586491813381,5.5410339414151135,1
1.8851350318832993,-0.45013388448963276,1
-2.5039012459057277,4.956082385335435,1
-0.17644076431188616,-4.7522909891010583,0
-4.2408792977365302,-4.3786167225480632,0
2.5193904974863122,7.0616402232924989,1
-2.250346344169746,1.2133757747435157,0
-7.5986176423681737,-1.0060895916282422,0
1.0193033504491706,1.0275652228503311,1
3.3245666461991519,2.0700881443483148,1
-3.0873571005056131,-2.0222493050698676,0
4.249560255864596,-0.39091909696512062,1
-3.8435532908257461,-2.6285484753251613,0
1.7381109929080498,-0.00015661241793862857,1
2.3178765709757396,0.39942154642812966,1
-4.7746652104373286,-2.9362987595943189,0
-0.24448582309618283,-2.3329021119499433,0
1.8966548516675257,-0.58320853982222198,1
1.5092341878178512,2.0904583015960201,1
2.750033277931843,2.2823952596959485,1
-4.2892622147922781,1.7526206754904807,0
1.7560287700771355,0.90368291090569031,1
-0.9158907051242049,-1.164171458624121,0
-0.60990516703608399,6.4387365373583947,1
1.4639418408726566,0.55628676797768373,1
-2.5115114462757182,-6.2505641338928193,0
-4.8111974505298853,-5.0264054611173288,0
-3.3166667060961581,-4.9865757204655665,0
4.1182105269286673,3.8527016259642282,1
0.10760910153103653,1.5912896641423273,1
0.23212923647865846,-0.043747318170357818,1
1.5477547185679181,-0.025573348173872024,1
1.5001197951101055,2.6634965222982245,1
2.7343576579432876,4.4803429820537835,1
2.8022290598988544,0.71089294874890729,1
1.3736608348963311,5.6875784293778935,1
-2.7483963815508625,-1.5946458652631879,0
3.790206739524749,5.3991428354566349,1
4.7557617163541277,1.2797323842308725,1
1.1162429470344826,7.374441901255139,1
5.425798428470431,2.8385692330128651,1
6.103281171247926,4.5101149133410505,1
-0.89191718597915504,0.48813537007048868,1
-3.3422392697939838,-7.6827232573472433,0
1.24911617355589,3.3892524174161855,1
-0.39734312345469469,-4.2986601623715659,0
3.0787742615813452,2.2025301575877845,1
3.6371445732854344,6.660166773402608,1
-1.0830378406698902,-2.2106867805199917,0
3.6951375657382148,-1.5847417452037078,1
-4.2609377856743418,-0.10837737693100058,0
-2.7240638204332495,0.33908350823417033,0
-7.0228178086140245,-6.3489043064494339,0
-1.5173430772852667,0.62748204306438282,0
-3.6068887691681462,2.8115898959790959,0
-1.6422413609247892,-0.63064173004899216,0
-5.8094204453308329,-3.36050931125048,0
2.5299277917612137,-0.40288841473035353,1
6.5785022890554892,-0.090218301900671261,1
-3.8015627992395693,-3.2154980540785396,0
5.0178557797700192,1.7513910312492478,1
-3.0923564291397847,1.8581669280231194,0
8.4823612251342517,4.2459718463201597,1
-1.019583280696895,-4.3512176680022083,0
-1.8974906374600762,-1.7177986225628163,0
4.5613682336447994,-0.99597796581297482,1
5.1861170683159123,5.3746132265680284,1
-5.5418293014656816,-2.4631548027858789,0
2.0026166559892262,5.6410041393881318,1
1.3453364959641518,4.893657042034806,1
4.8506856059901526,4.0953706033148993,1
3.7853066834142997,2.2181237091653125,1
1.8871212729561302,-4.0326203372369234,0
-0.72291926539388207,-1.3345868965911047,0
-2.0792131429304459,-3.6753362599115769,0
-10.31684515437467,-1.3264320240719794,0
3.3326213208797033,2.5757279352009119,1
-2.8749931475546671,-0.92963015200901111,0
2.3660149265334356,3.5615784322491524,1
-4.0492913268630941,-3.3378711622592645,0
1.8663939594749654,5.2896155902004391,1
-7.9381608198351472,-1.2278609515814827,0
-2.7736264168172156,0.17078862170483422,0
5.2487583541945551,-0.37194268005126974,1
-1.6677974902675408,-3.7919411759601616,0
3.2511395409308541,5.4407350011837696,1
3.6631422646298981,5.9621783427301365,1
3.4376481613662881,2.6008362442568789,1
0.17647068961082768,0.36167172808507475,1
3.5209022165830528,2.8809880620121526,1
3.7980957954923311,1.9280420444714514,1
-2.6013822937983262,-5.2928051111756496,0
-6.7138330088815703,-3.5590615529374947,0
-1.328203140532958,1.6602728886787523,1
-1.8478335819386988,-5.5191112010369494,0
-1.0246543497873279,-2.6412210164613024,0
5.198533446147799,6.2744323893049216,1
5.138828939845574,-4.4235807884536227,1
0.50547046122554828,-2.2556008019482308,0
4.9197803547901859,3.0814618605168453,1
-5.8062884827647698,-3.9995520987718116,0
2.9927307175420093,7.7374162263961681,1
-4.8393075393228404,-3.1278671472743582,0
1.9691763383769314,2.8106761052772571,1
-3.547947447754376,-3.8453231181716432,0
-4.8751630329938473,-0.76726718368494318,0
-4.4619107655283248,-0.89279165192271304,0
2.3896795024523381,4.1763763096852839,1
-3.0614605330708589,-0.098239415460700918,0
4.0438498605439728,3.3766448557470903,1
5.1292082494918656,4.1381765188526245,1
-1.5259540273662555,-1.0834261546733002,1
2.6790993355702342,3.1502527267652152,1
0.35587570580117589,-2.0113944276922444,0
-1.5813882257788117,-1.8317958528945906,0
-3.73998591577989,-5.5136227120384103,0
-4.1946471363491789,-8.3079335902139668,0
1.8545530392510488,2.3887912888528389,1
4.0186973947718609,2.5125792604175996,1
-0.1080831125098598,-7.5941044233887309,0
0.4254631146370027,2.1810714235844637,0
-3.5135254857498035,-1.8697626936030032,0
1.3092700510090503,3.2584018354450723,1
0.63104917882841072,4.6470295901741032,1
2.0294467261443705,4.7039040108969257,1
-3.0542905295315119,-2.4271713139071927,0
-0.99641735477752924,-2.4812732187623325,0
2.9987651403728863,4.5151273926698909,1
2.6976992948353882,1.9816332652383162,1
-1.422900930828948,-5.6646898654215505,0
-0.99965451758139157,-4.0499413153770085,0
-3.3448111819915542,-3.2070122461999553,0
5.1694159903711805,4.5387893641148578,1
-2.2024583037525063,-3.737208076766672,0
-0.75254838258398937,-5.3098949556628057,0
-3.3692346530874944,-6.0933550885767449,0
-1.8127004402794398,-4.56751209314662,0
-1.6707734469692708,-2.5142133992993303,0
1.7942251423191948,4.390087872481927,1
-4.0782350250274275,-1.4844940145630892,0
-1.5551596020782441,-0.13974942496903653,0
-1.0334928591253862,-1.6601772086612401,0
2.0800871114701027,-1.2884877957148859,1
5.1694725565615958,4.2016883464485932,1
1.6199036677782039,1.7750736068744706,1
-3.6662455210377365,0.39707557165817642,0
2.0698426869210165,-2.1063487267191912,1
0.88993980268812845,-2.8541281205826574,0
-3.252826091930821,-5.9066860498893803,0
-3.7965024560076821,-0.79310353349891383,0
5.4789511153368675,-0.59239209545856841,1
8.6206346042829942,5.1552300775398905,1
-0.97156137758145533,-4.5731713268535206,0
-3.7991136274851316,-2.5443744961341084,0
8.075239387521421,3.756817583294076,1
-1.6657427860789835,-1.7009041400255087,0
4.3770117937663668,4.907796833389849,1
0.098898252783045759,0.25342387094823282,0
-3.563463194224366,0.063465364637372623,0
-2.9566165435741949,-4.3883960695314252,0
7.0971462089507433,4.893652351348651,1
-6.2713537597854838,-1.7465016205852262,0
2.4659722843335716,5.2895712623282787,1
2.5547774131900085,0.75798801706369812,1
-0.32117088477234201,1.3196401474672745,0
-2.8857803278038028,-5.9856112873629996,0
-2.6814258318038666,-5.6954247754021861,0
-1.6510227660307535,-1.7414304349476875,0
0.97303320587770115,3.0652855560798868,1
-1.2593605240058428,-4.9335041037119964,0
-6.6333626390496727,-4.0620032094988874,0
3.4627727968656306,6.1816967148325777,1
-0.99348044431845262,-3.3782846953989196,0
-3.7169519484526887,-1.0323531211609585,0
0.75112863690296461,4.5510931970871429,1
2.135909300900761,5.2273557492104405,1
-2.1504559514584223,-3.0344204925079143,0
-0.72240446976210837,2.8695636234401194,1
-6.4464085941817615,1.3500465744295385,0
3.8774062527461184,3.5415986252395202,1
1.714343902857997,2.7609743856697433,1
-3.065093326818467,0.14041155011858431,0
2.4118034625388569,-3.1702201561261272,0
-2.0968023301546888,-6.8330623225470362,0
2.8856473064561268,3.6568387414182517,1
-7.5361172784019468,-1.7196197273481388,0
-1.196068680485384,-0.73090455606847193,0
-0.92216349809761233,-2.3992510909020037,0
-1.4816760803369,0.24993151876725239,0
-3.2896522976849782,-1.492208089942878,0
4.017388627884479,1.3019435557695391,1
6.6974628456663616,4.0238791806372696,1
1.1113516606298008,4.2990014546163291,1
1.6743167058629815,-2.1729868243916171,1
2.3695385516659799,1.5045999150977902,1
-4.2662598468469062,-0.7825824847305336,0
-4.4638769049938709,-2.985246519568487,0
1.5695503821100059,3.5798722511676093,1
-2.4365607138872685,-6.9389396333838063,0
-2.3133795868088587,-1.652566561987316,0
-1.7374102882480216,-0.93971524744065649,0
4.5455503245777082,4.3197183170959654,1
-1.2229164881175667,-3.9741509696535746,0
4.7206979870091068,1.8019967290252967,1
2.6225062875403244,4.0113653053929017,1
3.8251068249026989,2.4950382330650744,1
-5.4646350427294355,-2.3253423050259237,0
3.3692101661861993,0.47821579713566198,1
-1.7539736608160064,-2.0960227226944554,0
-3.3666060134366473,-1.0534566674548329,0
-2.2596020729530921,-5.728017159880979,0
-7.0372618685902024,-6.4749605224076134,0
5.1504732480013677,0.61267164605943769,1
-4.4522066464170553,-4.337797571095269,0
2.529746493151023,3.8179333074677788,1
-0.92252331841302659,-1.8225553177306359,0
-5.0028960279027066,-2.8088867508383757,0
1.6417587741144741,1.6257272649340564,1
5.8477565473402144,0.2306311285191196,1
-0.84129250655664967,-2.1810471825525135,0
-1.9740400253757917,-5.3320023127418636,0
0.61788149785307978,4.2745070965873566,1
-6.8173532966076458,-2.7138179757894538,0
2.2951240751503605,6.1666124848608614,1
2.4319169354443293,7.7480357334820891,1
-8.1989268618714277,-3.4892330334634614,0
2.8979284763612561,2.9120224991473833,1
-1.7735461575504896,-0.94802193695536907,0
-8.1008927984363162,-3.2350640339373071,0
1.2561672363560694,-1.8988145365370817,0
0.57397553556865555,3.226819040328436,1
-3.7181625376150924,-1.4676391622573468,0
-3.2748855109678177,-1.7510156594911401,0
2.517619110425926,3.2723416591309418,1
-4.1585708646942408,-4.9458806062924836,0
-4.7251422092109809,-3.3138402136997605,0
-0.61241802829545611,5.2962994478721797,1
5.8543511224681097,3.5690271727202236,1
-2.9491166404149363,-4.6871172495812932,0
3.5477894731225499,1.6941594148546739,1
-6.6712931559447401,-0.59829586721401462,0
-1.8497662187605881,-5.067347923368561,0
6.0887260280860849,0.28901960878919875,1
6.05514224745788,5.7610167690793883,1
-2.1875902637882625,0.42237989471286719,0
-2.2554275273033673,-8.8818932330036482,0
-1.5793942825578522,-2.9917517834549932,0
-3.9638628605955399,-2.9881071375183468,0
-2.3474787591747135,-2.5848332695542036,0
-4.1897939410924936,-2.4078410003873065,0
-4.2730580296305316,-5.363455572835754,0
1.4905213470001655,3.2085845388343928,1
5.635361666413699,4.9880693619072041,1
0.29642146328472663,0.46393305348788028,1
-3.2386146663829805,-0.50581428061061784,0
3.4734917263895912,1.5007500136567338,1
4.4079288272375621,6.1628148900462287,1
3.1204691322590135,-0.16555986843502923,1
-2.9765333487314014,-2.2853787588534251,0
-6.1163873726038336,-3.9907192744473057,0
4.2220804407256978,3.7169967668172035,1
2.5749417209121175,6.4192143061189562,1
1.5167496058245657,2.8757618528642115,1
-0.18663472988524266,4.8726820311446088,1
-5.217711401401969,-6.9632315864132579,0
-1.8058976859799063,-3.4394933960078862,0
-2.5447824588740611,-5.5221679722093953,0
-0.5585509092973524,-1.4117566431062922,0
-3.7311343407143482,-2.7390807405095341,0
-2.8079343743857073,-0.9393684847306214,0
2.2079634825417633,3.3015050622892046,1
-4.2526615423226186,-8.047145045401507,0
1.1765657683134152,1.5270911748411191,1
1.9787271499458536,3.841940062833006,1
-1.9056512912920576,-5.9886085941382161,0
4.0554615386620787,4.1633021153562781,1
-0.96296355509599518,1.6754780885634182,1
3.9656977149958368,2.9505697583563948,1
2.7511631651319379,3.3940862314636084,1
3.40568404969085,3.0059691150266326,1
-4.52711370375666,-4.9615491878323166,0
-0.30910945481772556,-3.2768873926685744,0
-1.2406968960279818,-2.3783803100171923,0
-5.7264275967430329,-2.8330798223851303,0
4.5732861780995036,4.7740734183020255,1
4.3729049987238371,3.1812190971811698,1
-0.37610320642636363,-5.9570086088332506,0
4.7927865117719985,5.1526910219806457,1
2.429879221196642,8.590708367433546,1
-4.2360256622212908,-6.1082752906624629,0
-0.24305206143969693,-5.2165279425535447,0
1.9820692822322346,5.2818958483948428,1
-0.62305538552511974,-4.0117031774834135,0
6.4835043798496166,6.3400220716724052,1
1.4850162741504056,2.1480474970444114,1
-3.1022900540764953,-6.7451297393984131,0
6.544110701163639,5.7039627106864161,1
-3.7821748240923374,-4.8521701007111453,0
4.2539858710888172,4.583732020074704,1
-1.486942344552233,-1.7379910468348778,0
-0.6765238719951876,-0.71808124255866002,0
6.2686817849498677,2.3778356044861715,1
6.9122504362947375,3.6577944201240369,1
-5.0335418483427636,-2.1743781156899096,0
0.63224343978901398,4.2698097456525907,1
6.7532784139774211,3.7843684643269411,1
5.0908356047287082,4.4221201443388685,1
1.1198015625584972,7.1750578582751716,1
0.10332339501103638,-0.71998126005689267,0
1.6898783196286022,2.3758982527696411,1
0.25604439325073969,-2.1151067417339569,0
3.9314163501981816,1.9830544907869616,1
0.92460238285104079,-0.56917144337428427,1
0.079147812871799506,-0.21123417296504909,0
-3.649912620539264,-2.6584218610423465,0
-0.76306325289153198,0.10939925516640736,1
2.9890696122416998,4.0311316553410315,1
-5.2782105938605106,-4.5945230714596317,0
2.6564658887631234,0.09327412591774964,0
6.3095085927948507,2.5526045881205479,1
4.0614095248261091,-2.7008433668090657,1
-2.407782150765875,-1.334871186047206,0
5.0270816431918144,3.1318019362489853,1
2.8248369148771211,1.659812730399179,1
4.5876667351232427,4.5050231187881895,1
2.8701180806769715,3.0234270809608996,1
1.2733433678921877,5.5084450417388826,1
2.4386046742810619,0.83728852455724745,0
2.2041719874565762,5.6840253281933748,1
3.0205683512101356,-1.0996507174760248,1
1.643463659490334,9.0854805265172125,1
6.2869599608695372,4.7117969717754029,1
0.46431964607724519,1.5206934505124676,1
-6.6657275561442138,-4.7759506510905307,0
-2.4754182102042792,-1.4962914837898715,0
-0.26088529843691255,-2.54506138651367,0
-4.3928337879073887,-3.7608849204789117,0
-5.1096443564483334,0.91633133804165645,0
-2.9625968303848906,-1.9666813265266683,0
-1.0937527026419649,-6.9065938132198736,0
-1.4447572420995485,-1.4687604090497126,0
-1.9846693619651867,2.5079583524458222,0
-2.3280186321115321,-3.6324278115194328,0
0.52556753000987477,6.8154381750721402,1
3.7558676042454588,3.8817386659311226,1
-2.4956638185353892,-1.1925330034417723,0
2.9110343323948871,0.069296957286157479,1
-0.44331574393482454,7.6231079213429105,1
-8.6301800030131908,-0.8632662326343854,0
3.1384311131651552,2.5607132630571137,1
3.8009070086986081,3.2684709646690866,1
-0.23106065845627644,0.45976914898362731,1
-4.0221016482919349,-8.1319543098537785,0
-2.2965371873989238,-1.8916217526239292,1
-5.2457613001336227,0.73744098690328741,0
3.6920619135269739,4.2341586445843484,1
3.718398218106671,3.3318552998881268,1
-4.3535782739797719,-2.7308154936207791,0
-5.150610775926685,-0.39175329093132749,0
3.0603889670191191,4.2464664447749678,1
0.70694789471267505,-4.7284174733533444,0
0.43071056963076337,-1.6048884072285754,0
-3.2976057635732432,-1.4844119130123932,0
2.1472568255293716,4.1617865978260014,1
9.0600479513347878,0.50892311211431851,1
-6.9545127314607402,-5.155243580317908,0
2.7972834769014168,-0.37711194462733122,1
2.7131088420452727,5.3368849470143385,1
-3.0254543575792416,0.77039087443134902,0
-0.19011791265895006,-5.907286245304336,0
-4.434031540229217,-3.4990493906309008,0
-2.5830082713445734,-7.7025991239637319,0
6.8419510795493093,0.35914863187297996,1
-4.5543689242131782,-2.9433412501890595,0
-1.9906229807259612,-3.0049871349479971,0
2.2056904539817173,-0.35253141744261418,1
-3.2050937540759357,-4.6325141906624161,0
2.4018101372621086,3.913900261797854,1
-2.2492855609739082,-2.9516478270342001,0
1.8744270700872228,0.59500885986482821,1
0.73806044723826503,3.1846184394170205,1
-4.432869353704822,-3.2108983676069487,0
3.0699833024213157,4.9820846592433874,1
4.3800357137625454,0.34641422657390208,1
0.79649268100996284,0.2328609283392864,1
-0.28360234173237009,-2.5295586859552808,0
1.6326215232671897,4.3833850988681391,1
-7.5715691347777963,-3.5097641535583071,0
-3.2486757781784035,-4.2748283974961527,0
4.754911520851012,0.88150077399545301,1
1.1646731060252022,0.73945534867488272,1
9.0680520719464823,3.7390376059916908,1
1.5907059243878012,-0.23626299945961371,1
-6.8052431815079863,-3.4851375136009404,0
0.82468698120057615,-2.3108837005546059,0
-0.38025684529804948,7.7679063097505008,1
-3.4388684215319936,-5.1006613119347151,0
5.2811242570199894,1.8867936796142926,1
0.6180689903501273,1.2362797948670579,1
7.68977607003408,6.548211041463631,1
1.4803099007104619,1.4885650995298307,1
-4.4700696997650082,-2.4244626484032605,0
2.2501945993916408,2.1524585894984507,1
-3.1923908466455737,-5.0920325724104485,0
1.9613877700725577,3.479656593349608,1
-4.6509168997806309,-5.0799008879555601,0
-1.9997955316405223,-3.2810387775766441,0
2.1773188454296992,4.5177820018679702,1
-0.046870131983927976,-1.1730106037809431,1
1.3388789798681675,0.04534956245819366,1
-3.5885079952386887,-3.7032692606319495,0
4.2243710336511091,1.9105590808835136,1
5.1180570228264815,0.9798594833210883,1
4.7652579102503285,1.4318328526751192,1
2.0436698422128798,6.4160674912497164,1
-3.7344994842779338,-2.5854277751749022,0
0.21899889969905662,0.086187372948233421,1
-4.129996749925839,-2.8172226408309564,0
0.88208547888961464,3.8300077461144366,1
-4.4297296737662144,-6.5889497964095813,0
3.0933792905808413,-0.22020332572822054,1
-2.0245977123822434,-3.4291866387606214,0
-1.8274671721293974,-2.1374390014574218,0
-2.9089327970203316,-0.66008327525898469,0
-0.8301351530848371,-0.59305243653092043,0
5.9569964845351775,3.9555826419869273,1
-3.5888766638028669,-4.8289301697249476,0
-3.2448386752342446,0.55787961845928713,0
-2.4508284739577242,4.1276480570655991,1
0.64492833312689202,-5.8940032474160571,0
-3.7592726578284839,-5.1344607741090833,0
2.4952067195512559,2.494493446994019,1
-2.960681678120912,1.186316031575589,0
-3.9157166460321022,-7.2568916455199926,0
-3.8851879324199947,-6.1843746505799366,0
2.9720717676305286,1.0130376884151093,1
4.3122663634818306,3.5214887465302445,1
-4.8658564165111891,-2.7626561185900802,0
3.7587565409086681,4.194684816610506,1
5.625055245193316,4.2606070355420114,1
6.9203523468401924,1.9566546515988097,1
-1.800410487127426,-3.8563224987304681,0
1.0337343966755519,-3.1470456122280819,0
-5.4424561549841952,-2.2745541019273849,0
-1.2105875855725479,-2.269380018326121,0
-4.442548841688275,-4.346014048088926,0
5.9413558282562047,0.94614418249593557,1
4.6474627503184669,5.3710994467453119,1
-2.6173514420557558,-3.3719473958765755,0
0.39722371942406864,4.2335783393636355,1
-1.7688662941006355,-4.5956517437183892,0
2.6512557406993769,6.2937521084779746,1
7.0936151371960809,5.8304753955042035,1
-2.314907138089175,-3.3878264563543747,0
-6.1083078203887933,-2.8955450200195916,0
-2.2180616025938273,-2.7598202753359491,0
-3.3321922936281774,-5.9511375387621221,0
-0.65402649287859171,-5.9794851821747415,0
-5.479388399379256,-1.8208041540410553,0
-9.9500327030218401,-2.4051704871054991,0
-2.9483295900977913,-2.4984936938043045,0
0.70354518864653315,-1.8542398608144461,0
-3.2389720817647918,-5.1928506428804848,0
3.0038340502809251,4.0068627887472559,1
-2.7544828329897699,5.4415534246955719,1
-1.1922377320774216,-0.39061837806078037,0
3.3719593582716856,1.2848473524130868,1
5.4038020503281059,1.6259273807137826,1
-1.3309742905607529,-2.244750601861822,0
3.694897755078097,1.2297256518092941,1
-4.44090428936126,-1.9260048055648593,0
2.0911705706575194,3.2199815349545853,1
2.1027824946015707,3.4398634635301057,1
0.39420640243401373,-3.6808607982902033,0
4.0038179357862838,0.28407878366699535,1
-1.1643494345767003,0.17849211333894965,0
-2.3425017800582317,-6.375953969708573,0
-2.5413435337493397,0.35092660440066625,0
-5.9637372097382535,-4.4107523162536424,0
3.0838732681654313,2.9979649237052111,1
3.0709894614524669,3.2133389522744711,1
1.3563385275288513,2.1031472947284953,1
3.0764568299980977,0.7394940456118988,1
-4.7142083599934876,-0.93474741024867569,0
-1.6501942135833494,-0.50590396040730123,0
3.3725624124265363,1.9597911338780407,1
-5.0216363727056272,-2.5155717605773065,0
4.2258482861014137,0.90682765590950609,1
1.671305219025274,5.7518839171769827,1
4.7860920453330635,0.55187943374927473,1
-4.7410175430434318,-4.2055424348379944,0
2.3388342472570245,5.1865926034596068,1
2.4867566063875373,1.7681728062192028,1
1.0161125117719179,1.8719071979628825,1
-5.5997871875146954,0.79961075828029538,0
4.3727365632461144,6.3426532870698704,1
3.2274201990771774,4.2818277233920004,1
-0.2173200212134736,-3.6628337900284382,0
-2.7242035451857181,0.38966057662178288,0
-1.5325343437068186,-2.5977877201143516,0
-6.7240159112216471,0.068215462225158063,0
1.5895242562136822,5.2598463401012374,1
-4.4830779693464873,1.630919884722708,0
2.2859586453568266,7.2001791215429165,1
6.1927876611279267,0.093371130237385191,1
3.6536348305604562,0.049936764070297013,1
0.38361701362989375,4.6080513924654571,1
1.1690534352273954,-4.0813894504628907,0
-0.16908804200699956,2.8005612001667828,0
2.5590752383660487,5.0895800463639018,1
-5.3401370350527539,-1.4552167725328127,0
-4.1198693994245463,-2.7705771436836337,0
4.1595660204542062,7.2399804867848765,1
-0.13344065189162491,-3.7967319241175193,0
1.7022460633281113,7.2305867054503157,1
3.0515291355360703,2.2118649296689403,1
4.2669982417610086,2.906583139486739,1
-4.6638139304375557,-5.9416452793035903,0
-5.3182254544728895,-6.5566972127324554,0
-4.4529429378710752,-3.7063976448392593,0
4.1444803402469788,2.504217842415799,1
1.6868000603897957,2.8996126446673274,1
-3.1424018178585258,-4.2129220920868997,0
-5.6222628181324934,-2.6584108810097224,0
-0.48798992959386167,-0.058390853912089202,0
4.6282156074630745,1.9449910565247646,1
2.9517231446461176,1.9949825009749991,1
-3.587839748129463,-6.59519781552273,0
-0.62595907598964251,3.9001603847110728,1
0.19766317610925377,-8.3024031506859686,0
-2.2950575393838228,-2.4700131483263483,0
0.8296282406076978,-1.3584798208556872,0
-7.3715341629351796,-0.55698730885715175,0
-1.9232995655301623,-1.1797068179853438,0
1.8351432760923965,0.48842692390256515,1
-6.7276830534345304,-3.8457708451868426,0
0.6625721522081105,5.0935210012080452,1
0.66383410883167793,4.607163222441792,1
-3.46149552904971,-2.901551471093105,0
-1.9874973854311417,-2.4853596526140036,0
-3.7120565054153225,-1.9210454149321516,0
-0.039944469557098294,1.8949701257606544,1
-1.9115268552663001,-3.0821580867566674,0
5.5868398454997665,1.4114573695506076,1
-0.55319538490876807,4.9283736066286989,1
-2.337784226759994,1.2532220964707674,0
-5.6069614121886424,-2.4408276917684186,0
0.21744764780125836,-1.5459158130687265,0
-6.52527339593615,-4.5409559795845604,0
5.0031241009581482,-0.89004203495656942,1
-2.3719339876120489,-3.2327913699622139,0
1.3305390553315863,0.11165601557795002,0
-0.26231355302365822,1.0058678887020462,1
1.8153670978119838,-0.18967165386755536,1
-5.3737191309922157,-5.6043451681721965,0
0.16329873398814065,3.4937343528824933,1
3.5870728971053532,6.8870055455438273,1
1.6976224425473396,4.5520677901393913,1
-0.37610609808040296,2.403340058136787,1
-3.1346020856343064,-1.9280509863168898,0
-4.8155495703339106,-1.9364369839310225,0
-5.1442409565438005,-1.7424405631849533,0
-2.7110082601634051,-2.5199098814772452,0
-4.646042022732277,-1.5887524540952682,0
-1.2129214038333844,-4.216898064410632,0
3.957525766952954,1.6580580195063226,1
-1.9458676442134633,-4.8607206372489555,0
4.9845872048839572,5.2878516216188522,1
-7.0990074014947719,-5.1989594415297979,0
-3.2027512938317857,-3.0111716869229128,0
6.1658964597486676,1.7968537240679374,1
3.2718149892088739,2.8882839355883942,1
-3.9900381306032191,-2.8323918842902125,0
-2.912886160518215,-1.418999567545618,0
2.29529692858201,2.7077677709770289,1
-6.3560643186933827,-2.3096626378187315,0
4.2048654357123816,4.4729985772816327,1
2.9809979917747733,5.0501097213376589,1
1.6556705795678999,2.0529881189252102,1
1.4463291329802261,-0.72409547395051543,1
-2.5642597934160078,0.67318722889303251,0
6.7988183086368297,2.704278224843979,1
4.9862879772639559,1.2063970381266549,1
0.5563162647754285,-4.2953750945608187,0
1.3263958499517245,1.9288302351287263,1
5.2978227379892662,5.0897410960035003,1
-2.0553482193579313,-3.3590417907971477,0
-2.136359817936051,-4.2842238237111312,0
-0.13426294837688468,-4.660156577387685,0
6.8395873190693086,3.2687669094282077,1
-2.4792585930111262,-1.8216189803142628,0
1.8835029723195098,-0.42863029804844333,1
4.5410152794992857,5.8015873698005613,1
-5.9077333223601558,-5.0859494424088689,0
1.7884776859803304,1.740366809429396,1
-3.8141696965290834,-4.0354902347643851,0
-2.1815910174234276,-2.5298875707248127,0
-0.58342302889537256,-0.12999192033613705,0
-3.1938143867686399,-2.7914333516874255,0
-5.4356890927004375,-6.7927632415944865,0
-0.98987495301739026,-0.3969726753169267,0
-4.5595299140338064,-1.8517528976365643,0
-8.3184990092246842,-5.8032699876725289,0
3.5545805914269462,3.092336713958316,1
-4.2219369510727915,-5.782767980539723,0
-4.8015140921097572,-3.2642893395391823,0
-4.6688999522859014,1.1079586082125852,0
-3.4384570919633139,-3.8026604072784798,0
6.283121433109029,0.77675507524199094,1
-2.3586484150655225,-0.72413521783083423,0
0.44891482303332086,3.9233898201423187,1
9.6950198445417026,-0.71353407333632113,1
-0.86781420670669851,1.146612754644929,0
-1.5624788709981625,1.1911683137720024,0
7.5357365797782343,4.319373914280165,1
-3.1936751238355243,-1.5868672814108278,0
4.9194650291841597,4.7523475908955444,1
3.652360002703102,3.4320507480848574,1
-0.78811407398099309,0.74653254420524284,1
3.7987292510818724,4.1515124181353276,1
-3.0821285043326698,-1.8980104840573184,0
1.8824488435892002,2.9461647762998577,1
6.1334943378881377,5.9516665199841459,1
2.3234340897877441,3.6238620277449218,1
1.3603070311681367,-0.19167307086474938,1
4.1984372099890468,-1.7495161905743277,1
3.1870656032891125,5.4653142935781949,1
-3.2563834146814346,-2.0431979011894121,0
-1.2595534665691122,-3.6326336994432205,0
-0.73463705000070512,0.93432428062603012,1
5.2036640135089218,1.3020252371825938,1
2.8641720070022814,4.2986584407760606,1
-1.8552014598049773,-4.4020930687525706,0
-3.2385655469305608,-0.29474086138035194,0
0.07782330796546022,5.2607171772922747,1
-3.2680443419598806,-2.2174968232965009,0
-5.5268816989759246,-2.3583479125223832,0
1.5176457367061094,3.4012094101822963,1
0.32358261201540284,2.6525456113534522,1
-6.1735439531106113,-1.7812213183262968,0
-5.1676791775273765,-4.6786740546273666,0
5.1008843434863387,3.5385233557311238,1
0.16625416913388547,-4.5252230772894038,0
-1.4193692668063527,-1.3315566955914557,0
1.8332060115691768,3.5629522668333404,1
1.2035196620691524,1.6915274268527309,1
-2.2720141215797707,-2.9400115279105337,0
4.7458723266268983,3.2508125499719447,1
4.7984218289964371,2.819797317378427,1
-3.9547587652574876,-4.7288471185967129,0
-1.2896949365564441,-0.79466052571023837,0
-2.6628999273058911,-3.3763953976257168,0
0.096465114201074176,0.66419132429415395,1
-0.28384812924214842,3.0310871293891686,1
-6.0465499953879807,-0.95463005728736894,0
1.962232291097294,3.7111488308634946,1
5.770571910349144,0.36984137219705104,1
-5.6462052937622182,-1.2597009751897552,0
-5.6130528390271479,-6.7014098073136257,0
7.7695148749848109,3.9352819498874152,1
-3.9053408662193747,-0.73442857672307804,0
2.752763544753793,1.6590102115766434,1
1.4777983889356614,-4.2679432517180178,0
-0.56871769707168651,5.9053081870233672,1
1.1418455399563596,-5.2599234780400126,0
-2.6325843441075976,-4.2764358829764522,0
6.0673237960756516,6.0840434561490992,1
-3.3520355373773389,-5.464722565339267,0
-4.3589493623574418,-8.1327245384099314,0
-1.1774435599190654,0.46254820767596527,0
0.043317577111770866,-3.4088188863957871,0
-1.1812155706237555,-3.4475549771164622,0
5.0432689628007044,1.6311170623183637,1
-3.5432440022378664,-2.670467760782953,0
-2.6223358329971909,-3.8105768096969008,0
3.3729231628961158,7.5181251834798637,1
5.1360407296551749,1.8242522167442048,1
-4.5461159958026682,-4.1894611421348049,0
-3.2584395483163044,-3.0238594136362433,0
3.7242981730465705,2.1586153173698017,1
-2.8217530250110694,-2.0618257883334197,0
2.630888605288173,6.8475755763209936,1
-0.01802333013505697,-3.5554484872452465,0
3.3036201240119025,2.2422445870916077,1
-5.069709085874484,-0.58883037368495073,0
6.8936219903903231,2.4592481298318543,1
1.3166850529573257,3.3481130381293616,1
9.4453510174475692,1.7162203648118324,1
4.4262105378221293,0.39002954565682879,1
0.63933158032851756,-6.4115006830653813,0
-1.1440330490279687,4.1695735118072257,1
-5.1506859296813241,-1.916408816883467,0
0.83166905166198202,5.4597283971493713,1
-5.8056025415712433,-4.0639090491878767,0
-4.0476662033398849,-6.5903146599240419,0
0.89638440703006372,2.1321334692616443,1
-0.84806737624763917,3.8669096187490024,1
0.98269838047387204,0.40095768944424304,1
4.5440427214888475,2.4357318232484491,1
1.2921806510283063,3.141849525751419,1
-0.57002254829943944,-1.850347056166006,0
1.4007162252002685,4.2534835076669086,1
-2.2199066632994011,1.6307946683459864,0
-2.5167331068288217,-4.2249207584706587,0
-2.2309934599930559,-1.2043846330161592,0
2.0520031391466844,-6.2748127370737539,0
1.0801434572134534,1.6413839256374745,0
-1.8942649872808492,0.24783269413573406,0
0.98937231204523179,4.319802243701357,1
-6.5370151454709173,-5.0968369594702363,0
-3.499577887432213,-1.380817556898863,0
-1.1120167768200506,2.9372406448317339,1
3.0553571982603787,2.7577303590298863,1
-1.740319896251991,-4.8432077257814434,0
-1.812603302179296,-2.3073762991383591,0
1.4114208993785642,-5.3188134331616848,0
-2.3522627576129533,-2.7284544856601394,0
3.668018547742498,0.51819780460240938,1
-5.0173367239257267,-1.2448893671503574,0
2.0672375044975642,2.1951103440932771,1
-0.14839082136307535,-2.0983631390693378,0
5.7135177847532024,8.1126042563354943,1
-0.48952909440219994,-1.0855046417977587,0
-0.55095411292191399,-3.7397779091911527,0
-2.0201311701615805,-1.7202592171522177,0
0.76909313213517816,0.42798722105043518,0
1.51843835561619,3.9309895832713755,1
-1.3413442455057014,-0.90379633987739227,0
1.251178707441345,4.2099299456448511,1
3.9151758212450432,4.5204546767925891,1
1.2983191123938855,-7.5098811574659079,0
4.2651573881541456,5.6468086648490239,1
4.2357662488502932,0.3278636553577039,1
2.4793964817456771,6.9934550239023583,1
2.3117242807038014,0.37050603420026684,1
5.1353832525419545,3.062652101460142,1
2.1147409709504932,-2.4604751023552138,1
3.5093876000827695,2.3472530948795796,1
6.1875998639411849,0.57489220287178,1
-3.8006371461155992,-2.2900860430964212,0
1.7568875552102274,2.0814081534187143,1
-0.66614024510761283,-3.8341752409449024,0
-6.4005037635610158,-1.5463082606294047,0
-0.016012309766328059,1.1100306020565669,1
2.6436725374775087,1.7011920564626344,1
4.4687355253937193,1.838579569632155,1
-2.6481591082098093,-3.91140696194535,0
1.404947392474974,4.1817108154155429,1
1.5608639827530402,0.21265664302072107,1
-4.8192098231952407,-3.8341999672838596,0
-7.8146684842357406,-3.8656142512842093,0
4.7246441681776066,5.8343731383853381,1
4.0007804973750494,1.2278875231649566,1
-0.038800329565014113,0.1948186472418838,1
2.8504845892203141,0.71879893447054988,1
1.9345061139454558,5.3254797719177542,1
4.3623758371308652,1.5083461107078704,1
3.824363992064777,2.1206054907209704,1
-1.6260390155657469,-3.8850774821480543,0
-0.37348142454462918,0.42517560796761034,1
4.3217048266511613,0.5055876416499494,1
2.2424818484863005,0.69721146089036168,1
3.2353889436721355,1.0369455002761496,1
6.5941956336043948,5.6627904501945601,1
-7.0375230134080873,-1.0963299035695766,0
1.7581783454762614,1.6625921037277727,1
4.9677951100777147,0.035760483625309814,1
-5.2863428661911875,-1.9092249013850731,0
4.6201295906102651,-0.48365204495125047,1
3.9368180525692402,2.3423212097738437,1
-7.3727998338875844,-3.0206058431375333,0
-2.5316183210467766,-2.9158066620107035,0
-1.3806826744423251,-0.016504801578379968,0
-4.6736036272616772,-3.3410590574112304,0
6.2667403820883782,4.8318284953287316,1
-1.9980871261276283,-0.66745346928401617,0
-6.1741457806429505,-6.6250987383038797,0
2.012554748568963,3.9364718421650555,1
1.5937854674758622,3.248670527472409,1
6.4475517257469122,3.9137702459354866,1
-1.7210517553922011,-4.8910532357803325,0
-1.5917306039975854,-3.2834026445616833,0
2.2624741017849557,4.3453683265809318,1
-4.9045887988049444,-2.5477276511668765,0
-3.2683480148838546,3.7388998579695576,0
-1.3698775942658168,4.4977469656543256,1
4.8106819743494462,4.2596014434611371,1
-3.6350641403275645,-2.6902469755714877,0
2.2278473273622454,2.0621515606090584,1
-2.7101819423542843,-1.8028807302031227,0
0.91733838747537089,-3.4991003104493097,0
-1.9306915074333562,0.55463449318281377,0
3.0687413877802183,3.1832772750579585,1
-5.0947847432457314,-5.6379682550024999,0
-6.9593702980377348,-3.5399400426272072,0
4.0682253240581332,3.5439610722688766,1
-4.1453594340948614,-4.7105778522245814,0
2.1898448628252041,-4.7200914638434881,0
6.3618753572442071,0.71681466771100544,1
3.4302389087860368,5.4971280609425328,1
-0.065514152493456379,2.1858551722764163,0
2.7311607649839895,1.8783065848411573,1
0.89559947719155009,4.0069977510241532,1
0.17973020979088616,1.1916744466076761,0
-2.9012445028759299,0.47443358171163563,0
2.5946266071171862,2.3540011682765458,1
-2.0342576987745344,-3.8595463166346353,0
0.56030625879308138,-4.0913189627378186,0
5.1410203476289302,3.7523221204382038,1
-0.90012020017838568,-6.7077238191475406,0
5.0097452300415295,4.4528093007797347,1
1.9418227970707351,4.1710116957049141,1
2.3549468385865753,-1.2651043698085678,1
-1.5519736750310047,2.8463038654616701,1
-5.4629542965409259,-6.2933795866064894,0
1.9027671885889317,3.5143525642824693,1
-0.67937589673706666,0.80609503675671146,0
1.0653359174806292,-1.2298754199539914,1
-2.1469973908013094,2.1808801979052479,0
1.5385054767106827,4.4005046358817763,1
3.4160008211478172,4.5636354741368876,1
-5.8860119846965206,0.24199411380435798,0
-0.62042912830442232,-4.1939995460784925,0
6.5818477761390284,5.4629295742220352,1
-3.866644978460573,-0.21575738440447179,0
-8.5456109920175578,-1.7249610742149633,0
3.6313085959492479,2.8724422781223686,1
4.0110558762634243,0.91949521938754319,1
5.5907457778201044,2.2104567554601946,1
0.040596509453576068,2.3431870383482809,1
5.0041937423870033,1.3968980848238066,1
-4.2701928855236675,1.0266100213853182,0
-2.8282677355733838,-3.961159816255631,0
5.2633221211461176,2.7113472126858911,1
-5.0228562702609807,-0.42653843285945348,0
6.3240661250331645,5.8155692343775272,1
4.1579325912765936,4.0950650358082612,1
-6.6815804009955055,-0.97158821330668044,0
-3.3975286224740628,-4.9146896507203568,0
5.8184005466794675,2.450832785612274,1
-1.6540448941005597,2.9804117256328064,1
-2.021102202548716,-3.7242805774706467,0
1.8495956970959666,4.0832837125634072,1
-0.26398089577823258,-4.8454517898748852,0
0.74404713582872217,3.4631328693364534,1
2.5524363623339617,5.5620103188942096,1
1.117430048729332,1.2258927722303157,1
1.4319614929319116,-0.65571736942417447,0
-2.5799410479821834,-5.2400677081938039,0
-3.2790038246071607,-2.9262193711179418,0
-1.0891852248404528,-8.7299128311367973,0
-3.0321183409966079,-2.3765064833000098,0
-3.4459192048405498,-5.5132529966848116,0
-4.7802888231001779,-4.3892470038304108,0
-7.47557740765708,-1.9421954215874042,0
2.6238440687098632,6.314061206031905,1
6.4081532386588087,-4.6474874812820754,1
0.38835701549326762,-1.6972214206036207,0
5.7634017921514538,4.028707920278082,1
1.6152941911946417,0.84456957201342053,1
3.9650370938334349,4.1354067729036359,1
5.0986853939408565,4.3843181337473611,1
0.061511084279400219,2.7651941541556857,1
4.402759343238329,4.1280476547396461,1
-4.2727426111972262,-1.1784899093736856,0
-4.6239698600762544,-4.4090024348641794,0
-2.1191316270577523,-4.8853530896048962,0
-5.5425208790130807,-3.3621652466296497,0
4.8181357749165956,1.4750902227607192,1
4.4971198116665336,2.2550684783528432,1
3.9316726147174039,4.3920610481599507,1
-3.0503834804985468,-2.7222550464601949,0
1.1065714800478168,3.5512168165121318,1
3.4695631642717868,1.8533596260828669,1
1.6119158247835017,-2.9429626310134256,0
-4.9131518451957472,0.80122120401039165,0
-4.8971268247997282,-3.1609855803692657,0
0.88549199591499317,3.4712147032121856,1
-3.9982895648175658,-4.1586226850006378,0
-0.76365906424844665,1.938516000907307,0
2.4438869153021092,0.45820522365927729,1
-3.587050359102621,-0.074901854589847439,0
3.1635606240811165,5.2509114759560465,1
1.8491844967078439,2.0603999377617672,1
2.106150052081218,0.60625014577550695,1
-2.0463777800377709,-2.854983547783275,0
3.8490182422568591,-0.58103406732809049,1
2.6888859790791129,5.8244576038615534,1
2.7518787293472204,3.1893963330927284,1
-0.94202319446554617,-0.1707492610344894,1
3.5023883373286289,3.1413927527356682,1
-5.0889381774273357,-4.2818275989730079,0
-1.509739772447565,-1.7033869815232086,0
-1.6439812994430139,-2.2694790268448197,0
-1.0694284552175841,-2.6451783152331365,0
-0.18323926219866138,0.57402732782187149,1
5.3875672959461109,3.8910614564036217,1
-3.5759875968252404,-6.0570913493295455,0
-1.3898004714049457,-0.9595518996422423,0
0.41077466003888174,3.370381616459746,1
-6.2349199566643634,1.5345439724283549,0
2.8757984552773084,0.88716446814809879,1
-3.6810325990697654,-1.4313200957164223,0
-6.824670051820485,-5.28913969232915,0
-0.54123677931867276,5.6162540184858685,1
4.0308997996484148,6.5713060697367283,1
-2.4116449195083045,-5.9241080866136633,0
-1.2758264225373837,-3.449865849563087,0
-4.0507475009113536,-4.3659997741129857,0
-0.18565434505313982,2.0289279251509633,1
-2.5228223401162957,-3.4609726684467441,0
-4.1129458427353844,-7.5691831962809593,0
-1.9012445466217545,-1.0576181845089816,0
-1.3245726726419855,-5.3804550105755347,0
-3.2528387306112747,-6.3917432924672521,0
0.90757657546281356,4.8181399191867706,1
4.1429148010438661,4.4570391687898443,1
3.9033962891436973,2.3629563680333678,1
3.0538254989502316,3.0266545950042216,1
-0.76197620182533354,-3.402545067091173,0
-4.883102343103638,-3.7699427821823512,0
6.2970051638769515,3.9646973889294106,1
-4.6218888589522154,-4.2341837580632831,0
0.9268041823936124,2.4876982922295476,1
-6.0392794615384151,-2.7745059073680514,0
-1.9239240835382112,-5.072203613705863,0
-5.0465340697949443,-8.0633283403150955,0
-5.8222498096450845,-2.3990934406302218,0
2.631947362115755,4.3121880005117301,1
-2.7569353878606253,-2.4875091100326836,0
0.33113399173225622,-3.6846424973006733,0
6.6223007133353899,1.8915104128628513,1
-5.5990005053172665,-3.090524993885166,0
-3.967921472816347,-3.0682278883768457,0
3.2760442763037831,4.1357445944382745,1
-0.41893214454437322,-1.2836205822452171,0
-2.9801854690964591,-3.4411313951794806,0
1.0224344081877519,0.40861299759858705,1
2.7682528292174089,2.251904212945492,1
0.189141119897557,-1.1250671150100735,0
-3.3803720873048255,-7.2193187017020932,0
0.46716887707475774,-7.2678836952832402,0
-3.9635648261303773,0.25239364164757072,0
-4.9017359117978003,-4.6561549832034093,0
3.7569136960485547,1.6770401491286289,1
4.2951233150513124,3.0733428487033141,1
-2.7239174313440073,-3.9138705152924871,0
-1.4348473424562844,-5.075083822860214,0
6.5411808062189456,-0.063966248076106069,1
-7.4491057825193439,0.64094731136725613,0
-3.4906936550349483,-2.3539344229667272,0
3.5638364939383065,3.0629800745008651,1
-1.3947417461597185,-5.5816424512416027,0
-2.5500458021455774,-3.403413888973172,0
4.7856247506141081,-0.93904043067206366,0
0.94932373765859523,-0.30753866743701597,0
-1.8891707031566487,-1.8181169911424477,0
-1.4941438202353838,7.4855302745274823,1
6.68996504926581,1.1591458263295744,1
-4.8158543159704914,-0.85527402670526209,0
0.26755943678287686,2.9728000522160616,1
1.6392405409955173,8.3042529299498931,1
5.3310325990003218,4.8859169714577106,1
3.9322552675919518,2.8561073435060451,1
2.7211362824868073,1.4973291793012882,1
-6.7542002902783871,-2.5513462723213336,0
-4.4608625023798059,-2.5132226759769236,0
5.5833409408423673,1.6953605823541487,1
-0.15372188640243811,0.44154764688321846,1
3.5334519025666991,2.3004435974514261,1
4.3107429772297383,2.2876901504714526,1
-3.2010811222403097,-6.9904534015412043,0
-0.03087311378260571,-4.5159922938578934,0
-0.68599693149710861,1.4579113518562323,1
-3.9794007114665799,-4.0655304732551585,0
-6.6331452930131451,-5.4337917524706825,0
0.35753821870376479,7.132328252869871,1
-1.2398983091407247,3.5602761365502342,1
3.4311555591594409,5.2029690510799398,1
-1.3953169961651763,0.17596795386105324,1
-2.8683772795045201,-2.6466644793328684,0
-2.8905494754749528,-3.3790591502555092,0
0.69659380092045264,3.4531484658852132,1
2.5327496556435762,3.5302267743767604,1
-4.177539568342068,-5.2324760182154675,0
3.934862270742121,0.70806005068114697,1
3.6879593833994955,3.1013335474696726,1
-3.9849168480172095,-1.278628245949937,0
-3.5392058275805751,-1.8393602479842148,0
3.0834483425672845,2.8336752706222295,1
-6.2505082714600899,-9.4327878613907501,0
2.8170856924340932,0.82178666874776773,1
-3.5245527526567075,-3.4147420851046881,0
-4.0656631313402425,0.10585364312440548,0
3.9026776387703479,7.41368801928318,1
-4.150373758226265,-6.4762770556927585,0
3.7188016122818239,2.9323287122329216,1
4.4487278767920646,2.6160184351813709,1
5.1530235451771293,1.1367729580171539,1
-1.273995932280642,-1.428658395543418,0
3.7473581456576506,7.7344874265725583,1
6.3493365048515829,3.1405226807277136,1
-0.71253107618375067,0.25018760446646526,1
-5.5243784309100707,-2.8127898589357341,0
11.129424957189288,4.0917369646418358,1
-2.0078942675518361,1.5092673952760132,1
0.50797927351295113,-0.024927416081443443,1
3.3999350560910124,-1.3663269750712788,1
0.54503081954145083,-4.0412223818500363,0
6.024778498579809,5.2932321240866509,1
7.3092510841925309,5.1143772695504008,1
-1.2695784566339474,-4.2560558901725161,0
-3.7628792056476361,0.67797333589113018,0
2.2112745249657584,2.3202139927784597,1
-3.9022864465972136,-3.4311704856508225,0
-0.77148099084560018,-0.19926743170399508,1
-1.8120861687080818,-2.8008646435722495,0
-3.9754910933553651,-5.922311343327598,0
7.4054885415765899,4.9774123801927281,1
-3.8074167330784063,-2.1607029673723819,0
-1.6530999241582323,-2.9096575522828556,0
-3.2865905414473624,-3.4179310176030429,0
-2.7161489661070055,-5.1473681441802102,0
-5.2686829021175274,1.1615020009788557,0
-4.7023539194536497,-4.6134654085796258,0
6.7461240158061848,2.2458015730608052,1
0.39498984047237418,-6.0209647461180911,0
2.6146648682950167,4.1181621959559616,1
-1.5513958346391683,-3.975126690483731,0
-5.7285653810985409,1.0375543323580043,0
3.5865321334094347,2.1662243691604091,1
-4.3925322490772611,-4.6865428578063737,0
-1.97428740795156,0.55103632188961837,0
3.0790858941937449,1.567258193377113,1
1.4092435847420766,4.1851452024790374,1
2.7269312041369971,-0.087670460667780947,1
2.5120333199647717,1.9627769790515746,1
6.0896942933582459,-1.9790566452716938,1
1.8254152380181161,3.6933966534231075,1
3.7700905965330342,5.4458973693458059,1
-3.6262045182108142,-1.6294982028825686,0
0.61261035009988296,6.4693850767645529,1
1.8950054200835671,1.8080721657385974,1
-0.53133179918321272,-2.1896082661004219,0
-3.2398395729811025,-4.9996824732290204,0
2.4356506892359686,4.9620600446673286,1
-0.80035518902738234,-2.2421666105118891,0
-1.1498597509832091,-4.8472398650992039,0
5.5676495283030007,0.48105254078439996,1
4.0587372971441535,4.0357732587114787,1
-3.2323214350964746,-8.1198722538850241,0
3.8780429200353619,5.6393703939493047,1
-2.4807459683964392,-2.7017441537611209,0
-0.76202748219322114,-1.3117652806669744,0
-3.6023397077827148,-3.1885112978413344,0
0.94774829478620948,1.5314704940137991,1
3.7852335358106264,2.9714059530367605,1
2.4256643423257138,2.6700871756757825,1
2.529981447001413,4.5997553677067753,1
7.9863562105037422,7.0109996865703383,1
1.3078048297767579,3.0032438834383748,1
4.5352880158079856,3.6720879091815744,1
-3.2308045536297461,-2.9108738687380344,0
-7.5492465781300284,-2.6768896277322196,0
4.4710419099281165,1.8284543532436961,1
3.2600904393745789,1.7253092314169973,1
-6.3672808747099374,1.112074504277305,0
0.98202824600280358,3.4371689670528291,1
-0.35567334988803179,-1.2739424986550114,1
2.924315307076307,1.2406800157959335,1
3.1613523018869567,6.4781687755596682,1
-2.075531327012905,-3.8363490078134435,0
-2.756427609462512,-3.7359148819362016,0
3.7073834104106522,0.99954833782838781,1
-5.3414187214567637,-5.7482228174630059,0
1.8091251246957412,2.643618792442938,1
-2.3394609066734109,-2.7599338905581976,0
3.1834265821403078,5.5638622458905385,1
1.2662446155010765,1.7807413107654047,1
1.008222489016259,4.5698921030072164,1
1.8714962684457133,1.0983561572781764,1
-1.4963517159762052,-3.8726174256152084,0
4.467221978652689,1.5421468620313654,1
0.46051380373963458,5.4012909238803406,1
2.7552327437407449,8.8597727333577225,1
-4.3225747259429319,-5.539544144688362,0
-3.2933096996609388,-3.4677910223006556,0
-4.6511438576514141,-0.46349972503925185,0
-1.0816973242952392,-0.5667360256740066,0
1.3621531797376021,5.2532321047724331,1
3.239594779401473,6.6704256014530392,1
4.3833415149806711,6.2816074907792014,1
3.0306753757016947,2.0524655925592956,1
-3.9756688534671945,-1.79574856182827,0
-4.3099843629002725,-2.9000943457035087,0
4.3730966306094041,3.9979500542229758,1
-1.9953844057523322,-1.9598954630569236,0
3.9349217836739911,4.3365530958372194,1
3.1068200944264182,-0.56980135790318531,1
1.221839848165021,-4.8209334123376077,0
-3.4094840583862434,-2.742149155661374,0
-2.0427324110422607,-3.308005694844776,0
3.3621343208966454,2.4891524479709273,1
1.5154268298066558,4.8369337187946391,1
-0.06433855512269071,1.9937469501371361,1
-5.0227145110960993,-3.5563298806698329,0
-4.3228381196152235,-1.9719776557491862,0
-4.3195677539774948,-2.8836424741288811,0
1.9753938352021161,-1.892076476256368,1
-3.1535951721974556,-5.0025501865332771,0
6.1263517885281145,5.6384713505038242,1
-1.2876295508167799,-4.6616812288686971,0
-1.5359446178367833,5.7056810407148415,1
-2.7716959093713802,-1.8000054790077433,0
-4.4561046663287698,-2.36288869955699,0
-3.9746131884799301,-1.2306787086904121,0
3.4776437240380833,2.6720589854564327,1
6.9785691383538504,4.0508322677412876,1
-1.9051588966354134,-0.95710431088183912,0
-4.7945860757917345,-3.6694126047210345,0
6.4044168530325383,1.4672020881990191,1
-0.76565751374215907,-4.3038761567014019,0
-1.3177282419521055,-4.8892012208406292,0
2.7020108392058031,1.5945815795165028,1
-4.1537840088135676,-2.3228759114052058,0
1.5711966012412173,-0.43564367019230277,0
-1.781473117964256,-4.5615128046915254,0
4.9402832689995009,4.8290902699245928,1
-5.0571682347530142,-1.4905098476383354,0
-1.7879202400123932,0.59896677169219759,0
-3.9748490074042691,-1.8629551212684754,0
-2.8316844304516104,-1.7953340413632317,0
-3.9254572135835857,-4.3727220835611984,0
6.3710858871290661,4.0819829970691917,1
-3.9339646789054123,-1.2159771070264922,0
-0.76210482425168857,2.1077689568141715,1
6.8125524951598413,2.2620234546915077,1
5.8896300265995922,2.4813753280074726,1
0.39209560162079127,-2.1921629728781671,1
-0.027104048461990882,-5.5371917840673364,0
4.1880178784551951,1.299246358343894,1
6.9717183207715738,6.3732450989560938,1
-1.372875246516176,2.1577589215657973,1
-2.0067115051852182,-0.7144628229938994,0
-3.4606652156151236,-3.0834090053872507,0
4.4282109538045074,4.0704126968083454,1
5.4121849605853027,3.4977651032077577,1
-1.3319424526671115,-2.7585278932866375,0
-5.1724968874661652,-1.9786778348061524,0
4.7442326157480377,2.9168173200999066,1
-2.9246190243353611,2.4011026343614761,1
-2.5767702419974245,0.0029381075407841628,0
2.7173778491354117,2.2813424762839944,1
4.2380552027710392,4.0427670277109513,1
4.7236332921555428,5.0098947790407937,1
0.80715144276988582,0.30930278593179139,1
-3.2368244707163734,3.1310613990210419,0
-3.2511849101188353,-5.6249066353392063,0
-2.4450543293659148,-4.0459177612691288,0
-6.1234555840325946,0.59536741774006741,0
-1.7094910903439382,-3.0022981247262814,0
-3.2340387505938653,-6.4843598383651546,0
3.6033547752173458,5.2169085537058173,1
2.0088076753107558,5.9585476763364866,1
7.437773619549497,3.7939641425741146,1
-5.6530421749821738,-3.0622836603431329,0
-0.41116045649021604,2.7531638102432554,1
-5.33743903996782,-6.5056624451726019,0
-0.79682279098120601,-4.0811219672911356,0
3.3050460963274451,2.641917809787909,1
-1.3327969432158986,-1.5923011880089675,0
0.012880500193625188,2.5611769045388986,1
3.5635283035901124,5.7713472635787806,1
1.9381753394142216,5.9130932873899908,1
-1.4686012396410102,-1.5379146562614698,0
1.4240322126399987,3.3371365383680995,1
-5.6866066639994806,-4.2243526041902344,0
2.5469524214783137,7.1710701528296896,1
-2.297495571962004,-4.6118189274920489,0
-2.3303719345648748,-5.3269914047498332,0
-2.2087991736098909,-3.445558117779346,0
2.4679128449736578,-2.3574135837740453,1
-4.3602827143850167,0.78058554197901664,0
-0.30796548357688946,1.8375168103221484,1
4.2030128746145099,3.3296224643427013,1
-1.3227452670369229,-0.88534815239364173,0
4.9100729754058481,6.8631705402508807,1
5.8828110431209453,2.0868939975748875,1
-0.0075760511739488834,-4.8909726359547072,0
-4.3295439707898025,1.4586686209081954,0
-0.54387426708075015,-4.0193583929495613,0
2.6360493600569797,-1.8400851714135475,1
5.3068511619852394,3.9570425911031792,1
-5.7752530143863208,-5.1263021646158418,0
6.7276439154038652,0.71478338601628799,1
-5.9040599941225196,-5.6493471373318505,0
3.6539817823601086,1.8798082470767359,1
-0.084137095608445289,-5.0051373534491894,0
3.3176440315706355,2.3257975407856475,1
-1.4778890553965689,-4.1432760165888052,0
-0.17365383864893635,1.0647556539329985,1
4.128397268398933,7.9869865193464573,1
-1.5491025494117059,2.9272441241985616,1
1.7342796616530995,4.0015310833947542,1
-1.2994409983840132,-1.6912636154718919,0
-5.6571654718021316,-4.0166833362943821,0
-6.9878574073798561,-1.0407555819462246,0
3.1891394697109536,2.4559016438425068,1
4.844072536062205,6.0833828395241039,1
-5.2874096221173836,-4.2433266619680241,0
-0.10333537102253132,-4.0314064189519225,0
-4.2609431786090699,-3.215872256896728,0
-3.7478148162387424,-2.0358048323519666,0
3.5813961240317203,6.992470310347608,1
7.10191258239273,1.5249579995481051,1
7.5604876464438258,3.1547227316750286,1
-7.0422558217280882,-5.6252682428365635,0
4.1276082030987125,3.6033326429556465,1
-0.3150776915719109,-2.279791400788203,0
1.6094911550158941,0.34408547586100502,1
-3.384273704791394,-1.1971888071636108,0
-7.1785646605159101,-3.2219596151769427,0
-4.1324570722882905,-4.1824227241941543,0
-4.4866140773285821,-3.0580444296462246,0
-7.1410996881487323,-0.77154813062499583,0
3.7945205647032445,1.3410014892050304,1
5.7760550111872817,3.5147957716474139,1
2.4303031484587549,1.375882935376483,1
4.0209067043379978,1.6799874625303854,1
3.6422977407387158,2.373686066338299,1
-4.8576178479672709,2.2453863152755797,0
3.3653421112505182,2.5019078701591035,1
-1.4249099145042874,-4.5935161949645238,0
-4.3399205103600957,-2.356137661023268,0
-4.2219636680663086,-1.1415888317036762,0
-3.9424290833328599,-1.8207206400087843,0
1.8035324952043217,-3.026777325162548,0
2.7384599423810361,-0.39621603831868901,1
-1.2761876510753087,-6.4918780581714266,0
3.0630945399728899,3.1694613389387261,1
0.66401936197958955,-5.4225237147731384,0
-4.4957605237150462,-4.8638520322549246,0
-3.6242017422473247,-2.3706114809055512,0
0.4939849426571743,7.6403923066179003,1
1.9895959578258404,-2.4461979305539039,1
2.5724332497488991,4.9352114384964079,1
-3.4489326505737994,-2.0055011245792729,0
-1.9137265478159216,-4.5558953365874766,0
-2.2344299509865753,-1.8333192211382869,0
-1.0478183995151178,-5.8630478983608931,0
-3.9355945078313193,-0.69628384449644143,0
1.9921685067501014,2.8125707762666319,1
2.2337281782091893,5.0070789093007004,1
-4.0515534161601847,-2.505103133923607,0
1.2243323627598315,4.1905752313161626,1
0.46024508177723034,-3.5858727767850191,0
-4.5925974522623783,-4.9777498654139674,0
4.1160936795914029,2.4089080575857955,1
-2.0799709971664626,-3.7235491466760098,0
-4.1817099742075374,-2.9406446085802411,0
-1.6013805351533135,-3.0689238615295396,0
4.9762857608420186,2.8139082483708897,1
-1.516116395561028,-5.3184213973279881,0
-3.4312632915981967,-6.0833126200577716,0
0.72345461296398073,-2.0936877394359286,0
2.6402543710817024,2.8248465853124354,1
4.9922308464118252,2.0456806204556273,1
2.0191177381800953,0.52348086368342228,1
-3.8882375573111583,-4.1710574292399016,0
3.4932881102980637,5.9562490437055793,1
4.4017328472012327,1.1360356100041313,1
-2.9958893603580119,-3.9252784067663189,0
-6.2466244003577271,-2.8181411083273318,0
-0.57409911818930093,-5.1016024616471602,0
3.9201176584803847,2.5448699004567903,1
-1.9617022702989968,-2.3097097430375313,0
2.6567953925969037,2.7430693863369244,1
-3.9935167235221414,-1.7223160339596801,0
2.6264517242020515,5.2086650272384301,1
2.030336507033907,0.27392580621406681,1
3.4326895754242237,4.310412095864816,1
-5.0765239055698004,-0.59018295722537095,0
1.4114435899134858,5.3277175419571243,1
1.6337826329689007,0.31389221924939115,1
-2.3909870847252663,1.1244051708023033,0
-5.8895231311337604,-0.40611830283811967,0
5.0859337397919813,5.0389530505748441,1
-4.3957851315286351,-0.23934539462518289,0
4.2636795762644759,0.58070740659723308,1
4.2915602646841489,0.30656003672744436,1
1.5799262890103754,4.9131624751359135,1
4.9560363752054597,5.5443403987599575,1
-1.4979476348470773,-2.9400693251648398,0
-3.7259980817641627,-0.12594630915189731,0
-3.2875984732835191,-0.75296261485156091,0
3.7991906132032951,2.9642925960997761,1
4.368408830726846,-0.87385243176443916,1
-2.3679724314953998,-7.1752142559594301,0
1.6604375196048435,4.8639699925660338,1
2.8390884946776991,6.2999138588267414,1
6.9402084983777286,3.0706330951544132,1
2.0075953556197543,-0.30569385767011914,1
-3.8949073467061215,-4.9218697508085789,0
-4.112389317311921,-4.0394065487930693,0
-3.0024709059681727,-0.89075007305145792,0
3.092885839075596,3.2584780983085242,1
3.6950696852173888,3.6302245258904393,1
-1.5425794893470848,-3.4934898269125054,0
4.299968579143993,0.59223765843803378,1
0.70846816524873191,-4.3300749780482271,0
3.9425546014766892,0.22168745777597687,1
-2.3850720249505963,-4.6007424837738995,0
1.485694474767933,2.0274940379503681,1
-0.70862787151433704,-3.7731654786927162,0
-2.5050798048165919,1.074150943968359,0
7.9522621163908802,4.7176830657834898,1
0.56683207967795735,4.957550033814119,1
-3.4293098913897162,-4.4889441788962774,0
2.2696079483019762,4.3702701635797849,1
3.2263238669939835,8.2427461999071774,1
3.5368192838349781,1.9505753295491202,1
1.9976253386708898,5.4078940101021207,1
3.2771995546875146,4.3644790376832034,1
4.383466846126475,3.5613162481221341,1
-0.97125004396625947,-7.2878361659257962,0
-1.6672916470923742,-4.369571007267429,0
3.8257619241967014,6.1740560223864733,1
-0.54145499365633132,-2.9575090296501676,0
-5.6369242089832134,-2.4795538155574506,0
-2.2141225586077984,-4.0606408025323191,0
1.6749236513117529,4.6921391885577997,1
0.01018404605354073,6.6468960730608524,1
0.093736548211510229,-4.4522051954052007,0
-3.674568774455278,-0.68207879262483129,0
-2.8320019830153771,-4.3486404254027029,0
1.1488494174898645,1.8633634972574342,1
3.8198242461602643,2.5648323437607599,1
4.7468928350468751,4.3896397384014687,1
1.9559203988471658,2.2956958526276185,1
4.3555816864706145,0.5431075396017877,1
-0.27414460175007305,-3.3381850785115872,0
1.3390066439207282,4.3666848373449945,1
4.997859581072845,4.2394349961254409,1
-0.95973722219626367,-5.0581229026355921,0
-4.3428889263752222,-4.773441314822346,0
-5.3360711582160789,-2.8903779455263536,0
-3.5861351018573937,-3.3355650460613098,0
-5.549711990582761,-4.5312903799727122,0
2.1458118080255386,6.3714246389678468,1
2.3824239351325103,2.0100012551514781,1
-0.14829838383681881,5.2076267993332443,1
-5.085223260767151,-3.7767097560203107,0
-5.4037887934952407,-0.70056813973593801,0
2.8247295580479221,6.7749249437290651,1
3.371574991007197,1.9912971816121061,0
-1.9484003344142364,-4.6426082675799245,0
-2.8337216174128068,-5.167933812930201,0
-3.3111577960602681,-1.3714127892369827,1
-3.93369066768176,-0.48212815363132711,0
-3.9831186595985706,-0.22142522298154788,0
0.61775083141843989,-0.76937556041790156,0
-1.2305197782690822,4.8662933892605125,1
3.5340306557817662,0.95871331768836354,1
3.7083522889019411,-0.45411168090267529,1
2.7155230076903183,3.6531905159520561,1
3.684099968946013,6.895604797601699,1
-3.1339091523338052,-3.185168944677399,0
2.3777320868588543,0.35051789492133567,0
-2.6584075784578083,-2.084471681737246,0
1.8931262358139767,4.4768873958760054,1
-1.4615044288168546,3.1380603019931121,1
3.4254374540300971,3.0095075511500102,1
1.3767994709119227,3.2167621537987232,1
-2.5102223635652123,8.8596727916088085,1
3.0546901038324075,3.3317110261305332,1
-2.189841136874509,0.76295277273891893,0
-0.88479677390027911,-4.1553806107849933,0
8.3181589017237023,1.0470366540835379,1
-0.58406468349638985,-3.7525218283326631,0
-3.82359297041952,-1.2476827422273362,0
3.958436405068936,5.42936549388582,1
1.1565336749106128,3.0059247791969921,1
-0.36603685406987152,4.4353760467591563,1
-2.6204496260390266,-5.3814521509997508,0
-3.5757233117536171,-3.2728801670577279,0
6.7250456397737217,-2.3073812391401392,1
1.6377431054199367,-0.59514727852470628,1
-6.0665993608930604,-4.0530994201035631,0
-4.1959509774681658,-0.91678539599280429,0
-3.5508310871929059,-0.74475083623388194,0
3.6064486648268201,4.2243520338866851,1
-4.1957571452639417,-6.75136788756644,0
1.3863157673314199,1.6186293637369884,1
-3.8948236816437847,-7.0190303104676923,0
2.3417024833253439,3.6290032533639867,1
5.2148558179710065,6.631925751307115,1
-1.6468178036384213,-4.5183648987256966,0
2.666747900284788,5.0436809169086096,1
-2.3765473104815644,-4.3809920337175683,0
-0.56168371558085628,4.9385867679635478,1
-0.10239130738740432,3.3563247994023371,1
-1.2363186691150805,4.6219087709945832,1
-4.7302456484193041,-6.4379114820269248,0
-1.4334907127393732,-3.6159662828352381,0
-0.67105925830553348,-2.6123353639748186,0
6.1199386910467073,2.5539844001108296,1
-3.8443758979868869,-1.8656115541339082,0
-3.9142807638690793,0.3219398882852067,0
3.5375869368485509,2.8891438089200858,1
-2.5659225679618345,-5.02528796311009,0
2.407799783123004,4.520124519896993,1
-2.3306791317029387,-0.4669268609192665,0
6.740490472533442,-0.52335835669989672,1
-4.4291099913952321,-3.4584381662976473,0
4.356773826829663,-2.7990749490050248,1
1.4343795267252786,1.9108215551683094,1
5.4129976809566873,2.857743531613119,1
1.3787364314107282,1.9917628817072091,1
1.3465549593673765,1.3588401641483676,1
5.1017166170255033,2.9339504853667888,1
-0.6366425269349576,4.4146278366432448,1
1.0008554962895184,6.5391907665486526,1
-4.7184939980333702,1.2202681681365473,0
-5.0448562263729162,-3.5811483888408029,0
3.208337058297519,3.0813236953741541,1
5.2082112746772893,0.45157129301425414,1
0.027808205993737456,4.2138259864667225,1
-1.489145110330238,4.8414750018063284,1
-1.5176388973568122,-5.067650629087872,0
-1.3876855326820137,-4.5841764287285844,0
-6.0144507599130721,-2.5688646464805061,0
-2.2970886592389932,-4.9085663112661502,0
-3.999204114215956,-2.375007695224725,0
-5.8234891194864815,-0.022009809065212327,0
2.281310961730374,-4.5885474335733365,0
0.55639927655498722,-0.23263841537022989,1
3.5564294922755995,3.2559386089789126,1
-2.4593460436565353,-3.8122672351075138,0
-0.69737570371737556,1.872869999686777,1
2.9626160378156681,1.3476449855745898,1
-1.268908177332795,-2.7768118787392124,0
-3.5798073386747031,-4.3563970004342689,0
0.59439440972774005,-0.66716333882038592,1
-3.7344947898861869,-5.5818870139727297,0
-2.4194637777175938,-0.20070047924484058,0
-1.0284213591915474,1.5259175468407724,1
3.3497652576720691,1.5868971072883482,1
-1.0607578688656409,-1.6353287147601769,0
-6.7422950825207035,-0.94340731070575456,0
-3.5468614234672451,-2.8819607207408642,0
-3.4368550890029308,-2.2603428329638326,0
-1.1122132104733504,-3.2272043868801243,0
-1.7518288123609456,-2.4603295994765224,0
6.0298296850990498,-0.3149008174134118,1
-6.9349188175461567,-4.1513885859860187,0
5.6214904369979406,2.6483295648560667,1
-3.0444507534535541,-6.5770295368284728,0
-7.8117035918425195,-5.144292680724873,0
4.0898710935656011,1.7273872627570539,1
-2.6375043301860779,-1.8859438726768984,0
1.9062395303910873,3.7681956120215117,1
0.27904971734992534,2.3597758794846673,1
0.49576251664182491,2.9433647241331755,1
-2.9688864834323163,-0.49385738741391316,0
3.6712852571744552,1.6430687941785607,1
3.805606288055611,3.4062491726368558,1
0.29117666166283884,2.2059373367305675,1
5.5076176746850773,4.4158173254935864,1
2.8394422399854986,-0.16924963769304524,1
-5.9488309087721749,-4.3198941772652386,0
-4.5223891032268435,-1.9141277099090042,0
-3.3765759235591082,-5.9052333900499701,0
3.0944212185607234,5.428793358276125,1
-4.4142526502780211,-4.5123619325415509,0
-0.79163143037064199,0.10869325910390781,0
-3.4371643210321872,-1.73479283160982,0
6.4159318539008137,1.6085078208807659,1
4.4631346136010785,1.891426923893393,1
-1.2284545313459481,-5.7477582967236707,0
6.8457601319124892,4.6515763014123621,1
-3.7086547987599481,-6.2888961853357008,0
-3.9122696469722236,0.45672741846228204,0
4.7518869990224033,5.4379643212038573,1
-4.0198684259655542,-7.4569109711088206,0
-2.3237649058101653,-5.333677003692431,0
3.2845587028410153,2.9109488610014989,1
0.33829576472521783,3.9876122066293398,1
-0.23061688261824465,1.97331874581214,0
-3.0501359075667156,-2.7330225257976122,0
-3.1662467913596859,-3.4680188162215435,0
-3.1898643625849217,-7.3163159405584608,0
0.9535391011697425,1.3449965608140213,1
1.079612491135447,4.3765375566916305,1
5.4491268833751851,3.3995924905375832,1
4.3880397347090732,1.4831198416075266,1
2.6997815872861621,3.3778868008680636,1
4.0425686588782419,2.4409856083555961,1
3.1621730332127402,-0.67170944226159213,0
-3.2512135145475121,-1.6867485197279537,0
1.8491580192311785,3.8625268653395222,1
-2.3615144766100045,-0.55307728714930215,0
-1.3642170582924256,-2.4971294390472281,0
-3.0781857750383832,-2.7776150456101041,0
7.234920273216785,0.83930897317016662,1
0.27455182977752823,-5.514081201842056,0
1.0407427737307799,1.4072892521018656,1
6.5831727665646262,2.3689972105490043,1
3.6137574567924085,-1.9712799376785783,1
-6.8945582815792275,-0.29193675948804332,0
-3.682843812677377,-3.2564578091196466,0
5.7309609709608855,9.2823642782879077,1
-4.7234615556055095,-1.7159423196481223,0
-0.81554811482275902,-4.8987422224716095,0
-5.6851037707202767,-5.4815186397499769,0
-6.8159467959872337,-2.0392200517420331,0
2.4947448001903325,3.8715419892006402,1
2.0176484018142173,4.2947496929258069,1
-5.6382404629639638,0.48744524280642887,0
-3.8916401394806348,-0.20424219489131312,0
-2.5587931113349867,-1.1983371097290407,0
2.7381091185001432,0.084406161795077761,1
2.9425007567848773,2.890156469420043,1
-5.0145720490876968,-1.4828552389415062,0
-4.3450080259308557,-1.4539847342363645,0
-4.6736342303387444,-3.0030660908444524,0
0.62613927271338587,4.2916811385192721,1
-3.159488878245047,-3.1782393347632718,0
-5.8194356114415537,-3.75600453346122,0
1.0604445968145326,4.4753916422922186,1
-2.7107615130177511,-0.16532892046265424,0
0.15642222039282139,-3.1517945777806498,0
0.083402461723940835,-0.84740807273622076,0
5.5068612471678788,-0.34785528117954012,1
8.8793988722903201,5.0304512055809445,1
-3.4906410175908853,-3.480240889262872,0
-0.64990755386864762,3.6606339302404201,1
-3.5592133998659845,-3.5023812322475343,0
-2.8993640226924184,-1.6111121909582762,0
0.65675566279523689,5.928116582678701,1
-4.2079622925412359,-4.0273770912327018,0
1.1555605160975402,-1.2977124130676392,0
-4.9975197296380287,-2.3077462885638624,0
2.1603611495907096,-0.19790041243153889,1
-1.3587582547516976,-5.7879109219937721,0
1.0662079812229923,1.3183075849959114,1
-1.185408139517913,-1.7162546842086952,0
-1.0135786312068378,7.2819396099750833,1
3.7034967497991214,3.2803526836063055,1
2.7781193633040413,5.8244537495105639,1
-2.2058118546850509,-3.4898999420660495,0
1.8033552192836817,1.6397968711500202,1
1.5146134221482979,6.4649493135824336,1
8.233582702447336,3.9715291059214923,1
-0.68892818937875644,-0.61603561964418807,0
2.1445386860920297,4.077933234327018,1
-0.30986931291055786,-5.9517140359568712,0
-3.7419651837670802,-1.8579456356300066,0
3.4286210217586652,4.5179077253290982,1
-0.87600806645499629,3.6333589928927448,1
0.69225426021728342,2.6108455847509968,1
3.234057392675993,2.2333821253947121,1
0.16085259457730139,3.7754852729121939,1
-0.80089901543511788,-3.0820809685541559,0
5.2641396247227679,0.67226184172185599,1
3.3087062301520689,4.6558333126526357,1
1.9001621566656002,2.7462012194753229,1
-6.75264154053826,-1.929802120497385,0
5.0036742533524556,-0.91592902683996691,1
-1.5115906109757291,-5.1242467209944964,0
-0.015503068183846835,1.2082970899989558,1
1.7493111687624141,3.9811950244457894,1
4.667329832929922,-2.9886781812078453,1
2.9979808354476285,-0.41309948059700519,1
-0.43705598262295275,6.0830477306196222,1
-4.1627482197424373,-4.1052774222085286,0
1.8136356700997005,3.766258966287114,1
4.3272006079013732,0.97717746745219802,1
6.1681525534252977,2.2734478217721845,1
-0.22767334749714241,3.8414336547420338,1
3.7690892087570389,-0.55559120999593192,1
-1.9516364688919603,1.4676209921249672,0
-6.7656425807590574,-6.0249234342558573,0
3.6173649642413745,5.0519894865993251,1
-3.7953356519018646,-5.1806374235531569,0
-1.5321810566385659,-0.76221566890480075,0
-3.7713247888690602,-0.22670321291815831,0
1.885342038165295,2.3542465203550256,1
-2.5259197634800477,-6.4487109940193541,0
2.8967255593207657,5.0892981248614317,1
8.381302310988163,5.447231018095577,1
2.2097237345882519,4.0992922517806711,1
1.9779141144077008,0.08755114397393049,1
7.7565337724661143,1.7822469110246728,1
-4.4930910645761619,-3.8292859209329184,0
0.86234644693575957,0.26745825206982321,1
-5.4752631298552501,-2.8670228993821447,0
-2.1652677162174037,-1.1334009380006449,0
-4.1721966004507092,-0.54290533657917983,0
-0.82402434704933869,-3.4726331304773366,0
0.67338376606674011,5.1466045435789649,1
-2.2469679835434477,-2.8613881383386794,0
1.4673939893342822,0.67502299997415127,1
5.0620737340485586,2.1648486961863744,1
0.21197443213736777,-1.4619960500208924,1
3.9442606354604286,-0.27919234626015133,1
2.3105434182696318,3.4100151534979704,1
-0.62482102454632082,-1.0992853508858138,0
-2.2323473115408246,-0.59022871411171129,0
-3.0916449435101452,-4.2421891442964412,0
-3.7947068901201408,-1.3799284151002595,0
-2.1361275062863099,-3.8163314226059599,0
-2.714447599824644,-1.6237136259391176,0
5.1319636743158696,-0.86070074329716828,1
-4.0847316296766589,-0.89400980103781791,0
-3.3032500378875325,-1.1179145755922677,0
-4.4633353807839411,-0.63866381179305298,0
-1.8529737059604408,-2.1184327538757626,0
-4.2080493105315551,-1.4739437942677802,0
-2.1438058244335267,-2.913800900822106,0
-4.4151429471063075,-2.399293857271648,0
-4.6542294880699639,-4.4205151669907012,0
1.7656893962365283,3.5436789279997432,1
2.9584091230083835,4.6100704198117803,1
-0.32505900554483436,-5.4045640339333456,0
-3.9682565937852763,-3.1502540040853413,0
-4.1493287980907514,-3.1091087426225443,0
1.6298351312105537,3.3823028879334491,1
-2.2454959654163158,-5.4242995334301067,0
-4.9719552249405758,-6.1226031528137348,0
-3.0276557683881262,-3.4707817027579844,0
-3.9445439659007793,-2.0974136348896488,0
-3.4269408457474144,-3.5802200126329033,0
-2.5107277400197736,-3.6917463388854181,0
0.28449417777667874,2.1709137746828993,1
-1.9138408854946645,-0.45418404991660744,0
-4.7116167069179022,-0.66159761176404297,0
7.1990019678695738,5.4314562768493388,1
2.5862155550975094,2.0746508831514774,1
4.4780616529236825,2.1813750610782368,1
0.63718864445340939,5.0957073743960093,1
3.3063695941734323,4.2890112226730333,1
-1.2419700257723987,-3.684769358896768,0
1.7575388389521327,6.9850708556603838,1
2.0651354482815516,4.727629824659541,1
5.5033946502384232,-0.26926568649893445,1
-1.2251488580758323,-5.2221303690442182,0
-0.7599454696553738,4.3365554579176013,1
-2.1967798237986487,-1.4513657838339693,0
8.7926365444224004,-0.69002271627393341,1
-4.6306739353376267,-1.5675262157961707,0
-3.1096941860661311,-2.6116517133246249,0
3.0332912215875818,2.5018164677349923,1
-2.8691386548856128,2.3957796574688683,1
-3.2948351072235278,-1.4996534295803157,0
-2.1002467987023268,-6.533022198418017,0
3.5027130021773134,6.4967364284926621,1
4.1814800012739699,4.9645452287845782,1
0.72457115403504879,3.2961545811455077,1
-0.97075745894028564,-7.5581972931759012,0
5.0461957503463175,7.6665248622881732,1
-4.3765657384450831,-4.9609757798268399,0
-6.650419725352485,-0.34032597514578544,0
-5.8840309057888174,0.99742271128367976,0
-3.3457599110227427,-1.4178019258450316,0
3.7814273891294614,1.9884806891231341,1
2.1095057429914457,0.089603295377277625,1
-1.7155482114540181,-2.5301155754001452,0
0.68233387694833203,-0.15488168712755046,1
0.65942223598840766,2.4963583090492474,1
-3.6755275526420554,-2.4963887342395497,0
4.454651900406307,5.7775133481500633,1
-3.0587197321831541,-3.1344602129536305,0
-3.9497008890261278,-1.0294867554081915,0
5.6900593956248002,0.26216729863647847,1
-0.21545790245794461,-4.9709458240065594,0
7.5320875792443305,1.3791697521536903,1
-4.0884311561428701,-2.7894649063792709,0
-3.7466147580853031,-0.056677059153268594,0
2.9461310032940431,3.9011559037922212,1
-1.8465707640812425,-3.4945920080749278,0
-2.1622475295630719,-2.7409081785362837,0
2.3082006776083808,3.5945144811325034,1
-4.5134809002603653,-3.1828076453569984,0
-5.1435092223985706,-0.60732759839591033,0
-1.6423976717579762,-3.8942418737369215,0
0.73888965094440318,6.1632282045196423,1
1.5812024293159122,0.36869225767578673,1
4.2530702580955282,0.20567477859572403,1
1.7956465081411994,-2.0666820489465483,1
-6.1327089496306275,-4.7602256511517149,0
2.7097682890469956,3.2083966059396305,1
-1.1096680119085951,-3.5293089346723296,0
-7.9991579011560994,-1.6305186107772891,0
1.3195009390266748,1.3146688451168558,0
-3.9027146058718136,-1.5298509622808807,0
-3.064012324966114,-5.0782789986521086,0
2.5726827114221744,0.9782136978671363,1
-2.0130210708865306,-6.9473518803551872,0
4.9645629727901737,-1.5353611994196052,1
4.8325501306453189,-1.9923275703156813,1
3.5889786613324652,-0.73715453039314616,1
-1.0323398387879914,-2.3611235468516947,0
2.7419512469584051,6.6712330177227885,1
-2.9382444617483299,-3.4933379567695049,0
6.0741948266834651,2.1872450741492973,1
-3.1824397469756391,-0.89854330791142889,0
3.8625132230523835,5.2087479232324547,1
2.5761554188137277,3.3793718665754149,1
3.4284600624854082,4.529915593117364,1
-7.1796641150250391,-6.7344228285320469,0
0.58117778082917049,2.9439649397366257,1
3.2411366064475753,4.4385313916738163,1
6.6936445188355638,2.4363328649024609,1
2.7386566088308393,2.2204346201985681,1
3.2423264727926204,4.1984820002536871,1
-2.3960046162725868,-5.5637391766818025,0
2.8579402164598546,5.864114301221905,1
3.6115627887914936,4.4799444039079113,1
2.2059032820463571,-4.4832423811967494,0
-1.2392934200792007,-1.7084598415558296,0
1.7479920091109931,4.0577187796837517,1
3.3466562216508464,2.7741300660471824,1
-0.24755699469648818,0.20531243743584993,0
-0.46844059380347636,0.5000306302772195,1
-1.3779023082240489,-1.3579409622478884,0
-0.29859860307522146,0.11686946138053234,0
4.3633918047626485,4.1640304370495649,1
5.0350572554099031,6.9123969567300501,1
-1.3116364190968499,1.7488352238903557,0
-4.3549172994675587,-1.4922867415195085,0
7.0016911487819149,7.4277018963650496,1
-2.501967524832545,-7.2652328160033335,0
-6.0499039125398122,-7.5107374690091078,0
0.6544377240404935,2.324885490661925,1
-4.9350029084999463,-4.247649457497463,0
-4.368758441561849,-0.26825997753062136,0
0.16838946641989772,2.7889680611568912,1
-3.3948984448877999,-4.8512743409060306,0
-2.8287782287427721,-1.6789302027229864,0
4.3461172809398469,2.8031744886975565,1
-1.6140742920803934,-1.7871658589838531,0
2.1405969492438413,3.277435220664632,1
-4.6051189804510759,-3.0903860456205412,0
-1.0050483670133454,2.9309015826356757,1
3.9474206409314569,8.5753325042811994,1
5.3063943263542503,5.4531404320120371,1
2.0257070657747884,2.856144727178223,1
3.4773717390560401,1.2020724984044815,1
-0.088500930857683624,5.2592841860781316,1
-6.3403011761868555,-2.2072467594707539,0
0.91334543949686342,6.1087468804033911,1
-1.3174843249776158,3.4083601531079211,1
-1.6290885485031499,-2.1595281348475877,0
6.9279804223631878,4.3210323354723963,1
-2.9006252355214421,0.62735432963751769,0
-5.8373580735106163,-3.2931138425859232,0
-2.5151235398324738,-4.8010625196467149,0
1.1557139539563874,2.0196257998615739,1
8.1014123201066788,5.6302162157615188,1
-3.5959013476895594,-1.5613702321652445,0
1.4083955631135194,0.5464218818156299,1
-3.9056003751115806,-5.8955102959084735,0
-1.265818447694167,-4.1835677604121502,0
-2.9931289538119352,-3.6158138696554278,0
1.2131075727626675,-0.64204154130742541,0
-2.4574692821510182,2.1405115250268425,0
-1.2046418295312946,-2.3711763624869344,0
-1.1973350401439113,-1.5401028365471752,0
-4.6037512130318738,-2.724397785100519,0
-0.087844209950046714,6.1683437768746092,1
-5.0596275250627256,-2.8338582139178485,0
7.0236465063646749,3.0926630249012401,1
2.9359591643697724,6.7647776947572682,1
4.6565543345669909,-1.8947680515581835,1
1.1643613615908093,5.6814754458513796,1
6.8592377188655282,3.6046314606309346,1
4.0894145470408141,4.3048217567957625,1
-3.2844922191882651,-2.795079926278246,0
5.8563418328586874,5.7915539406331682,1
-2.0290856455854911,0.22123627447196181,0
-4.366228139328447,3.3371099534896116,0
-4.2287260510920994,-0.1277418133711743,0
5.7632705947189162,0.8998868947755545,1
-2.5485155102800783,-3.0868377861246916,0
1.166402718603389,-3.1536347190580485,0
-4.0102926226030746,-4.0858206637524814,0
-4.2629657776617034,-4.8054489895947885,0
7.9186536519773254,3.0541360843939231,1
-8.1511584155029553,-4.5008930096232156,0
3.3187555066242882,3.0539533881120606,1
-1.8630066717781562,-3.3765413661136643,0
4.4840438094612889,0.31470769909778218,1
5.9939691478564452,5.3858325105804719,1
6.3804830311692848,1.5498863508437501,1
1.3489218403396368,-0.22352765738038594,0
3.3711957675174786,4.8453423571850021,1
-7.4972670361089087,0.62588120801863711,0
-2.6227559800297575,-3.3172006039458504,0
2.3348528712915564,3.1592462072490388,1
-4.4099162241979073,-1.3384624808445289,0
-3.3317975017825257,-3.7917024267669373,0
-1.1482518598695732,-0.31217468503532375,0
-5.9035926404714019,-5.4655689598952648,0
0.30719977009091348,-4.9112282029199301,0
2.7378880980043983,1.9108298229749749,1
0.93790078909193531,-0.19513164932144544,1
2.9057400038888668,2.760256410042023,1
1.152257395079582,-1.5930894110499325,0
3.8040158876872305,2.8310314623318944,1
5.5298676692747826,-1.4192109994320505,1
4.2661974925092121,0.47447901717034258,1
-3.7217595115016091,-5.8567408208961549,0
-4.056738170560668,-1.6889099807535803,0
-0.51004628924344964,-3.7076906917954586,0
5.9834610979030867,2.9487163114188997,1
4.7745328780173804,2.1403995811639214,1
-6.1861167447447727,1.2090363020435229,0
5.2042479879042922,0.26056515784975698,1
2.5811849383641858,7.516300660525828,1
7.4585663444727457,2.5636316952962219,1
-5.2882214753449865,-4.1140408394868224,0
2.1968779921417383,2.1422621505894295,1
-1.2748609334715679,7.643804183824658,1
-4.6519194792516787,-4.7041500850792985,0
-1.1951449856522207,-2.7820842222067164,0
4.2590179888800108,5.8463286336030702,1
-0.57662539079617803,-5.6395623994872075,0
-2.4754255151747699,-1.8223146408861024,0
-3.9808812133000195,-2.5853615295037229,0
-6.9583910508477391,-1.5621936250448443,0
-0.31731615412846326,5.0995002166859722,1
7.4491846411711595,2.461866361844459,1
6.2188779163222261,4.3727422512086704,1
-0.37068757939250174,0.3353769438998655,0
2.1674506228322521,0.3833411860826379,1
-3.6396276778062298,-4.6779924323641824,0
-0.77943009554289011,1.6483649671905674,1
-4.1467345533697948,-2.9524462138803496,0
-0.25804636874934728,-4.0015870695848736,0
-3.5529388966132593,-2.7232711994108016,0
2.1631794467466676,2.0665168567973264,1
7.0532387129282199,2.2984259590257361,1
-4.1353463626884643,0.32498385718957445,0
-4.3274441411896882,-4.1956277140632166,0
-2.7486326690947021,-2.4918791754065395,0
-7.1574745947858496,-0.85603672605401115,0
-2.6162215549914238,-5.617087440050275,0
6.6131053053540825,6.1156144180070537,1
3.1437556276276863,-1.1154083732804425,1
1.0512545421759538,1.7397512257208492,1
3.0503127165755131,3.509834646584463,1
-4.4767115242273166,0.84374399082515916,0
5.386728062059678,1.4380647958943253,1
-1.4470069751869881,-1.8860857563417126,0
3.1495874544057725,4.1107005521627569,1
3.0703161193526523,2.2775486407234684,1
3.5962233311137783,3.0960831647474212,1
3.352157692968043,-0.41627159610097575,1
0.45966858342906347,2.0112546677437675,1
5.17188624016873,3.3744141021378873,1
-3.0645063048669998,-4.0587120520421873,0
-1.2514999572136452,4.8865958104390854,1
-1.7648334703851867,-3.9987823944834604,0
2.4483313206234092,2.2705797225228035,1
2.4002023370677761,-0.11683935634655018,1
-3.25872618831951,-2.9706164973601719,0
-0.54190562671978526,-7.0599852724669585,0
-5.2375543624773577,-5.9548944263429373,0
3.1857980568092539,4.9938019632261827,1
5.663894662334453,6.2825399323718116,1
3.0833911312759659,1.2360726991028281,1
2.9033819005724331,3.7299529946532592,1
-4.1674945753451409,-5.1788223346560009,0
3.8704168550655549,4.4967468084196636,1
0.43753248885239415,4.6104935405726062,1
-0.031561928290750441,1.0017602037023123,1
-2.8759498188056218,-0.75513285862386548,0
3.1701538058893997,-2.2520041500004178,1
4.2706540021049655,3.7799195065302564,1
3.8824017938077162,5.0130156668289123,1
3.6925169653485295,2.624282993413348,1
1.3964714453841474,-0.32292071211488649,1
-4.467463844917158,-0.47553660728165115,0
5.8319717792670556,2.1320943869283528,1
-5.3907233926409184,-4.483152850404732,0
1.3043220030349691,3.6211758454579681,1
-3.6719825049156407,-0.137991770217329,0
-5.9020193975138291,-7.5423526102141443,0
-3.5713258174233786,-2.8818695751984387,0
5.3968154898679686,1.9826164856035073,1
0.22431109940596228,7.3023937210956804,1
2.9101365223923534,6.0018888007400957,1
-3.0129782500397502,4.8201393288512753,0
5.2990178531526606,3.5948833308550974,1
-7.4553163173211718,-3.844991141564893,0
2.1002925442978775,5.7316351094986091,1
-1.4191539156477631,-4.1700369653196487,0
1.3078586516033122,4.8779136587261114,1
5.7851116528750861,5.4851952790437686,1
-1.5788768175965464,1.3741657001929246,0
-4.0245504470394593,-1.0380865684974512,0
4.9095592429366128,1.2626582719981114,1
-0.64301013744610858,-1.3480503828877388,0
-7.9322115328733949,-6.4503964753777474,0
-1.8700071935532061,-1.0845201560583386,0
3.1522363060383478,6.291496599033584,1
-3.5104575512621503,-2.1656132875482772,0
-0.27935676809989651,-2.0126985956543946,0
-1.2612944088144322,-2.5948028431043673,0
-0.59670669112553743,5.5283911516808875,1
-0.035604523652015718,3.2101285910695943,1
-0.077041681409189433,-1.4825377912987636,0
-0.20165272482838059,1.0970344698486807,1
2.1524201924731532,3.088729497282058,1
4.7094848860302605,2.2134697303900479,1
3.6980583624733665,3.4003844628644764,1
-0.26306063792475554,2.9987565492111647,0
-6.5680487456934209,-2.4309461545002629,0
-4.5550224844392755,-1.5133549669817714,0
4.3155874264718976,2.7939062242216908,1
1.7944776060641363,1.9711945349728961,1
1.5855830371950903,-0.76386166490556473,0
3.5815555360236768,2.1245294926940503,1
-0.44265643760222506,-1.6228290293179104,0
0.96525166306090249,3.4215594816998234,1
5.7631722065075053,2.9389407824153815,1
1.2317866569979561,-2.5303269808694147,0
4.6268895402783317,2.4707864214532096,1
1.6450841068086695,-0.82068536978846529,1
0.18207594633769997,0.15983978757346717,0
2.7386907393183955,2.8664021182341024,1
-2.9562476840630376,-1.6832136253421219,0
-5.1625153214187165,-7.0422091188338971,0
-2.2534082748611666,-1.9336516580024805,0
2.9199956056408269,0.62824448995559612,1
5.4966439058107142,3.9225027529720915,1
0.85152488647245139,2.8200858697021762,1
-5.0773706991272842,-2.5252907683109056,0
4.0082791305212915,3.9947849347814905,1
4.4883577794557867,1.3882698188058435,1
5.1025624860027428,4.8525167866517229,1
-4.5382826338891284,1.4132223543880906,0
2.5374175917193758,3.7831568465998626,1
4.2511345056046022,2.6500695435941259,1
-5.9270732610211319,-3.5015597984828961,0
-0.97747379193656814,-2.6260085456873616,0
0.64863663442698138,-1.2737470425249779,0
-1.7830277263374299,-3.4669313793519905,0
-2.2337654824225108,-4.0232795066688523,0
0.9998922245659756,-2.2312716522195446,0
-2.9722160923660761,-2.4959140964584159,0
6.5582132894213689,6.8284389334472788,1
2.6589204233649926,0.3592908783663411,1
-4.1905796294528859,-1.6906220231041762,0
-6.0919447820129431,-1.5693935518718722,0
-3.6188480024327832,0.94031020244299457,0
0.038380528703337191,3.7697310634014443,1
2.7373715867884085,6.4166253597509906,1
1.1500544858530901,-1.5020235112341815,1
3.1883372379167052,3.4728227495438309,1
-4.9945943467696718,-1.7906910397851055,0
1.6788719303926538,3.2158423605099542,1
-2.189971789687386,-7.70017313918793,0
5.6532074331982187,2.8986443438123537,1
1.2805798442827772,3.0406314911395045,1
0.2783150610481977,4.35925782556287,1
-1.9908600809405828,-1.7219310874184504,0
5.9098717859543362,5.1789467805841811,1
1.9636342605436981,4.213132824176717,1
-5.5587181068841014,-3.3027193169191413,0
3.0795716041478034,0.44312165348878274,1
-4.6995545576387174,-4.7214682628600144,0
-7.0178324408199222,-4.0555179667848718,0
0.49776000924456554,3.3794426774391941,1
2.2227589450898582,-0.013778289125275567,1
-4.1562911761019095,-1.102414072825858,0
2.6683411536333006,4.7851625165297733,1
-1.0986694451821197,-4.3543058910008705,0
1.0874724815352754,2.1041535192690715,1
2.4300447991518004,-0.61942018482252026,0
3.987547207780036,5.3373400640729773,1
-6.6513679774643393,-4.9442560429479094,0
6.5415184510694893,0.057010194046879903,1
-3.9562101582796529,-0.23276637971199943,0
2.16402193918251,4.8363142552020335,1
1.8670642323420679,3.9891326105306404,1
3.2748249180833398,4.2675869921780674,1
4.0313591688591295,2.0774160476482231,1
-1.5152401041894417,-2.6698832841017275,0
4.8423126563070884,0.74219982560091102,1
4.0504565960630687,4.3809330772611217,1
-3.8288169974341457,-0.7689236822581611,0
3.3870768413653058,3.4371891024413301,1
3.791656002066039,6.3226745674916405,1
-1.492623560438062,-1.4632143423318811,0
-3.7248741213020611,1.0157538466853309,0
-2.5328797055416037,-3.4724332228203862,0
-9.1840202366283314,-3.787560719980104,0
-3.9473055653050664,-0.54950809690174296,0
0.42669162559245644,5.900641152910409,1
4.2106321401068278,1.9637323309303238,1
-5.8569797055436972,-1.5903570528452524,0
-6.1052635125171228,-1.9867477500547748,0
1.3942675958171435,1.6024430351725014,1
-0.9513493933959678,-1.1664532431023387,0
3.2964626160442565,3.7448607849294064,1
-1.9771167360125266,-4.2903836621844054,0
2.845951795478225,0.68103292251428549,1
-0.78563912902572985,-5.8896358602681911,0
-5.0588628249252068,-3.5317797603092767,0
0.51444584796049098,2.951054067959813,1
2.997110373487208,3.1764012833428796,1
-4.3592334760026707,-2.620085463758417,0
4.2334672115413081,3.2428890192381918,1
2.9098480539442679,6.3755963034461223,1
-4.5545229120001443,-0.43272212191581261,0
-3.7819181169500515,-3.4535359344259873,0
-0.78577819068220256,0.65208578740217504,0
2.7584712964626825,3.0551811653665557,1
-2.2377709077400922,-3.8628378138194344,0
-4.2131128723833235,-4.8638293781540689,0
-4.7093955391611653,-1.8305225474528168,0
0.91109570349253355,-2.152413155495684,1
3.8981369422948466,-2.4214344370600029,1
-2.7533765275630753,-3.8268439178202684,0
-3.12791065466936,1.1637041184194157,0
-4.543348943049744,0.89009854152023449,0
-0.66837831181146923,5.1120131790176355,1
-0.27178498067124091,-0.13456971176089327,1
2.8552433323919755,1.9536254169604168,1
-2.9231647122224262,-0.52128941127039807,0
0.3892490077731896,4.5337551188659617,1
-3.0650488634359867,-2.8701844231351052,0
-0.041050220495866707,5.7486356786016195,1
-7.729536634074563,0.58903407944162334,0
3.4142618495000367,2.5341823360956099,1
5.2285016975207288,2.719981126737987,1
5.1356767331316853,4.0431282108370095,1
-0.80732765966463171,-1.269779708897999,0
0.50494205044109286,2.7658886219728718,1
-2.5146730213595521,-2.1512095058334495,0
-5.5248924284443515,-5.0086697232879995,0
0.55848638967350528,0.60424857766862594,1
1.249630914733882,3.9549503950176308,1
5.0824488165862789,6.0039126634978253,1
1.0680525254224165,-2.1503683778784408,0
-5.6374924736390835,-4.7899517728686929,0
-6.4143348542007494,-2.269704284775063,0
-6.1222247571722015,-3.9344585103016834,0
-5.8426639871055555,-4.1594319828843487,0
-3.6005861372772738,-2.0765159692081037,0
-0.33514334573325577,0.21552644400858334,1
-1.9891780526490084,-3.9281812534195266,0
-2.2801873115229743,-1.7828925811043721,0
1.829094255551504,-0.53520317386497762,0
5.3260766419137049,-0.46450476387928274,1
-1.4947594222914162,-2.0139834958428349,0
4.9442450338620647,1.9922124905981913,1
1.486114300964898,3.1717612294830282,1
-3.9420602028843925,-3.9825039931590287,0
5.6689079054541764,3.5290135992659275,1
-0.22073483505121816,-4.7355653287472439,0
-1.3563535200155297,-0.96785105073571964,0
-6.0462402904860522,-1.1261328380204403,0
0.70115970887960799,6.3167769138640111,1
-5.3325661048655846,-3.5089564997440954,0
-1.8766782542687523,-5.2130017106950444,0
0.95031752118617119,1.4662283497359356,1
-0.3155275270790221,-3.9727182627117839,0
-2.020289622827379,-4.6543545009037652,0
-4.6364403695829459,-5.007167086718523,0
-2.2712658638511143,-5.4868527696102376,0
-8.0161872997568757,-4.0749138005803305,0
-0.96140996350260899,-2.0072764430787893,0
-0.72479278779587286,6.7429828769078428,1
-0.85405161986316713,-3.4503959512273346,0
-4.7436831083327986,-3.6044500166728208,0
5.870260894387842,4.3025566391573111,1
-1.3314332815496828,1.8938954493671138,0
0.61806935897231607,-1.1527386095250138,1
1.0293045940618208,-1.3969671429848778,0
0.92246640415419812,1.6410348338155223,1
2.9738536775306317,7.0009134509994633,1
-1.1377761767161616,-5.8756511625075092,0
-3.3895928613153687,-0.21699874532126096,0
4.8186402131602115,3.4626408293419297,1
-4.6570855019180257,-2.900358505447111,0
5.8925672538388465,3.4828953568023189,1
-1.0370093355656838,-4.3954709130777463,0
-9.3041273047143687,-2.6973904197811236,0
3.8316180804770417,7.5577589721217677,1
-5.6221111810396964,-1.3679511244266147,0
4.8466073994999483,1.2196690735238216,1
-1.4565224063313518,-7.3584946663001922,0
2.2008005035547775,3.801403452121205,1
2.564797408709846,1.9271772458313698,1
1.1915573370017991,3.905277694353039,1
-1.2099886016796639,-3.5709497432255972,0
-5.5942158947756475,-2.8909128006709772,0
7.6668477107104236,1.5763956030336168,1
-7.2362183551828139,-3.4348791142203621,0
-5.9463961809993675,-5.146613338415956,0
-3.8636437117740892,-7.3828589562828313,0
-3.6582170283283517,-4.4553136671696905,0
3.073853923332118,3.8696247402067443,1
-1.7429747106856981,-2.5445210944368784,0
3.915735741392675,3.8019252443204419,1
-1.7411326757717593,-3.0396728473414565,0
3.0007528817357279,1.3220939326091887,1
-3.8197957960949545,-2.0313647717778558,0
-5.7335991846143202,-2.2198891855371063,0
-4.4564251192008673,-6.1563588206047868,0
-4.505021860681631,-2.4796961741849799,0
1.4467521854153451,4.9735204256615191,1
-1.8391097642619041,-4.5020952599466195,0
1.8072018766343567,1.5568214890922043,1
-5.3809258463492302,-3.9549575691103867,0
2.195237033313961,7.4499790550198997,1
-6.8373293215435273,-1.9656969278860712,0
-3.1497850905195537,-4.4743138097178248,0
3.299945488219354,-0.027965565534771475,1
2.8033139172182659,3.6589171337611615,1
8.2717983831443309,1.1542160949273939,1
1.6814424412856241,3.4107594420690934,1
1.2516163024726841,1.7402528982803394,1
1.7059512134469537,6.6095701300572598,1
5.7537458882372352,1.828569569218085,1
0.16212270202159607,4.1278236668995572,1
-2.6416724926320576,-1.7829005532248001,0
4.0300451581771712,3.2953712891028513,1
5.3350099281260652,2.2640596516733327,1
2.3480511092631113,5.3676635597647806,1
-2.3078274490180437,-4.0727007427498672,0
4.0987292907182091,2.4747599153950111,1
-9.54913912915009,-6.189009879250043,0
1.615391778723152,0.26638368923758593,1
2.2754638870270263,1.9938000235310029,1
-3.1611236072625899,-4.2878275470673426,0
-1.9531872147890512,-1.8221383015479529,0
5.9376499989823444,3.4742561736072202,1
-3.4044776273059769,0.28579948863141702,0
1.7864208076165877,0.39228703290696165,1
1.518642279468035,0.21044423841324322,1
0.13157885298525729,4.5959683076465323,1
4.5548264659767739,2.7510309940631137,1
2.5110771020113796,5.0251323725861416,1
-3.6187015870680379,-2.1696826692419968,0
0.68610610825885843,5.0600738089038142,1
2.4923787051310446,6.1720098065172007,1
0.17954032575642431,-2.6835284139896189,0
-4.4685250337221687,4.0325103865021239,0
3.5430883240174946,0.88166762788301778,1
-0.39256817877744066,5.2577679586441048,1
-1.789976389287645,-3.7532699220308232,0
-4.1900630676014261,-4.5626155239170334,0
-4.2587252848995707,-2.5577435248500935,0
-0.82025996730137196,-5.1374178249701696,0
-6.370965126698974,-0.43865749611747562,0
0.18594225156962008,-7.6545866736080628,0
1.0741412641791985,-5.9525734085457103,0
3.0956079245976929,0.92735292928928814,1
-6.1990790824213562,-3.8108572576066528,0
2.65430973181271,5.1330046171504753,1
2.3001866320938129,2.6459580818250386,1
3.8163880448622205,7.0524187103043499,1
-5.6348541872241817,-3.2989286091291898,0
-2.2964922388176117,-6.2515693580583864,0
-4.338202989267856,-2.8221382613555264,0
4.1211944186649925,0.93543947938291927,1
3.0029013524802495,1.6491163603653241,1
-3.1410241920688335,-6.0133802003791104,0
-2.5977362712847651,-0.73203966438620149,0
0.028516766444111052,1.4110925151831915,1
-1.963897007771515,-6.0647142093826911,0
-2.5361256491348598,1.6354387843678868,0
1.9541259452173285,0.69574295490267657,1
5.3277099739126061,1.8109989381295766,1
-2.3866195568810964,-2.4649047108275335,0
0.91873437683606074,0.90014906140417139,1
6.2491545304997871,3.9815707397959552,1
1.9899937297796735,2.3779710049939098,1
3.7059390738681093,5.0652287436042851,1
4.9318307788455922,0.95348646629890599,1
0.16909530233069647,2.561282637086749,1
0.1304094272168479,2.892838228637447,1
2.5633274553663936,7.0651239344645305,1
-5.1860616570599438,-3.4395916207244777,0
-4.2387517572390667,-7.010943704730793,0
1.221928092149104,7.1348133948056969,1
-1.4117412054529563,-4.9582551541556317,0
-1.6328472339017504,-0.73626105686477672,0
-3.5277949098782302,-1.709218646241871,0
8.0378893741860598,-0.35415578165481687,1
4.3073502695790866,6.4195098073928563,1
4.0209000881483661,3.0503593681457009,1
1.1492742061096621,4.8105570324808422,1
-0.2431688361778912,-4.0836110425599745,0
-0.67165728717722839,-2.8458465798697095,0
0.52783896155519328,-2.8981265146901296,0
3.8405089166071171,3.2774424080129516,1
0.57013281782047853,-1.0305616881593547,0
-1.8650638748926927,-5.2340848279063144,0
-2.9919422600234853,4.0551232817452609,1
-6.7344650523885132,-0.18781918101885386,0
-5.602602294508646,-3.5363659319946388,0
0.085409718824663194,4.0776482089358748,1
-0.39056972278530955,-4.4557157715329989,0
-7.0073203182676389,-1.7219893232235515,0
1.3535384582862271,-0.26998367202898788,0
-3.9796721023830157,-0.47582471306121743,0
3.3389037453416126,0.13292640674423506,1
5.9120030559867853,6.1384437527681905,1
1.7854504826756847,1.8621591192764444,1
-5.382356885517833,-1.9374665139670855,0
6.5667097232647862,6.2540333113856867,1
4.7688443338594917,6.079915747634244,1
3.9181490175044025,7.778611775246512,1
-2.3493460070445082,-5.9852104350501305,0
-2.9391748048818851,3.3709250115893741,1
1.1391195365279314,-2.3100184171317313,0
6.1006192443931671,1.7956330853378772,1
3.2822452444748471,1.045575621714099,1
6.461891374696175,7.0078657585057114,1
5.3522697483519019,4.0650345997760491,1
1.8115140710443312,7.7878283529475185,1
0.68758211270727942,4.8220018822466741,1
-4.5181041428473714,1.6498703333743032,0
-3.3561621505100292,-1.5680250077234781,0
1.4454027333738284,-0.18261215514572937,1
-5.1447210743323932,-2.4586401480391529,0
6.4124062991312289,4.2155641688816345,1
-1.8447696660242825,-4.3247531875662002,0
-5.0205822329262393,2.2573597150572269,0
-3.3806198015224789,-7.0205305265631832,0
3.6374952520884172,1.8827474469801073,1
-4.6184222428764912,-0.99680237032733299,0
2.3687394026737865,5.8889123443510183,1
2.9589111162203734,0.7601257312096914,1
0.068475603973997767,4.1852764281553458,1
5.9812617924326474,-0.08902995548560888,1
0.42816349209341453,-2.4027723752349717,1
-0.32424168190362401,6.1220033940824319,1
3.4139699600255997,4.6543530824376482,1
-1.7480475141387013,-7.1082941504008081,0
1.3862409216683325,3.8095557238418256,1
2.655893251523993,2.5626878007052256,1
2.4739044608421361,2.3464503209064542,1
2.3317578347628483,2.2532319223712842,1
0.9060927031096293,3.7235747578545499,1
-4.4412511499939153,-0.89543701679169052,0
0.2544531399037151,-1.3052757242605957,0
3.9483139301538959,2.6967115403210284,1
-1.1485122683693132,-1.4399898814032692,0
-2.2046950859103149,-4.7761487036300316,0
-2.12886314319256,-1.533805524386177,0
-7.1234133446010537,-0.49968732429980323,0
3.6597769953550898,4.0286559002925113,1
5.5088301484583075,-0.38193879191578706,1
-5.0016951915501799,-1.0045050239272777,0
2.1597747472511539,-4.088534277524726,0
-2.6027327286719006,-3.5795735695928084,0
5.5579561523272023,1.5849406966589421,1
-4.070019820340562,-2.9295469145707869,0
-2.0698857900000691,2.1157961645448409,1
3.5198290075221546,2.7928480785799903,1
4.633450824934946,3.759818635342246,1
-5.0281246307762935,1.3649974459340717,0
0.23887475902215716,-7.336175545578425,0
-5.353571106895731,-1.4639999237209205,0
4.5166221284172972,5.5017714178536856,1
-5.1505024924329685,-4.266473341560177,0
-6.3820592958031943,0.52684305304263823,0
-3.589661491335673,-4.5596580998338414,0
1.6674851087283598,4.9760328588478231,1
1.3974375249793751,7.1231850801448457,1
-2.8357401784178622,-6.1407420431039377,0
-3.6049713021727481,-3.719876234788182,0
-2.2126014507010474,-2.414149980722748,0
0.55143790664220838,4.0603801371608279,1
8.4120060732045943,4.0943452280207335,1
3.701531598731278,2.4644288090194424,1
5.8989761255664614,3.2613110620809107,1
5.1251297316578261,0.13097499181423,1
2.0172402378960195,7.8275372984752876,1
-0.55736406607811517,2.7542676324211692,0
-4.2108818109154953,-0.63741909730873125,0
2.9278170785339017,2.2412427877305241,1
-3.9376287955765026,-4.9552104727638842,0
-5.3832862701140201,-3.7739506997461261,0
9.2064140241556487,5.3071890154349006,1
4.0984341439015548,2.5390553932106292,1
4.1661032913219351,2.2227116898550205,1
-6.4605523995090337,-3.1947098132720564,0
-1.2971990410782377,0.65810832847617862,0
3.046298937109603,3.9874572954103384,1
1.9633495271000305,1.3879478838110206,1
-1.5495605304818885,-1.6992470714995265,0
2.7912575998047582,5.8253674666811515,1
-5.7290773617281712,-1.0480281614713756,0
3.9803184372839553,2.886493689679432,1
-4.7900116111118853,-5.384827925092722,0
-0.84622181411125519,1.5512315600880024,1
-0.18370063508342938,1.1406178866469727,1
1.055288545725479,-2.7836565241704121,0
-4.9500972624206137,-5.4007084048997474,0
5.7301526502451887,2.3742958592446568,1
-5.3238086347025737,-2.4730346485191852,0
4.4595406736188696,5.349855312094089,1
-0.31459461776934328,0.87366155914643651,0
-7.0651612156803321,-4.7495469565800015,0
1.785016701165195,2.1127990683886448,1
-1.6512392106101919,-5.3585791437455974,0
-1.5078944931430036,-4.2351822679622781,0
0.11593708668350367,-6.0266051837071597,0
-4.2878284383756506,-4.8068177151574822,0
4.5099792854364269,5.5311335684650587,1
-0.25747440383893405,-0.33194615409967554,0
1.7259189645195339,4.7750115253207426,1
-0.22723520083775739,-2.1916335333749988,0
-2.4265025585873925,-4.0945513133265568,0
-1.1393024232484485,-2.3264726308752621,1
-7.3863134632415148,-3.964370414721619,0
-2.8608134514756851,-4.4797946106940634,0
-0.38623227663577309,-5.9486154773027344,0
1.9468223259183144,0.85302438260772417,1
-1.2108025074269095,-4.5293793895636796,0
-4.6975508401262429,-3.6925445644181987,0
3.7764007357238225,1.4764281402223884,1
2.7168902086792222,4.8539001036172831,1
-5.5069065212247743,-0.42654730801478768,0
-3.4710386766233858,-1.4875143942237556,0
0.6313099807052942,3.8220366797742584,1
3.6105344283398604,1.75883854140141,1
-2.3125307944318609,-2.7279508533598089,0
-1.5161484246730559,-0.47084214957482651,0
3.3605642145484738,3.3476527157607725,1
2.449094961428012,1.9293817252759951,1
2.7431371621500249,5.3227671638536673,1
-1.2024415944397402,-2.3147047960913101,0
-3.4567633122466508,-1.8446926313317642,0
-2.4677589635039929,-2.2220447688217497,0
-3.3835492675029206,-1.1950331159411165,0
2.2791956176619435,3.4492083968950924,1
2.5000343459596137,5.2967366923535479,1
2.7564336098274977,2.9869673258960847,1
3.7090850875643526,2.8880092248261384,1
-3.8289921794092452,-0.14857369806539511,0
3.7960488531426146,2.8279950855398508,1
-4.0646878443683097,-4.2105668469917461,0
-2.8726716686658724,-0.87602822651219636,0
-3.6647073205174587,-4.2574418748910938,0
4.9143440924778892,1.5348913476764745,1
-0.87652373455937393,-1.3714590093395365,0
-0.46632931732928062,-4.344984095922559,0
-7.0677798501746789,-3.4480018648152195,0
2.0661712906886409,4.7999718560750537,1
3.814128532057969,3.3383531099959733,1
5.358905764595816,1.4738610304977195,1
5.596305567963098,4.1565896884675366,1
3.2886681366025665,4.4031148676216034,1
-5.1315096861185001,-7.0592393372107312,0
6.0451083648827213,5.9560613494620096,1
-4.7455559132402367,-4.5677262568165649,0
-4.4301311547503008,-2.5273662197090143,0
1.4713883092483138,3.2316585561637576,1
7.7910356841399819,1.2286150208860778,1
1.926880939200333,2.6213289476177057,1
3.4118156847874839,2.725934309296286,1
4.436745472545236,2.7115254680019807,1
3.5601086432187019,1.366930015802065,1
-1.6945398284380857,-2.0672883904730273,0
0.60497731414955602,1.421645237986394,1
-0.095686961793893133,2.7995420193399423,1
0.15504820396858632,2.6699596689200309,1
-5.9615076904131739,0.16116365297812241,0
-2.3811449427618978,-4.7891111418999133,0
-0.08416725642621925,-0.88226258624704235,0
2.7514296973327279,0.18270525785024816,1
-3.3033038348767207,-3.9330795182876432,0
2.2721650323191405,2.0762353631672972,1
0.71899382597647987,0.95194214042051684,1
2.874917070790973,3.9149449149110467,1
-0.22128556852735404,3.1926794262780849,1
-5.0418755013512655,-3.1230461020451807,0
2.8567347457425889,0.8313123974764749,1
0.77186831936781575,2.5865361724552152,1
-6.3237580967427505,-5.374523777153124,0
1.6525449917087298,2.288506249166149,1
4.8672358552794019,1.7941377229180662,1
4.9607544655474642,1.9557532486430911,1
-5.8576383348476462,-1.7172301535419581,0
-5.6476587930005593,-0.95570646646868829,0
4.9430419399337975,0.62880804806812485,1
-4.2042801792502642,-3.1441481850878019,0
6.0868007158837525,7.3587062269376977,1
-4.7440853376663075,-2.8862569021997682,0
3.6938070098940479,1.0625423641354699,1
-2.2952208380062391,-0.36407037035856238,0
3.2146771527254465,1.7315594336469324,1
-0.65462829628839891,-2.9803641413093538,0
-3.58649275197347,-4.4128585311628976,0
-2.2358312621003145,1.3346552420282141,0
5.8261460216687748,1.5523767202701544,1
1.700242315098438,4.700532368254323,1
1.000654722062708,3.7009874095166313,1
1.1478158454589926,1.5127484270292033,1
-3.9913713024635591,-5.9698284211777661,0
0.5016259266925096,4.8322672339347736,1
0.58490368259646885,2.886820865022953,1
-3.8404984300782194,-1.5412195892484446,0
-1.9015212279837721,-0.94909897871788029,0
-2.2179739308288644,-4.902330368143252,0
8.5332425258775899,6.2212272883442301,1
-0.69798336140496753,-3.0802233095604588,0
6.4428926952204328,6.5752527820062472,1
-6.3259843159172977,-4.3355225702591866,0
1.7106255939282773,2.7459630678635962,1
-3.8800426543420463,0.38467926250662687,0
-0.66406580049291941,-3.9878114909895435,0
0.51887689196244402,2.3095410234797029,1
1.0465324398120404,4.7144589497114078,1
-1.6646555807891605,-4.8758003402976762,0
2.5424189077980657,2.609334435649008,1
3.6237638577776132,3.9319872244950624,1
-2.6194420965112242,0.56503205777920673,0
2.5872433796895091,1.5701627886502447,1
4.4423654766805267,0.57468722565062436,1
4.5689277746093815,3.8135693634542336,1
5.5484452556362625,2.995662907200551,1
-0.33368371466855029,-0.25540164595816028,0
-1.120743729373211,-0.97399643651071433,0
-2.9461374886419502,-0.76945451090127825,0
-6.2848874012543767,-5.4152439070352791,0
8.8686565312806476,2.9163798464050465,1
-2.8315734324938036,-5.9921076341482866,0
3.2906102859859176,-3.2366792841179501,1
4.0984431947753297,6.3524722464007999,1
5.3068988120905241,5.6897505819002641,1
-2.449758048974358,0.13370925964469915,0
-5.5998747550973595,0.452177654367238,0
0.68280013387840599,4.5795729141387644,1
2.3908507922727154,4.5786799508363645,1
-5.4154303112638367,-1.2434100650480733,0
5.3568410983999462,4.2488361569687605,1
3.784803150233059,-0.30546894522335988,1
4.4647897597126063,3.5453138243696167,1
-4.8279473369146606,-3.8225435757579196,0
2.2622373921081769,5.4118161582944584,1
1.499982699106887,4.7158142305587134,1
3.1445900731288012,2.016784277867238,1
-2.8993786671438904,-0.81558637632007258,0
-2.369734029129233,-2.595768267819532,0
-3.8715349167540323,-5.9396497259599972,0
2.5678337550143424,3.98556658489627,1
-3.6142598981967438,-3.8805472099085101,0
1.2335263358709267,4.4593812297022053,1
-7.8712050199715451,-0.06572805084447042,0
3.0002348633866287,4.5607822649799399,1
-1.7172193019643691,1.3795410043002219,1
4.6580625765026848,0.97364385502837569,1
-5.2142308937060156,-3.1967851183397635,0
-5.31564934699737,-3.043395767382167,0
2.8445285033455816,3.5667180748641085,1
-8.439353454986108,-0.8285559619244931,0
-2.5056084413536719,-2.7374545036173314,0
6.383455919717397,5.3133438626679439,1
1.7137867738508177,0.65611326572126938,1
3.7161120704624087,5.6085879848871674,1
-2.55649998803454,2.9869247060573842,0
2.8745468903869269,1.6746341015858115,1
-3.3142787559078899,-0.51388910297247392,0
0.92005814705848588,3.0886709225746669,1
4.1388707972557697,2.4579478412580698,1
-1.7380327301564584,-4.4757396688179618,0
3.7165410617394214,1.761316296339088,1
4.9331654261915343,7.1273399203783878,1
3.9101367735142274,0.629194595519174,1
0.70572508813322665,1.9584425302920203,1
-1.5578828948943912,-3.5558749188208996,0
2.847582610555071,4.2021009731816257,1
-0.20030373494437059,-4.6723237328561966,0
-0.49791101334949772,-1.9561566228182581,0
1.077740505833348,-2.1045719761904218,0
6.9838346428969427,5.4037296727128012,1
-1.7678183005683492,-4.9465515105368816,0
-2.9312540403955074,5.1903997840426257,1
-1.1293669006706124,-5.7597850311933811,0
9.2515217175602373,4.4902788210611817,1
3.5330933538142562,2.567273581895865,1
-3.6627744173869439,0.21146258241721139,0
-3.259424647442978,-3.303910153776374,0
-1.1556571785357086,6.1431500432958543,1
6.022120738502541,0.67905137993975906,1
6.1144630273791236,2.7815076188808412,1
3.3609872531187053,3.1011584999381934,1
3.9231886614999838,0.97955035594757378,1
0.33954620381806366,1.2789746777037245,1
8.9950787375283312,0.089232809725249052,1
6.5538620721024667,3.7912519322872007,1
-1.2388991979875006,-1.1125826918679367,0
-3.1454293005935572,-4.5233551217525854,0
-0.21806277699916121,1.393984243797292,1
2.4310363956005183,4.7652566669045466,1
4.5699160354727724,4.2245639025420285,1
-0.3083292667537445,-4.3157061318154035,0
-2.6441351218932119,-2.08652942126451,0
4.4672973182421662,5.2063976179559255,1
6.932106414884335,2.6959736945403403,1
-2.6878623893554705,-1.1646616083509609,0
4.8193410885649026,2.6660645162537011,1
1.3273031219253448,1.8663954662981252,1
-2.7397098439130714,-4.0878538697972635,0
4.8571575317914988,2.2907718210629997,1
2.3876490707509666,3.9111295516882918,1
1.889821024459609,2.3759039708397238,1
0.0509418862771569,1.7626147397235528,0
-2.3030082065767443,-5.2716444866473617,0
-0.11840027789030838,2.0710157878692348,1
-0.6674641750899224,-6.2247948598556899,0
-5.3969219636739201,-5.5240670519493342,0
-3.9082255329089408,0.55323403950691086,0
1.607979737517933,2.8441389440079079,1
-2.9305196949200147,-3.1610681679807975,0
0.34135986119374984,-2.1933788988041423,0
3.5465381791426887,6.2900507598455198,1
0.0085825863279147541,3.2741083632754431,1
1.7247139995886662,3.7156281153726294,1
2.6111858768074692,5.097237121856022,1
2.9967912562413459,1.132137390604476,1
5.3443099855661877,1.7156005006187169,1
5.3053534399843816,4.5908869521732889,1
-5.0761441350270848,-3.3849210298677805,0
-4.1120422158163574,1.8549641722451629,0
1.5310817049016316,3.2619293618438912,1
2.6445175965585865,-0.090432888705828773,1
-4.1176695484347992,-4.0480212606538215,0
5.2978158888439051,2.1542162799450812,1
-0.59212679081834674,-1.2532219803023554,0
-2.4874110488542551,-6.1360028004486633,0
0.0078949218812520705,-4.8907938408964435,0
-0.040399141565198082,3.1637190036456797,1
-1.4378548967329132,-0.082279946869105558,0
2.7636676642230844,0.28636181306176844,1
7.2443304131228698,4.7116904136132796,1
-2.6178845030199831,-7.648887356429241,0
-3.1889957927329164,-1.2403388693700454,0
-5.3167311817326901,-6.3963373319462029,0
3.0688674038776873,1.8408398186617323,1
-0.54420595720349674,6.0950070320268175,1
3.6480069500501107,6.2360135324138835,1
-0.94602270032776836,0.31954864380818471,0
-3.8741838429099111,-6.465883944298275,0
-4.1035335557029615,-4.9958378038132683,0
-2.3647746934918974,-5.9820991555925076,0
1.0379651932257632,-7.2176425195115996,0
-3.9741168758571939,-1.5658112881691697,0
-3.3108014301935,-2.8675102811032618,0
-8.4153832513797298,-5.6710020753510371,0
-4.195884860138376,-4.2312636999142086,0
3.4877410718147539,0.84875625837885638,1
-3.1268030153251947,-0.8120931359666046,0
-1.4946912173498583,-1.6653696955406854,0
6.2204762854666757,0.91215069929044601,1
-1.7145053187085997,-4.5878605516171209,0
-1.5650314307536048,-2.4681534084074741,0
4.78178504151456,-3.5301355311967013,1
4.0261327704149847,0.51145479915034064,1
-4.7540208836968265,-4.2632933560756365,0
-3.1770505432735994,-5.9672986823146612,0
-1.4615800124837826,-0.25743854910890418,1
0.06480284602192965,2.5396912007627765,1
1.3730666624379393,-0.65608339911909219,1
0.64474508056483115,-3.7033061340477338,0
4.6151630301348971,1.9740651380752656,1
-1.3957237013259696,-3.2935470976607375,0
-1.1837794981390561,-6.7600181946394793,0
-3.2435314022739008,-4.6407301662504521,0
-4.8705973915867862,-2.8048085575463624,0
6.0860412615265762,5.42549700162047,1
5.0609667166779078,-1.5283777644899281,1
-2.3310899836303101,-0.41419304636154575,0
-3.2281027169721699,-3.012392380366407,0
5.5527274507790043,4.8168336642854701,1
-3.1733179435006216,0.54721546001588184,0
-3.9745532807328594,-2.2387944673209428,0
-3.1038055081623184,-1.830296387689575,0
-6.0585297270124405,-3.040179654087884,0
-3.5174032653037814,-0.60051793252558028,0
3.5143634681328875,3.6498688077394772,1
4.1736349952271636,2.5771272991674534,1
-4.3626398430485658,-4.2379332912086891,0
-1.4770588020837787,-1.3031399853318226,0
-1.0103673696057669,3.667765150019509,1
5.9173986473606215,2.6542536162658532,1
-2.4080028799186044,-5.1869344712869871,0
0.039054999092617226,4.6776692657278449,1
4.0367513057497018,-3.5672876134634945,1
-1.4593579508626051,-6.5969924486483311,0
-6.0187800031197973,-3.1773552622941859,0
-3.1127926228124529,-0.38502929402603092,0
-4.1221016813856188,-6.129408731260078,0
1.8317502756870063,-3.0026010843802533,1
-2.069174081748649,0.5331326578871538,0
0.10742996418921402,-2.0233353872653779,0
-2.8506871479140439,-3.6814370036638957,0
-4.1640691017274332,-2.7007723878034184,0
1.2936836140527601,4.0881540962149057,1
6.4042327976815514,3.323320207553111,1
0.92218222468934652,4.1829788655778231,1
3.6114421605596396,4.2472505445770228,1
1.2868702166061601,4.2204687817107107,1
5.6466386608255519,2.4649840635864275,1
2.8751219826570296,2.2365261707507478,1
-5.6263066486254374,-0.024461068789065621,0
-2.8518664229831425,-4.7626637736782396,0
-0.62472195540123332,2.9053502619641298,1
3.5642213983338982,4.9128457067663289,1
-4.5288906117162098,-1.8358831010673662,0
-0.26950876643088284,1.1353053735533196,1
-2.599656250018648,-0.69657010570957789,0
3.7185936070923153,5.3404059478635846,1
-0.62181816556643099,6.4243897323010364,1
-0.43156157915342064,-4.9672242765121748,0
-4.3631714068847858,-6.5766924019845074,0
-2.7659347151735671,-1.9269492350451185,0
4.4936896417482792,-1.1649688799912026,1
-0.42345271962862974,2.2996839794947954,1
4.0413024031295883,2.8812074029171475,1
0.12173526883149277,0.4569673061505064,0
0.34563079120145002,0.93852951049249045,1
-2.8947763827507926,-2.959069597333603,0
-3.3131987100349267,-6.1493244011855053,0
-3.4165289609488094,-1.3856862468448283,0
1.6349245078126122,0.96872878913726845,1
-6.7792450546875429,-1.1962272939416307,0
-0.061743575726051603,5.8379408666994728,1
6.6692961950446161,1.9616381047431897,1
1.5417386543570326,1.6339344422152833,1
-1.47016492771888,-5.6394639210778195,0
-7.4621336152812727,-4.3714792051548317,0
-0.63356815532128197,1.1869364615548996,1
-2.6787436591150033,-1.9238993807404641,0
3.4272840405955245,2.350484476356451,1
2.8004220832099738,-0.38600187206431791,1
2.3674589246911144,2.8059511369535866,1
-2.2826430242826348,-3.2950700675542679,0
-5.2541674801617599,-6.7500163970386513,0
-1.1920069877880985,2.7099586672919216,0
-2.2597238711566527,-6.4905409670126746,0
-0.78806370615618304,-3.1812509665624682,0
1.6662037953182167,1.8786632083787678,1
4.0570064023111918,8.9287090960050062,1
3.087710499185885,0.6069472823785329,1
-4.7287172597806082,-0.73280067554397155,0
1.6779444901024432,-5.7940823993810016,0
-3.7367357467748987,-3.908889343529268,0
-4.1340823745120225,-6.7862058369099287,0
-0.35502041754426994,-1.6549819223832483,0
3.1413300432264446,6.160046610958144,1
0.73185065596103582,5.1686223967791243,1
-0.13168902802333537,-2.2396213327964061,0
-0.47231840540777359,-5.7477549507778658,0
4.3073482238028369,1.4835305644516936,1
-4.6966445680923465,-3.320312598129147,0
3.443166212982387,5.1249692527322823,1
2.8389249800067633,1.4152201492990564,1
-5.8485457574080337,-3.7075598348305743,0
2.7737932426232077,2.9980313713849984,1
8.6416649231961227,5.3518159749380629,1
6.3983660221144305,-2.008838296380981,1
3.5272874327703869,3.9553338848822728,1
3.7624437691993275,-0.15465708212031792,1
-1.5966620034894561,-0.06103300113430743,0
-0.93310103096607744,-2.5071223236540239,0
2.0394692936564636,2.1983220616765,1
5.6906686460868059,8.0352141497352729,1
-2.7780610265678911,-4.2050475951636708,0
2.7485145402755826,-1.1323447413365795,1
-3.8370347626626722,-2.7585937386548447,0
4.655979516036906,3.82433261573021,1
4.5137767769539776,4.3286693758691168,1
1.8187860771471305,1.2424341835821069,1
-1.8577081150814889,-4.4712090350141009,0
-4.4756010696114199,-4.9365278415076244,0
5.2646791272978373,1.2614946065679684,1
2.0175324355071877,2.4248224985864955,1
3.3823820812254866,4.4061588451573295,1
3.3737379609139038,-1.2298587911076222,1
-5.9179512691052105,-1.2456473133026753,0
4.2673324834719235,3.7471564552296783,1
-3.7299196212927184,-8.242284076669069,0
-4.1237730629708533,-5.3211820319333043,0
5.2337061095662847,0.25735032545239633,1
-1.9820247676155098,-4.6827480378990138,0
2.5044847086494482,-0.30840276122466559,1
4.103727330489126,4.3794817329913709,1
-5.2467725245913037,-2.1783205845188855,0
5.81787634694731,5.2551401089565832,1
2.2554645502598039,2.7933707589707724,1
-1.763999331916305,-3.1563315095154629,0
-3.1467856779468049,-3.3412626328099524,0
4.9657794758978486,1.5342357770418718,1
5.4073171760677123,-0.39123646037469095,1
2.711591713498263,0.4869617500904142,1
2.6856604716606025,-0.10463913086595023,1
3.2008684680721577,2.1151966104873869,1
0.46149968083849213,5.7893723270535151,1
1.7265155058992203,-1.6326278085322199,0
2.8127757994790774,2.2568557101448157,1
5.1458349316126917,-0.44142310552964759,1
1.7658523898368701,6.5900292431881189,1
-1.531970472423434,2.5735100166250082,1
5.3145380383108511,2.4056286395069435,1
-3.0178205445631936,-2.7633236609022425,0
3.5372853737102252,3.4218782525992859,1
-2.5200076100853668,-2.2053624652384816,0
5.3449468525847692,0.34750646241566985,1
5.9071350155261459,2.0037507452459238,1
-2.1901298317993856,-4.2467566581416838,0
3.0780923140784906,1.5638974891652393,1
2.6442857690007235,7.6816208738546452,1
3.4155488248544712,2.6078209103378933,1
5.1456164274236116,6.3086779551759697,1
-2.2515222826844958,-6.6963240300598841,0
2.44568920218842,2.6505465858626591,1
-1.5871329551033284,-2.2111939706442327,0
-2.9363447216102903,-0.51933862236581785,0
0.49283683952565127,4.1619730393710164,1
-1.4241423862820772,6.7107166402045397,1
-3.4888102749340595,-2.7214007444920689,0
4.4528670986404268,-0.38207622576075684,1
-4.9530813006817986,-3.96127600597451,0
2.6035765859081419,4.8966827356487066,1
-0.10268964268577641,2.1745068599314017,1
-1.6211754789881443,2.3628038248032395,1
4.4268124781132041,4.6478492150189261,1
-3.0164502623567095,-7.5583293569898089,0
-0.26150409811396225,-0.80808673876992909,0
-5.3938100730121175,-5.2420702526091114,0
1.8075407593182387,0.28217701162733055,1
6.4958317328466073,8.3260204248561873,1
-0.83691705847895292,-4.9594061462921903,0
1.69643640557405,2.0090258820294764,1
2.6373852918497795,2.7747985990130766,1
-1.4244318575370611,2.2683197047995707,1
-4.9987653709092132,-5.8471136504299981,0
-4.2472951612008183,-6.0563298732841897,0
2.1175315996992738,1.6755560202096744,1
2.6963610975541847,1.5668395963993644,1
-1.0235060906790818,-1.6306885624046077,0
0.1715744151180556,5.6847795527849794,1
-5.0873904338933915,-0.76979269956722662,0
-6.1057853595394196,-4.5620943498912867,0
1.9185533417345448,2.8184990613148395,1
3.6217843084542913,1.8875072212245707,1
-4.3356415989279178,-2.1607716903581253,0
-2.4140028340191777,-4.3841038824215799,0
4.5015584677188123,3.1855451912638126,1
4.9240614283003801,5.291255089435305,1
-3.1454490760764324,-5.4515321315719003,0
7.6818233362138022,1.9688404750280772,1
-4.6167631955973203,-2.9023632633011811,0
-0.11074510441749297,1.162311352882234,1
3.7038803050606934,5.2677373625336781,1
-1.5610785480689344,0.87603319471409602,1
-1.6976919123894965,-2.1896016401496827,0
0.43524079174263131,-2.010408424723749,0
-2.332759732707113,-3.2582608718143069,0
2.502615021364158,0.1374260144188586,1
-3.5270089373442373,-4.5682959793092897,0
1.5876054812514764,-1.9833732862921343,1
-2.7134505234951845,-4.4817633023672059,0
6.6847426626276771,-0.085482725195294318,1
2.3797590075664279,-2.0582674680224846,1
-2.9107638842362182,-0.66343092794308056,0
-0.29385969342309393,-4.3657410331246194,0
2.7742629244091557,0.84734201694976585,1
4.4642502857521027,4.5156999766986967,1
-2.4554762040809415,-4.9646005947573251,0
1.7855670516590318,2.7896783490607855,1
0.380923905109948,1.0284739530529925,1
1.2246422214379704,-2.3845956382104863,0
-3.5955404242558964,-2.6657242612174192,0
-2.450702379627046,-2.1043242853592345,0
-4.7429824397861839,-3.5823348190116047,0
6.548176003914989,1.3490517013745005,1
-1.0191069078612047,-4.7853852693149701,0
1.7728830353853853,-0.36939523102466021,1
0.77246564202609136,-4.4903307702005337,0
3.9459849019998954,1.8148154611169693,1
6.1447429824971742,3.6050637202298352,1
-2.3107637127019305,-3.8291027235835675,0
1.5994952042703225,4.0956491405263069,1
4.3954913159331053,2.0821790669700584,1
3.0098666685371223,3.9067529340931637,1
-2.6078545345668553,-2.3528862404244983,0
0.00060046560953974648,-5.8466163068573671,0
-5.1003992764006334,-2.7644482427938493,0
-5.3848364508143378,-4.6869711941124335,0
3.7488144000836181,3.1911623777836882,1
2.0283943832306734,4.1866101508183355,1
2.7108248758230111,3.927223819187144,1
-4.350111263740037,-2.6079937784833986,0
1.0621287964223018,-0.93436907303974293,0
4.0770043394105029,5.0188107660537007,1
-1.8549546002802269,-6.438552740300139,0
5.916107670140037,5.1648568066305796,1
4.3015510126617569,0.73538426250089328,1
2.4819338988843382,2.6047806414730017,1
-0.089032715508681193,-4.6334043335458759,0
-0.13749069071839504,-0.35767217713927302,0
-3.4992704880323355,-3.4827933689091823,0
1.7780114803087441,-3.1712050196558605,0
-3.7562499840819212,-4.8188452852862467,0
5.8285729598671061,3.8224563704712353,1
2.8863234985946136,4.0839955131152461,1
0.76727400772290144,2.9042117951600033,1
-0.28829825838140577,-4.6765041551883293,0
1.2859386026456088,2.6291676726096824,1
-2.7427481802415716,-5.5247111451901638,0
-2.8076198108166763,-4.3997125539341138,0
-0.1938930065179405,-4.7488148385748943,0
-4.5676126755916044,-4.6482803829504578,0
-3.683078447927175,-4.3720105161476077,0
-2.1036992389109948,-1.2708118242605226,0
-2.2756418966812912,0.712757691704478,0
0.95184423723601741,-0.08553331887269211,1
-6.7824130890401788,-5.6938585024223212,0
7.7312973941841125,1.6846365702034976,1
3.6395342884670026,0.55393080350532742,1
-0.47846272388091471,-1.5393981509044883,0
-4.4620052162935657,-3.2898248957477896,0
-5.6395785132108989,-3.926618073942707,0
3.3201123817815321,2.7141913480613962,1
2.5654086843099146,1.9073737667821484,1
-2.2597641895228251,-6.8570905338639294,0
2.3392867766472865,7.1421840271500425,1
2.0400234532645114,2.7718147338512766,1
-5.4415653622237947,0.57291226590519173,0
2.2858523608728696,-1.4743666896294281,1
-5.1518351899063219,-4.6376851037805649,0
-1.9972889759392272,-1.2470847111230232,0
5.1421448929946898,6.0401663619071018,1
-3.7388377017625096,-2.3890676822614876,0
-5.5886334299093043,-5.2909531557830718,0
-4.0587045674210582,-4.1364380518394572,0
3.0131490959463285,1.8995677024534074,1
1.7342470887638102,1.9250964774687207,1
-5.2799067659691588,-3.1657250776802459,0
3.1280668050023803,0.66018493661631661,1
-7.5935301187036321,-2.0918561106044349,0
-3.0253232843332514,-4.4564691363307576,0
-3.5336491558747412,-2.5275632780837372,0
5.893796514790357,3.1214795385849885,1
-3.0534766101776047,-0.44983758027005738,0
-3.6703327744232244,-2.3365942146850043,0
1.3623277030378087,3.081056804592559,1
-5.4464955188157127,-4.763243667553466,0
1.7663010426994705,1.7762050326704433,1
-4.3457833923575011,-6.3172103746931416,0
1.4360724915840346,1.9771277875749516,1
4.8725291503271864,5.3314331578524001,1
-1.4850050556375198,-5.31926065154288,0
5.994835732681727,4.0527376222648268,1
-3.7271863552621136,-2.140122587556875,0
-1.5266339746165531,-4.2218225516721732,0
5.319950583215812,1.530714215513775,1
2.9420830785411729,0.28504496230621967,1
-2.3756688961557799,-1.9579145653284025,0
2.5944817122795123,2.8916133879828729,1
1.6204378676066253,2.6344866152524293,1
4.2109440528163091,5.107598325338043,1
-4.2249962889036938,-4.1802094824540594,0
-4.3588664144655986,-4.803931282884859,0
-4.1027443471374978,-2.2819280917056828,0
1.21597051247171,1.1971092294651653,1
-2.1826453538769304,-3.6833974287161357,0
0.96193556186093776,-1.065898068565631,0
-0.8103804181708445,-5.8012187014316918,0
0.26690071549862093,-2.7622700018076136,0
3.1163288268594549,3.5854001836959846,1
-4.5192783520089161,-6.321218152988223,0
-3.6802029891149219,-1.1463839918813867,0
3.0151586075931558,4.2237058672700147,1
0.52813031939120947,-3.0670938653588835,0
-5.3081734746197871,-8.3715385357702701,0
-2.8824340849850141,-4.359411933037026,0
-2.617222239924113,0.43904134128156391,0
-2.9931215814507151,-5.1972839330445817,0
-1.7536188966643389,-0.33317309989352539,0
-3.9115889514956677,-4.7714696991218553,0
3.9243234790207513,1.1887832966637035,1
-0.50604860913667293,-1.4864242684735056,0
-4.9943232364743571,-3.5415709156666342,0
4.8239146881455754,3.7634886273449317,1
1.3071713654023147,3.9047720167648587,1
3.053636003038235,2.1272787721513851,1
2.7772606187473423,1.6125174163247944,1
-5.2961585046251276,-3.949129029160567,0
1.0834620176944787,-0.27680154000989088,1
2.7048227285647237,2.9571182446230355,1
3.5890611021641341,-0.17197014182780412,1
1.9712736714690495,2.9338005916747121,1
-2.1982114010715952,-3.9444037034234727,0
-5.3739969870247428,-2.7943591111473225,0
-3.4716515004686896,-1.0480966476603333,0
-2.7116513255361672,-1.9255022773407537,0
2.4142244392472829,2.6851314512896232,1
0.8709522237045304,0.27381638980628287,0
-0.60041936369277416,-8.0225028410521624,0
-7.2617150991763708,-4.7754033556137934,0
6.7553558550419677,5.2036295293352062,1
-2.7914815817195184,1.516638329453043,0
-0.41000244873789704,2.2748431307089074,1
3.5504801716175916,6.3000538240404058,1
-3.6482352476483184,-5.1199032927174795,0
-5.4277539316402574,-2.2985473497347337,0
-3.2432687549540669,-4.1381336051147661,0
5.5360506657037041,-2.1630677662478748,1
-4.2705718241752342,-2.704503586682129,0
3.7523280099074352,1.6793050345764819,1
1.1101347822643552,0.70790353865825706,1
0.026259845611048327,-2.82564808573877,0
2.407096915986374,-0.37152874544593839,0
1.8870552102718703,2.8586762936694101,1
1.9834836245858491,5.4693826746827945,1
-2.646119265762974,-3.1262013557328729,0
-4.057797861238619,-3.7379195508737504,0
-4.6785150987369057,-0.95572673705466071,0
-5.0726759450729944,-1.2400711974805279,0
3.9128444879432225,3.7944998296292591,1
5.6201617402899373,4.0567391810079458,1
5.725795371601647,2.4719373868397057,1
4.9013102357059672,-2.9353858649326128,1
3.5399322005805658,-4.7794780102845102,1
2.0911315342375398,1.6701843606633244,1
2.2825742863715508,3.1576513826662795,1
-2.6939586539973703,-3.7989955637355846,0
-2.9785512559958027,-1.8740566295427752,0
-8.1124724254442988,-4.9278805553333083,0
4.6363839725533094,6.0338990703791904,1
2.093889204808062,3.9340907757573333,1
2.231316308001567,2.9502563594206861,1
4.8477704231600232,1.2652016971337501,1
4.7858393243638488,4.573280797081261,1
2.6837399040659182,1.7146757456454156,1
-9.5651972023229526,-2.7413722922190615,0
-2.5784582704787575,-4.415865028620952,0
-1.0803788313453955,1.4606825332437863,0
-1.1469355700248909,1.0080829437207006,0
-2.9520768537253099,-1.178315067243318,0
2.1390675143164408,-1.1642031614003203,1
2.7328017125249531,1.5699440437081731,1
-2.4738376655466721,0.43394840715442395,0
-5.352170587081182,-3.2410433116751696,0
-3.0760394387994658,-4.9422071458080516,0
-0.32812775258094495,3.4696079232837693,1
-5.422438102288365,-4.1622646193559492,0
-1.3193084823748142,-5.5292934046797857,0
1.3340103511286372,2.4121830773620907,1
-4.1633713358833671,-0.40838442565997246,0
0.16013837720438806,0.59884921344196673,1
-4.1207156137788132,-1.3285234644606576,0
-4.3435984220841277,-1.9519532119985612,0
4.7662249327772122,4.6148377961404412,1
0.11998558916105484,4.1986415631750411,1
3.9289663367093501,2.8870346434782017,1
-3.8176095621416848,-6.0081978801048583,0
1.1037417442480439,6.1337145014427481,1
1.0464777778364798,2.3689193017116765,1
-5.4275272610321412,-2.1178536324707173,0
2.3595675040943318,4.619821885597883,1
-0.75391780140532871,-4.5115000893061854,0
-3.531008377204425,-2.308230009694932,0
4.6095922663233031,0.017853266092311859,1
3.1224777488097848,-3.6197602080796338,0
2.5627582271353813,9.2200589638775909,1
-0.14163602986036805,4.2717443486322049,1
-1.048093455042812,-1.4406431648682212,0
-8.738933451667581,-0.29770993021780789,0
2.8534434476453461,0.074636349143892833,1
-4.3113304374154771,-3.7160628659588788,0
1.1503853567442244,4.7859394317586066,1
5.8158617858483792,4.8545867387490054,1
1.7136351649972679,1.2204160245947606,1
4.8931602933933034,0.26869268234533639,1
0.7813406995746579,4.0061005993976746,1
0.98376015817304463,2.0420209413632149,1
1.1651452951281684,3.3667462267725217,1
-3.5385337926036824,-4.0844942829514306,0
1.4761897019676715,-0.47399041927217134,1
2.1597073639792201,5.1129826965913301,1
3.6264338711317214,1.4617350294776961,1
-2.3142956319522328,-2.4852410169623971,0
3.390978649835366,3.6417668779913033,1
1.4328915065650167,0.40734581935034475,1
-5.1584296228344311,1.8385180026661088,0
7.833681977671624,6.0236736641703139,1
-1.1364633516651728,-1.2602833928782016,0
9.4278497166646602,3.3673952379973193,1
-0.47790932721790957,-0.63531282567996783,0
-0.98978596176773515,-1.3988387292432201,0
3.2677131741096157,2.1782449626090363,1
-2.9560333612823215,0.26623155572253365,0
-0.34598758063141277,6.0732673290032766,1
0.47765554792696507,-7.6343765468671441,0
3.0859277815194903,3.4638925015293531,1
0.18777171761388001,-4.7996682616814752,0
0.044937671841700499,4.511056108000715,1
3.2975914113181122,4.6038241701162654,1
-6.0032375222480896,-3.9626540304779829,0
-1.633298467406183,2.7430547115426105,1
6.964771287853277,3.1986370693184587,1
-0.61562581304316044,-5.0608361055470148,0
4.4891155337395183,2.7043516791959386,1
3.0880422031389978,3.8696568149952921,1
-1.7528417569760757,-0.9513733523302017,0
-2.0171635370352985,-0.94514612599328984,0
5.9973658654661648,4.3956337742555647,1
-3.8944920001550232,-4.147444313454149,0
4.1946514400084851,4.329435705890333,1
-0.3259019692785623,-0.94523507973554555,0
-1.7106452475840239,0.64963371696669236,1
-4.099573459433298,-3.9183929492645726,0
-5.2939262961543188,-2.6840826557156725,0
-2.4086592335511221,-3.7019527529915117,0
1.3217150808625924,-0.47017540460474994,0
2.0808693233205098,-4.2033415510681733,0
-0.36872947632346076,-5.998561371522106,0
-2.8192799357741904,-2.5017910096658387,0
-2.4425302320421967,-5.7670461656912977,0
4.2286801179348288,0.21487847319755682,1
-2.8519385608240047,-5.0830473620582675,0
-3.5876497718025617,-2.2895499389856222,0
-2.7023696440887548,-0.075908178112419122,0
3.7972866467267465,0.70119007589448445,1
3.1031887693949396,-0.30890295575637339,1
2.3913305134287963,1.0740249463191556,1
-7.9991143190882186,-0.73597766033855549,0
5.5104345332392324,1.8436964323097882,1
-4.3751954586834234,-4.3269506105936539,0
4.6345956237532757,-0.085883228990503824,1
2.3379025738610526,-1.0632729967033629,1
-0.97565604416868412,-1.242968675199946,0
-3.8004253889902295,-5.3242093765145277,0
-0.25564994557810472,3.8572247074454404,1
2.7259660294876218,3.044230204066515,1
-5.9117774678683013,-3.0485936620072707,0
5.9679577318839341,5.2447297408949023,1
-3.6552486188561177,-4.5866027403228049,0
0.2321199148288029,-0.18325845730112178,0
4.9540112174201294,3.0055018028166685,1
-5.5393715115692004,-4.0715859429275971,0
3.4866362263303232,2.1164628072281717,1
-4.754818466704112,-3.2687909992668467,0
-1.2205215472226896,-4.4788316733074884,0
1.0227087765624061,6.7018610791491513,1
8.4984274474058594,3.8411900263391368,1
6.2119187267574008,5.9789164727094271,1
-3.1886232400092722,-2.5916269788493058,0
2.4921212543128037,2.3446688532115889,1
-0.37846029216894728,4.0364999465621745,1
6.1048407532440034,1.819547915934363,1
3.0303790739994598,1.0054860859622836,1
-2.435080026449969,-4.819180715576751,0
-1.0980843550451691,-3.4041749563525618,0
2.284592801629624,2.1063981748930112,1
-4.2387891430058389,-1.7367928034653068,0
2.0466371567447821,3.3985893971119707,1
-8.6478375718361811,-6.2405152324850857,0
-3.0227512526308611,-0.19547249722254723,0
-6.4421502438131153,-2.5899967586350408,0
3.017045568726056,3.1065615671159454,1
-3.013928058948192,2.1131944041168724,0
3.601636224900703,0.83768327971955214,1
4.6053957951352134,-0.93475074676787218,1
0.30095533594780877,0.71231386040350797,1
4.0945547908793083,5.6423564075491441,1
-0.76593128735927518,-3.859074610267256,0
-5.8340895308078604,-1.075930231383996,0
0.69895559939216412,2.3213265891793728,1
1.3813028925240516,1.5365411163493052,1
0.57770076952171845,2.7262304573424769,1
11.265517354973678,4.3832103842839585,1
-5.6572101880623382,0.7724381632097499,0
-8.371411797390012,-4.6984621196935716,0
-0.0067769102813879378,4.9349548119144506,1
-4.8502409740518839,-0.19013617197718613,0
-3.3882382967959828,-4.5988843443900311,0
-2.9599165412681079,-5.5795075761091599,0
-0.038838829530467578,-1.4399236212004869,0
5.0185322399998835,3.8574579134493723,1
2.1498421058198369,2.1120307143890504,1
4.7107680483695216,4.637338823586,1
0.5823906149824416,-0.96420056774517926,1
-0.21389894891946648,0.578025800401337,1
3.8304656586177233,1.5230489776340548,1
4.0653475631356653,0.54902904145857478,1
-7.8378804715006014,-1.0683718311599422,0
3.291656198190378,3.2969994420968041,1
4.1612297168823602,4.0735548344514196,1
-3.1987586045709433,-2.4951731510979211,0
1.8465663919987183,1.8805039970484299,1
-6.758480132009713,-2.1967850469899872,0
2.2432441976159816,3.0298914945142816,1
1.962710281731715,3.07576309623302,1
4.5211835641922749,3.2166811384126204,1
-4.6451294898678261,-2.7887154287969156,0
7.2122066888130183,3.6268029198037128,1
5.7620380521714054,2.7950266322911901,1
-4.4816092404402594,-3.8623080413672639,0
-4.0718542546114289,-5.0762535635758272,0
-2.1712689256320985,-1.4803433831452608,0
-2.3654814014780703,-1.99304657251026,0
-1.5935072073854064,0.72187335021651888,0
-2.7007617149833569,-4.1475625837604282,0
7.5888652384446633,5.8106155105360919,1
-5.297467221251404,-0.29321709990015687,0
5.4640497777804882,4.2454408469125147,1
-2.4128369932787677,-4.964413428945357,0
5.0039455031388993,4.4726001201407408,1
-3.5298400870564537,-4.1248948044589699,0
-2.8445744666991502,-1.0832481514445718,0
-6.9466904869086683,-3.4941296162148845,0
-3.4147766686167382,-5.3358246323321428,0
2.1729848165691696,2.7097875985392101,1
-5.6501357120997291,-3.9445634648367136,0
-4.1776074253236821,0.34953927458621425,0
3.2594993852652911,4.4329004300853265,1
1.9120464350724429,-0.88738776555195376,1
0.10466121725245037,3.6717849669947746,1
-7.3026567084603329,-6.5861538942921634,0
-5.5739526768083492,-0.38449425538628157,0
1.0493437483519643,2.8255056696143357,1
2.9267693395697529,3.0634815660347985,1
6.9353272948898965,1.1878843074424152,1
-3.3875472956739827,-6.4399282321784366,0
0.46076476912779452,6.5895605551899576,1
-2.0687164060283711,-0.876596654667396,0
5.91290867506829,2.4502998224542734,1
0.20005571056433524,2.4486378118790708,1
1.4550845283416678,5.6536673650821889,1
-3.1049299160917823,-2.2705805474647334,0
5.5007601080387971,1.4803071899489568,1
0.67514953795254051,-2.688272934866716,0
6.1414188546886814,3.0546026230266841,1
4.6133560375948184,1.0196116524905507,1
3.394499142995838,3.4410328897209603,1
6.9675139250961102,1.3618043638511292,1
-5.0781937595936046,2.3724792647291544,0
2.9541607346491263,2.764235468257727,1
0.47314337569535203,1.0264209835695173,1
-2.7791116708013512,-1.6443985370241145,0
3.0729012325523759,5.9952111769767189,1
-3.3933998959702416,2.1676026972687295,0
-2.3296137066879981,-0.5811619656820568,0
5.4198103550367858,1.710168951973646,1
-2.7375822973477963,-3.8758251134074606,0
-0.83746086901716055,-5.1499339885693942,0
5.1317689501344308,1.1208231899671479,1
-0.93565963186186663,-2.4052767877533534,0
-3.3153117854084648,0.027818018348581663,0
-5.1386774988637098,-2.5585696537386822,0
-6.4480388641188622,-2.9894178878853936,0
2.3318942306499855,2.3368554923574343,1
3.7335373592064323,-0.20362052157722443,1
4.4078305002849261,3.9006484630640834,1
-2.8161366523457523,-2.3081182827403066,0
1.7136362671472309,3.6899737649049333,1
-1.1632664797585059,4.9982549331843193,1
4.3878551376961141,2.3207667129633167,1
-8.6130273558855528,-5.366623885493377,0
-5.8195929031537075,-1.1375913931469162,0
-2.6362310441304779,-3.5836231504181661,0
2.6707555953505264,5.0564598741514333,1
-5.0105272976456483,-3.6465549737012162,0
-1.6529721349661364,-3.044317503749348,0
-1.7606258736251632,-7.0430310539917231,0
1.9008885381265865,3.8938472351069109,1
-1.0763071738899255,-0.3154444718207281,0
1.1005532233186779,4.8028611147596543,1
-5.7448097894068439,-4.8725074146309613,0
4.411660824126785,-0.82808427756991199,1
-1.6384984860074772,-6.702571139082302,0
-3.2442041852595764,-1.2296010935100337,0
-3.0781531709492969,-1.5878309946549518,0
-3.3335473562072404,-2.9421628161882345,0
2.490779339366155,0.87399306390049691,1
3.4499183946191518,5.7249454000088162,1
4.6604643287851273,1.6993171576884671,1
1.3750390044247984,0.54995149800905185,0
0.65719931452792402,0.3573599720747116,1
-1.0023334879938406,-0.96969966958258702,0
1.6708984065226906,3.661760263249163,1
0.28872052602350351,2.7925316473186172,1
4.7794916268758243,0.35053713832343059,1
2.1683631311112359,-5.067300340856244,0
3.647456638779822,-2.3394065033046365,1
3.594193874561197,2.9974233213319232,1
0.34986933183455848,5.039760805144951,1
-6.3287194408753695,-5.6381916871142881,0
3.6239065393277587,6.4580146705053121,1
3.4143255016672636,4.228676160226982,1
1.6848017976053908,0.45229582542612068,1
-2.2498500544210658,-0.84532508070041423,0
3.4812863782631736,2.5591618929128193,1
-3.8498046934488386,-2.30136558952058,0
-3.1810559034118091,-5.3947475708701891,0
5.3293091904916388,2.8405014246666798,1
5.8437696638857375,0.324186398603032,1
3.7798252425945518,3.1644741373300662,1
1.8650105049029184,3.3296955012087652,1
-0.47333342583175453,-3.9216165816868847,0
-0.36306976713028805,7.1540545954401393,1
-4.4135901898171488,-5.4345792842939371,0
4.6770251098630666,0.98203143044625429,1
-0.31248893511882603,5.4724919804416725,1
3.5209159917896535,2.2748870815684379,1
3.5988593245749616,3.3837550544525747,1
-4.5968606865762762,-2.1501935678276221,0
1.5610257046622555,-4.2876973655129591,0
-2.5612392036770522,-4.4839595954807958,0
-5.723861618448181,-2.3668331512264773,0
-6.9967970996746018,-2.9441840803830868,0
-6.2161558064839486,-7.0422907442163636,0
3.6624593192695691,4.5560049722540077,1
5.971380915968993,2.3728314730854985,1
-1.0812391293338222,-2.7140593618914424,0
5.0342502177500501,7.2174989984509681,1
1.8142282793075351,4.3771609094409101,1
-1.4613911023307438,2.1750582152253393,1
2.4305084784186732,1.8705996901547899,1
1.3122487022173577,2.8387622629232272,1
2.6153878366786678,-5.352849537256688,0
-1.6368257248094213,3.7193045903484445,1
0.69276791838456475,5.6033171031134978,1
-1.5512525704375353,-0.19934473888282023,0
7.7401748400968913,4.3464433303765775,1
3.2598264328695277,0.88575706745249772,1
-0.87765406772686916,-5.3030036605201438,0
1.0447684993348281,3.9101769682667857,1
-6.3631781986522,-8.2336600802922391,0
-0.46795960464263109,1.060555493363823,1
3.2189482105433749,-1.9517949886378085,1
2.9955050522044808,0.85887334251046754,1
1.7995516132021907,0.90505564059907373,1
-1.018127757520461,-7.4587485063774563,0
4.025093729529333,2.8333835989785228,1
-3.6871489459717197,-0.18615492713045745,0
-3.8065617697842873,-5.805144643940503,0
-2.8326079002364688,-0.69185505278277271,0
-5.5847531270000381,-5.2338930254983573,0
2.8922716515814466,5.2028737286539535,1
-3.8235841586904407,-2.2057033431978512,0
2.7389632247341544,0.69282103701191033,1
-5.3764871616472174,-2.7683666587336959,0
-2.7701604277154717,-3.4454789098548821,0
-2.7220762654037949,-4.0570050067148111,0
-6.0360643559059355,-2.0733364105866228,0
-6.0792212481356067,-3.0288614261641507,0
2.3115077115088565,6.9986828347928469,1
1.9758907122646008,-0.23999084801191062,1
-2.3321330450759703,-3.098207422731952,0
-3.5737830102317814,-3.6964767085684231,0
-3.4666108005015301,-2.9864412560423883,0
-3.5595607143875956,-3.8513516519203175,0
5.6835847576392489,3.7503722984825583,1
-1.0143863239354296,-1.7042008701355247,0
1.3657517339972955,0.048522231779938529,1
-4.8641352859354434,-4.6636574307286676,0
5.2142593438082798,0.89437496376146441,1
-1.2333622497601811,5.1336354740845955,1
1.9743702651725501,2.6630463645904343,1
3.8189158861959296,5.2095835509517316,1
2.5653352314099136,4.9258543214870496,1
-1.7522270716422987,3.2383318272830026,1
2.0472533989867387,-3.4345999674902563,1
4.0111221551754515,2.1152024195893571,1
5.4097801224079944,6.8115187869200025,1
-3.5056411799146368,-2.5833495768430144,0
6.1485162363207841,3.8159302162936166,1
6.4482944587741731,5.4725330010235078,1
-0.022165168192663565,2.679933429870788,1
-1.5726148872835721,-0.47397959087378361,0
1.0428587994844749,-2.5177546358626675,0
3.285356336377343,0.72821725221278966,1
1.8708322606652112,2.0242595134314652,1
3.2048630151110205,6.2551341723077707,1
-4.4336048968272719,-7.3924741137157159,0
3.7647432149107187,2.9417487866306571,1
5.2081805466996389,5.6371939411347842,1
-4.0256667623713573,-1.5859350850001166,0
-2.6917903641753016,5.8756429159802295,1
-0.46167681091673307,0.30391563283678913,0
-1.1741919897061739,-1.2268823741671964,0
2.4441108358500099,3.579493920904588,1
-6.610577435080919,0.49666147365735336,0
-3.0344922475033913,-6.0794459839075801,0
-2.0556144541093042,-1.6416997784297154,0
-2.2884460098400621,-2.8116320609664061,0
-3.5721165210434158,-0.96579938704117074,0
-2.4721945168754584,1.4818837355762948,0
-2.5353105181345419,-5.736060777587717,0
-2.4543752235799685,-1.9279442520166088,0
2.8712363045962248,4.6235683887458219,1
5.6770250431845479,1.8339207801595625,1
-5.5185779331170153,-9.0459934726695188,0
-4.4865706558361182,-5.7860985524565587,0
1.5755200345233022,3.4056290629381465,1
4.139137712653473,0.98315709309362553,1
-1.7596676441226591,-4.4349574692269318,0
2.5827878203646697,4.8370356631356426,1
-7.2521857955818199,-3.2435407353518917,0
0.94321505550052276,0.80969236656024934,1
-0.55206827277935977,-2.0716028727725595,0
2.9303551398796963,5.2352554723871743,1
5.4158086237794656,2.5085944633333557,1
2.5229544252640013,-0.79941049738003755,1
-1.5870685540225205,-6.4473925817139932,0
1.5498729167075898,6.5587317664044038,1
-6.3997866992000745,-4.4846879901570196,0
-5.3288217684174084,-4.369896481805525,0
1.9426029851992255,2.4997524246934537,1
5.837398853732779,-0.18451419217076559,1
-0.91571446071726026,2.9983806294858759,0
1.0096612925521375,-3.45419776677765,0
5.18279463479052,5.6696266276025051,1
-1.8767425963852327,-2.6077726832475516,0
-1.8137200914087925,-2.4372707678833656,0
-0.14032659344490739,-2.2848368093569342,0
-4.2891438740648828,-1.162617026899504,0
2.9921226576556088,-0.3829422205826809,1
5.7883883883920078,2.6779051584213778,1
-2.9173416034134467,-2.6206909809947652,0
3.1616392526104407,0.60268316731047733,1
-5.6618889888592783,-2.7254746090431148,0
-0.63772552594744525,-2.0677270643549921,0
0.88763250697086438,-0.16284279668919455,0
2.704673889109789,7.691777737518235,1
2.8489714516310993,0.21209385311839535,1
7.6461216733833925,4.0162707208674284,1
6.0999604723018859,4.1376265868205557,1
2.7754267527829501,4.4209091453177844,1
-0.83462973928385198,-1.7949912191215294,0
0.72942013681571183,2.3608416877828975,1
-4.0169311026601537,-0.95312253392309776,0
5.5760972472663193,5.3841476651032494,1
-3.5392033427237655,-0.6228506169680279,0
-0.97112638777180393,-4.6152617848234971,0
-3.2299254432848148,-3.6879516634555616,0
-2.1981279834561316,-3.7609565784460615,0
2.5062295217024886,1.4576414059041536,1
1.4418294129067275,-2.2325880235037019,1
-5.8908820551873475,-4.6828037482300484,0
5.3911283578733027,0.13555510936082182,1
0.83951854988295205,5.5181502870441594,1
-3.615852500634281,-2.3180197832893459,0
6.9566328119622085,2.5618199053468915,1
5.5013177142057863,1.7271236245003316,1
3.6811506158603766,3.2790296731734223,1
1.1887237765807726,-5.4794052275052447,0
5.7628967474381207,3.4505038066808429,1
5.0808470013627716,3.5131000819796609,1
-5.3786679643462811,0.76438853860818412,0
3.4713299176588572,-0.45197771211790272,1
4.1128198255454613,2.2932283286299344,1
6.2464848263300272,3.7876233021333636,1
1.5898574919288495,3.5754794247849802,1
-0.75903033488230776,1.3926244582565228,1
5.9063023483911561,3.1130566078278301,1
1.2357864118721662,6.6743084089624318,1
-3.6719837367057528,-5.1429592207168682,0
-1.4850762602330951,-4.3986704990218612,0
6.555610416425484,2.9232329244344877,1
-4.3512661899405174,-4.0110741954346505,0
-4.0301599334947538,1.5720634064053076,0
4.4012105314329935,0.96368288499390564,1
1.6197558406653121,2.4977381636976994,1
5.3425088949854516,4.6068635384099794,1
3.6480407437258453,4.444706873020186,1
-5.0184782744735639,-0.90390099145916381,0
1.1101640717325587,2.2334227728133818,1
-0.19588232741932465,1.1636567405779121,1
0.80998061982607794,2.1642508045447375,1
0.15969243687402912,2.6132223031502804,1
4.9286877299804219,3.4245611794042148,1
-0.76121588301309373,-4.290176482021252,0
3.7617154530417825,2.0458805065866215,1
-0.92374566270012393,-5.9827272038243473,0
6.8748673438682637,4.4730020055398496,1
-3.0470153842237897,-4.2103627406639799,0
-3.6391367667139636,-0.25877839414683068,0
6.4456969133957545,0.98498094141988979,1
-3.1929808111263629,-4.3799496226067953,0
-0.48157907725768423,-3.3830245240837242,0
-4.4559440722799248,-4.4879124651745963,0
1.0079088374767169,3.5662472765777311,1
1.0131705632791759,-4.4694987066667045,0
3.9428039349394037,4.790678487825903,1
-3.7352734810903292,0.78476201666845968,0
-1.9071265106021844,5.2993371377811194,1
1.751288575547733,0.94842462410906991,1
4.059007798262857,3.9410939422395894,1
3.6551881511031912,3.8950148750406801,1
7.2541269439045362,4.3695587734706987,1
-0.83267324617962135,0.85983182330231012,0
1.8000869611201911,0.086459124332305404,1
1.7639405086824871,7.4072003516165674,1
-3.21274801711062,-3.4002633452475108,0
1.3961095823781349,3.8538034135176149,1
-5.5941769542496624,-3.5096468099168003,0
1.5224275307354267,5.183211665010683,1
1.4973570174353896,-1.3353148578696521,1
-1.9672010652229155,-4.6305117594859357,0
4.3029664507200911,3.4143357374564296,1
-3.3751652529362404,-1.3434421990128647,0
7.3383650022723881,-1.2283111836523597,1
-3.4326439139493932,-6.4733057321878036,0
7.4174746735167343,3.9585996009986699,1
4.7156850305823559,4.0810803715663413,1
4.685416886309989,2.8851552652839576,1
3.8025493444176246,1.1406316766942879,1
0.57806912081005501,5.5375882249661847,1
-5.061501387263398,-2.3888394038944769,0
2.7272589928423314,6.7479688989165147,1
-1.295204522948771,0.031354455282045723,0
4.1064196804309372,6.8592163141869786,1
-4.075299311285832,-6.8793590787062477,0
-1.134547221611383,1.5375665377879855,1
-1.5622244574724822,-1.6805684614157321,0
-2.8988263243942729,0.047655773475868024,0
-1.98078033138676,-0.78864521639071494,0
2.0548923200650262,6.8375289034206403,1
-3.6523377450728174,-2.5904017505033439,0
0.57729915181096203,2.823511782884824,1
4.3550113829845056,5.9834801452584951,1
-3.3012320661683723,-8.1159225547378,0
3.581394930983397,5.3091793056033811,1
0.52225765561234683,-4.2092087896697734,0
0.5520012896677664,-2.2948365362135723,0
-4.7524590481941225,-4.9791879770586709,0
0.071718957620730883,3.5288068794408205,1
2.8304121947933512,1.889916372165775,1
1.0484662512409,4.4487157989052362,1
0.80132863419404288,0.067517300870008512,1
2.1577858542212063,6.2676263389932281,1
-2.7229020314954386,-9.3270373479011432,0
-4.2320295486271942,-3.7087988261632874,0
-1.2181116380750556,-1.9774523910062327,0
-2.4396034286589794,-5.7503779241171653,0
-2.3934527500413352,-0.81420828323669259,0
8.694679351504611,3.8384729383494474,1
0.37505006486444659,-3.0539450610311447,0
2.8322787488571795,2.4047953346143687,1
-1.4899683207894949,-5.3852199743950955,0
5.9271628954770534,7.8049346375224671,1
2.3859260339544099,2.3578469038757541,1
-4.7843394743372247,-3.9529328870260092,0
-4.7821668379314843,-7.1718786776021348,0
4.3107935931912165,-0.40536359226591934,1
-8.7092851554400852,-3.1690058218328474,0
1.871134415162792,6.1420590337535739,1
0.96535455971368123,6.2926348498300051,1
-1.1825407171114659,-6.6324011797662816,0
-7.084088796182761,-0.94302667039149357,0
0.91145695065057719,3.3781559665241154,1
1.0718440810582255,-5.2221763524298703,0
-1.9976778884395658,-6.4790270293609895,0
0.43662028873610526,3.7796171854735885,1
-5.0498425148059134,-3.063630635552248,0
-8.1523507387238769,-3.3476051930949193,0
-1.0725444054368469,-6.2455539987224871,0
1.8523124494521572,4.6678861787045731,1
0.22667527234334228,-6.3152735782749749,0
3.6778195638429363,4.0359712572641628,1
-3.2577056551731025,1.4271520567370493,0
3.5641051985956356,0.8363942844935166,1
-3.9777405327699626,1.8178803518134785,0
-5.401844434444067,0.12880471652735004,0
-4.7127243038896394,-7.011749576116296,0
2.1390210052524998,3.4419476230660262,1
0.5153578988171934,-3.3316891125853871,0
2.6657305308068544,0.87008530410365292,1
3.1871494222148016,2.7637579756657522,1
-4.5793466593520336,-3.2797749773333247,0
3.4899281273430329,2.6717693034895369,1
1.7032485683669145,4.3535807157458191,1
3.6351573847707748,5.9291577346071254,1
-4.5073706913154217,-1.6627161770871373,0
-1.5496422595966868,-4.3040160033952235,0
-3.1884933631277357,-0.44085521579987175,0
3.1047553398819678,1.5590936688728916,1
-7.0907134241997207,-2.3464443859343058,0
4.6709972729210483,2.2460169394824319,1
0.17741239669456776,-1.3764049298724119,0
-3.2375804311502261,-3.9251587276050546,0
4.5460782821604591,3.495527491029494,1
2.6431495967661793,3.1535717951444888,1
-1.4993097281558181,-2.8726394345932689,0
3.5381151348892952,8.4131539606518722,1
2.5307024542323298,-0.28114658222235756,1
-2.4303392473492362,-4.7786283255477473,0
-4.7273739566721202,-7.6902238051258944,0
2.245096050868812,1.164623520072245,1
-0.67828130782017704,-0.72737697979530003,0
-1.4240114834225313,0.17102926726972401,0
-1.6674548438055754,-4.2206405584931899,0
-3.9188922723798463,-4.5504890292697597,0
-5.6106654069520845,-1.5099537614326846,0
-3.6658126738433658,-3.7713838522946896,0
0.20801456571208066,7.0767704574164521,1
9.8894774882247969,2.2994139651224415,1
-1.6983391630998588,-0.52892737681167334,0
-3.7430062538148259,-3.9145443614360338,0
-0.53169475918456843,0.38019017918503994,0
2.9068836368379838,1.8458221163788795,1
2.3068064167331892,-4.032156793201314,0
0.22931017959478073,6.3459879222621405,1
3.4143779487555412,2.0271360545815109,1
-3.3856312162914222,-1.7706354057980862,0
3.0215067504339821,1.5450783861058068,1
-1.8160342812405819,0.39720987084975334,0
1.241601268923997,-8.2765408276046504,0
0.54289267394893503,4.7229497371543596,1
0.91865425491576858,-0.96002602756622935,0
-1.0538013759437579,-2.4185807585290608,0
-0.31738043888178469,2.9662235644460599,1
-1.1916407423425381,-2.9280035458246445,0
5.7574224805130498,4.7351599550021097,1
3.6257494432089628,-0.58296596180687477,1
3.0570481485260967,0.21311511684630213,1
0.47774861622938403,0.67436053185182754,1
2.3087977929689987,1.6183399463586761,1
-2.8068889281385161,-0.55531217751659456,0
-5.007027741630079,-1.2611477937401567,0
5.1744152809808037,4.7723764223514387,1
-6.3276658285318863,-0.060832611137370041,0
6.9083018400343441,5.0765864949928776,1
5.5115571602542452,-0.048356501794077467,1
2.7115462497922351,1.2517223462915326,1
0.51510696717496796,4.8802276062926815,1
-2.2984811799501963,3.5163834690785087,0
2.3997312977342196,2.5598497086491085,1
-6.0663340121334564,-1.9409096484926127,0
6.515119372828817,4.7468680527039862,1
1.9654886632252859,3.2680699109067444,1
3.7949002559740501,3.626315702785841,1
2.7677564844223324,3.7994589069691242,1
-4.3441981431723091,-3.007810351139514,0
3.5424619278285516,3.8535118667418931,1
-6.1260472426938453,-1.2076738932274831,0
1.5146806301932059,4.6452704470713027,1
3.5160015163321647,-0.17645743048476703,1
-2.4058869538973977,-0.74246381151923835,0
-6.2035141283158941,-4.4849707908218273,0
3.7314766953255214,-0.032776129249291852,1
1.1332707070816384,0.82899707108545728,1
-4.3024662757366148,-3.3137646879439204,0
2.5802459115359402,7.1239827070459514,1
4.7264869005471226,3.8303036613513815,1
1.9023831465720222,1.1748569698471369,1
1.0162144463693179,-1.0735058448829422,1
-1.9485559989860344,1.2766483163739322,0
7.7750306892849599,5.1974693342222276,1
-3.0842693217519099,-1.4790212984280353,0
-3.8182267453877872,-6.5357161194357882,0
2.7380965045986021,-0.86170625829040848,1
-3.4267688348312859,-3.5394920317475878,0
2.6713637962889036,4.078483161055857,1
5.4555376085475746,5.8243886176928914,1
-0.87091952417857721,-4.9186515519671046,0
-3.570393953507037,-6.319209658038222,0
-6.2451845834301585,-2.1602802093900193,0
-4.3504258044440327,-2.2000962408705305,0
2.3075650043813973,6.4562788000044327,1
-3.6664149071462599,-3.6385596720067412,0
2.8886577142550132,5.872369643212159,1
-1.8720338756085013,0.19235775289886758,0
1.0029502820674505,-5.3367222499330049,0
-4.5961612582443703,0.39651467217591296,0
-4.0589684976714384,-4.3888361069653357,0
3.6738122795286143,4.6732819871792479,1
-2.4930859465831832,-0.40074720613325621,0
-2.6513830735742459,-4.5467167624688525,0
-6.2603431878976643,-3.6500620814231066,0
-4.5412803649947371,-5.4785952909037441,0
4.8304431263697678,3.7416152353520471,1
-3.6521099388508631,-2.3262902121373714,0
-2.3169998424852318,-2.2361464014959118,0
-0.36834726964084696,2.8374401501512949,1
1.9302674715186943,5.1226625319702812,1
1.8302585992317935,4.0648675919525994,1
-3.9947135594647509,-2.1437197716062242,0
-4.2807331322718722,-3.5806633442101194,0
0.30926336530941878,6.5759473011819054,1
-2.0922730604793252,-1.1190751099532719,0
2.9972414253244137,-0.97731148347345309,1
-2.3084377309118453,-4.0517531519580805,0
-7.0867324310377597,-4.8734479944262308,0
-1.2198728899499549,-4.2350164974954518,0
1.7441353654932088,4.2591677746728109,1
4.2972821635662486,3.2407013923716805,1
4.7935298481799427,0.60838945993069116,1
2.1814689809580754,3.3181849723924737,1
4.150221108781075,-1.0451936277848377,1
-8.3194395513778225,-2.013749353316328,0
0.66007858975575218,0.68388780578041386,1
-0.99112903716516687,0.38742984473734632,1
5.2653512136621714,0.33632913415031629,1
0.34835687701405238,8.3657281062637967,1
-4.3954872615816729,-1.6491260695884451,0
-3.9995487623639057,-1.6423263635261645,0
2.4489832020776703,2.9923238664335945,1
2.4339012284747277,3.1934477656924618,1
4.2993970482375889,1.2207124521787933,1
5.3931004249126326,1.8150333839883153,1
0.84167024110166455,0.38583329730496008,1
0.10372736221989642,7.1919643512997844,1
-1.8759079404239971,-4.8996211289545517,0
-4.313718220161606,-7.3161720908279735,0
-0.98289477835558881,-5.0353880108848728,0
-4.0478672680275229,-4.7393370075456147,0
1.1319866282054369,-0.89816406217533729,1
-5.545069830719811,-3.6777041251302589,0
1.7281655367805842,6.607387957013227,1
-2.1375724887298633,0.050372406933624436,0
-3.5123645967227066,-2.287522486904078,0
3.0088520415454809,4.0191570470851374,1
3.6212493825530867,7.3893475156995825,1
-4.417354490500168,-2.3372763230138438,0
1.7524666410512273,-2.8920817029807724,0
5.749442583161203,6.7704300856449251,1
-3.5678571465726212,-4.7609512053372214,0
-1.3580115889542026,-4.2584243712719347,0
3.1944893569493882,4.627196901881681,1
-0.29164161757952689,0.72547157261995654,0
-2.8939447354337093,-0.092468192655088988,0
3.9142626653956532,4.5408419773208282,1
-1.9417970664918718,3.2364683917220063,1
2.7498813684029799,1.0316293803664875,1
-6.5649892487064498,-5.6254380413787928,0
-1.1444252603163039,0.56866081511640632,0
-2.1456090941188704,-0.27628766011976902,0
0.56029734114686924,3.7478019335255284,1
-0.91569764912515295,1.0600867396669122,1
1.3719060432386434,-0.25729619433284912,1
7.281453417688585,0.39489392604294782,1
5.209688146729512,5.8571254574322431,1
4.6912874369706294,1.2164410371628769,1
-3.676121450439255,-5.2264247627104119,0
-5.4672885645459655,-3.8626172932045266,0
-4.8342966220903154,-2.6813213952951038,0
4.1126237591967065,0.68526893134805222,1
2.338879024376999,-1.3621341389331487,1
1.1476029931192757,2.7203373159490547,1
-4.014393198084468,0.092571066730939844,0
3.5440591908944583,5.2095795182198197,1
4.4404819932557302,1.7454944854047474,1
2.8869216196230312,0.97700317854399144,1
-3.7826797348449497,-0.23342783139590351,0
2.5506821978880909,5.3009958976094076,1
2.6881197973377029,-0.27577596201977972,1
3.0934120358828605,4.3401298133716439,1
-1.5964008521829853,2.3202376504993998,0
-5.5393130152769583,-3.3990210071349551,0
1.5726333313293073,4.7595246002473468,1
-3.6330868929935325,0.67442231358293236,0
0.73885705754218822,-5.4668836270814269,0
-1.7614042243119952,-8.4386798261884728,0
-1.2880154603804492,-3.4343410691575884,0
-3.1318897658777018,-5.0020854736075826,0
-0.59032311779759628,2.6123264092835816,1
0.01745667086488556,6.0213835957143367,1
-7.9551657843806129,-1.4331025929801393,0
-3.667917542539485,-3.1154330678733628,0
0.52412113214515399,-1.3230020547061903,0
-2.9771031763328502,-1.1811755987932502,1
5.7289877015271689,3.1988436349387439,1
-4.8394690097169688,-0.56837698259489944,0
-4.1535970180961304,1.3014194308646232,0
-1.8301577806478055,-2.8584226949520906,0
3.9196977137749114,-2.6917699877732515,1
-0.0093505100669641905,-6.6019733002132872,0
-6.9098165606561661,-3.3859358959829953,0
-1.6199880387582797,-3.3426511673946733,0
1.0848013337693461,3.3751928515564606,1
-3.6484816490919796,-0.17365997744246098,0
-7.570521578409954,-5.3848753014696467,0
4.5668111453604983,1.3842432546995065,1
-3.9677385740001223,-4.6445906379926774,0
4.4773944544177473,1.9702468360665262,1
4.8605230812209292,4.2590215319865958,1
3.7235994175752247,6.3907448693729467,1
2.7154209607693245,5.0630711424116059,1
-3.6052287438807329,-1.4272656563284665,0
-1.6614187976601738,-3.5826523595744324,0
-5.3389831947757376,-4.4668718333582458,0
-2.510898970694202,0.063985949028706024,0
-2.0281552901641131,-1.632619010899915,0
-2.112085738927429,-0.12490905818715747,1
-6.0149399713361191,-4.2952390823663569,0
2.9563251557006711,2.3449467713033036,1
-0.85561226989942174,-4.6435587408948278,0
1.7565954334236906,1.6297917466566305,1
-0.40894379079433429,1.6300009952495615,1
-3.2515128559446826,-1.2869065510630735,0
-2.070788510391893,0.34343437418875489,0
1.9605129925501552,6.0430383902851759,1
-3.6716109794985043,-0.99363259710947593,0
-7.382315758365289,-4.9398456783702924,0
-6.5892231654779039,-1.3691251532671143,0
-0.99046596498860984,-1.6290055801411032,0
-1.7149061497888025,-5.8525044189180937,0
-1.4351994816796831,-4.4447721565955112,0
-7.2702640727998933,-4.387621557680351,0
-0.12877561313781261,-2.4601383954245244,0
3.8316463796447611,2.7160838058461754,1
-2.8018356184000055,-2.8269970745747699,0
-4.750189376951595,-5.8051798304977069,0
2.7853493592854721,6.7637859417709443,1
-3.2512279401010074,-4.3693447050347425,0
2.3000813624948937,1.3990752881266166,1
-1.8862414521834685,4.534018233155181,1
-1.9015958355057165,-2.024198811409998,0
2.2673314311427299,7.2794903930270012,1
-3.0049374081534999,-5.4307720952627641,0
4.3824087492139521,2.9363622994150922,1
-1.995068126847749,-2.3924922233438579,0
2.5197013578285392,-0.086627187913247194,1
-2.5009342211182215,-2.5009947560862411,0
-3.3555875841998244,-5.1124058448843348,0
5.5447416728108543,-0.95603924429297438,1
-3.0837468279272637,-4.7425416046399356,0
-6.9349469513813986,-3.9594158427445691,0
4.0150875665013599,1.8773612716813668,1
3.8597615268606011,5.195864295352715,1
4.5814186940106767,1.3017875225014093,1
-6.3426623095330079,-1.7456409806902027,0
-3.9484349351500247,-1.5411337236230196,0
-3.8470442342577029,-1.8104545690869729,0
-5.7492563133810837,-3.3797615050122367,0
1.5258171591367127,1.6649591094581486,1
3.0144918318127347,1.8749384384624377,1
4.8106257509072528,7.3043297612338387,1
-2.918467129067869,-1.5014637324946662,0
-5.9990584534382636,-6.1338944723954842,0
6.9124040134287208,4.0049209489436954,1
-0.79822753805936086,-0.84021023221355762,0
0.6027065932449398,-0.39263388425669854,0
2.9216453915223068,-1.1310020720464413,1
2.7421722884618798,1.9772244735655575,1
-2.3027729029525168,-0.73785232503508524,0
5.0625902599306691,5.0706465875828624,1
2.1577067634406162,4.4573841477718013,1
0.6541230628474719,1.0106577964047052,1
1.651793155616744,3.5573662097266401,1
0.26084578708441519,5.2324133815677358,1
-3.2335507464834485,-4.793969488944029,0
-3.9954003159026916,1.0247022417607194,0
4.8217245447506301,6.7225559741329883,1
-2.1332764818391503,-0.9444341468823354,0
-1.621508053891425,-3.2595808147660645,0
-1.1797060819861502,1.2198136755741968,0
0.32583340065219479,-4.6634897187018822,0
3.929947852451761,4.3575251600009164,1
3.4250347757793973,4.1519213078105235,1
5.4831990834216455,2.7643036390676388,1
6.0751117402808772,2.4368154269498135,1
-2.6729617268049091,-1.6867676338246078,0
4.9499482683655662,4.2087639726742365,1
6.3753753986376243,-0.23869659373158658,1
-6.3146428151329337,-2.4120577392627425,0
4.0255773912230204,4.2292921083959598,1
4.5884710623011582,8.7845315608833765,1
2.7442375807163772,-0.90876164436485762,1
2.2844264569775929,1.8792619964713804,1
2.8126208875919687,5.3629660024022314,1
-3.1199954152312102,-2.1542703225808841,0
-5.7714645358063956,-2.9902242532673502,0
-3.5883621105575458,-4.0606030278220189,0
1.9029542185791368,3.2201851549003537,1
-2.4125559137495953,-2.4970637036837284,0
-0.79569441631828708,4.4483822665214223,1
-0.74537812895214106,-1.9565701732220298,0
-3.0334173624063814,-4.0114915866889076,0
4.7138758436968518,6.5444015492176622,1
2.994918643760589,5.979131826673509,1
0.43786738993622887,-3.2184257971686203,0
5.0379246842603997,2.5312498311722726,1
4.0787812444180824,-0.068680719283412461,1
5.3972569725475186,1.5579177533691488,1
-0.60617634910915053,0.87546938507208161,1
-1.1008235395203116,-0.63402293676306654,0
3.5367289280476308,-1.0518987914135467,1
-3.1825878746249465,-3.1644295491477483,0
3.1709501591847693,2.3454714307171414,1
4.5583235047209234,2.6076273296523467,1
-6.3791725067337639,-7.1346948340326106,0
-6.4076707753475253,-2.0607372418417773,0
1.2603447461463664,4.6657217515128986,1
3.2486244392107122,5.0173612100221554,1
-7.003190746711164,-1.3723306625873948,0
-3.4634604080830043,-4.2992283292782183,0
-0.16325906931833689,-3.5220774108698722,0
-3.1131051435022248,-3.5034419426104417,0
1.0829329115414164,4.6891715584356195,1
-4.7570065909064558,-2.4944833907520172,0
5.2759439328951103,5.3144586609144557,1
-0.10496794775874729,-3.2589056334704578,0
3.0423935207276718,1.9965940025926789,1
-1.3793287525039264,2.6644826507800863,0
4.4246956911737056,3.7001594126043011,1
1.0240470553939218,6.3194675406381258,1
2.3242929096996301,-1.4974808487828639,1
-4.8997766708329493,-4.1417865490589154,0
-3.4982052722724206,-6.389323652474534,0
-0.9126475715715987,-6.6117348832034386,0
1.5291918922454963,3.0172338773673206,1
-0.042715266189431222,0.4971670208687744,1
-3.1656275433511247,-1.9527272002986176,0
1.6893693311440348,7.3052211245994156,1
-0.87428367956869124,-2.1852902440803539,0
1.4760622484499091,2.0649599142692057,1
0.58845055571882421,5.8390364826581393,1
-1.538563739909,-2.8230846754669514,0
-3.2407799414353535,-4.2766550604087987,0
-2.0383544373567011,4.6109850812227817,1
5.1978329764411981,3.6212786246612629,1
-3.8571115256537047,-4.4753708376750074,0
-2.9365646461000345,-9.1113920593545128,0
-4.7477621077374756,-2.1982901501339631,0
0.90988673192490754,-4.467270882824157,0
5.0029116456630973,2.1896032624227728,1
5.3121549534200385,4.868458023082578,1
-5.2353526379012081,-0.95985542772787591,0
4.0382241268248462,2.5726813237574451,1
-1.4466239385285882,-2.1099004652900057,0
1.7782967932063956,5.0307594876381598,1
4.550708864851595,4.551202464643997,1
-6.5931985255817329,-1.8000790918115739,0
-1.9120774759508903,-4.9068910272699693,0
1.2920197263817892,6.6645320698287911,1
2.099831444314459,1.8533149216002927,1
4.9040117941468964,4.8039823958524668,1
-0.24248770550705467,1.1788809073575273,1
-5.7334180953117908,-2.7169633593397204,0
-0.95912205247128757,-5.6010964307849394,0
-2.5306517331384644,-2.6410118528090241,0
-4.3196736558541087,-1.7860987274011506,0
-0.81108561876794472,-2.1105692115711236,0
5.6763253071262456,2.307331827085616,1
-2.4676710892884333,0.92345029470847972,0
-2.620903104215853,-1.6366514394953258,0
-5.3439022644641554,-2.1666749867066208,0
-0.26880328468066539,-2.5033802913780465,0
-1.6370674048032237,-3.0185032771225893,0
2.3564534159590234,3.119664600632261,1
-3.1829111188963743,-1.0335547905857247,0
4.6663171158938015,3.9968516229626574,1
-4.568523192210959,-5.0427065111732725,0
3.6042333148628116,3.8964141243411676,1
-4.6645838987128379,-3.3705695822364756,0
-3.6335024520211223,-0.7922902355746646,0
-5.3592586911479003,-2.4650699930735587,0
-3.2108391324173051,-6.050121782185788,0
0.16487984604298411,5.677716112657464,1
0.91759560257433348,2.6950440670818097,1
-4.013407831706135,-1.515478984332302,0
-1.5002092964900378,-2.211278386415187,0
-3.3547139413447216,-0.32377999467722107,0
10.531725420700084,0.66616198907189528,1
0.57643076851797614,0.32965971232651325,1
0.7703341274572657,3.0457154493662943,1
-4.345152088760619,-4.4577004892370375,0
2.7426470296652146,2.0240104218690584,1
6.6350959392049269,1.8927246554041872,1
-5.5293563977632907,-3.7792357944136152,0
-4.2669275918534986,-3.343413299139121,0
2.2565538127281122,3.1992850366535852,1
2.2185797878579563,6.0539828761879679,1
-5.0823277119372658,-2.3031587512836507,0
3.4952896522892405,4.1707652371978678,1
3.8060215945700793,4.8674934853640615,1
2.8664402115991554,-0.2706497034266615,1
-2.5487607096621527,-3.0263651949169486,0
4.2988120884553407,2.2702055172769393,1
3.6641436809233445,0.44254751065211506,1
-4.0983990661592049,-1.9252960745367673,0
3.0286006976234114,3.7222068152743062,1
-2.5615390795766455,-3.8795804719060349,0
-4.9510410646938334,2.024860712539998,0
2.3166279520448914,-0.25530272643646512,1
2.8468668756999493,4.0818553479809729,1
-3.1695990159232865,-6.0205589117828051,0
-2.2107909042965019,2.1392292890236173,1
4.2860592908080601,2.3130519569080219,1
0.28415995157718754,-4.037684051909471,0
3.4571789336734242,3.388892685849223,1
-1.7745479698339808,-6.6210152190980764,0
1.7823212746342194,2.3718109370941991,1
1.0301161270182413,2.657399818707411,1
8.156675099751137,0.13028988037974498,1
5.5259442331914901,2.3462455304291887,1
-5.3323837038434458,2.528534247865454,0
-0.97874378945571427,3.2532561194403922,1
-1.7916125904667501,-5.2390876253328145,0
-4.2058721286560914,-5.4884568982700319,0
1.0516054582884755,1.5301677382100043,1
7.0908953291548045,2.5231211200404049,1
-0.29271385590135202,-0.99406651589863015,1
3.1358874646520771,2.7588357939870138,1
-0.64240841844263352,-3.3076936527363729,0
5.5694727538751518,1.9950270374351933,1
-1.322000155927971,4.7193581994790801,1
3.9764014230883395,4.7581672243336266,1
5.8680932439754487,0.2212238286048831,1
0.7519830399199221,4.3715625723221683,1
-2.7041771226034816,-3.1158223517543591,0
2.1066743348522783,-2.1768326988475462,1
-4.6698550571009125,-1.696636007766946,0
-2.264359000759474,-4.8570238666030789,0
3.3186407592423226,7.674150515354766,1
4.2720620250867114,0.88112164681297456,1
6.365603415877592,1.3883207112721851,1
5.5539988631316071,2.4690401840231853,1
1.9784416428328413,-3.3100602472981135,0
-7.6009343838381254,0.49151292565652049,0
1.6608191497431752,-2.185423948896819,0
6.1228683100852681,1.8849600910653546,1
3.2011533118749882,5.0093208925314876,1
3.1909590410049167,1.1747849009796856,1
3.9261870045406644,4.1778612570022817,1
3.5678640106757129,5.3986725591231766,1
1.9097546149707949,1.4372363733599416,1
-1.0265567727505123,-4.3724649105954532,0
7.9903250597789715,6.1632691602984,1
-6.7433265641192932,-0.51273576816357203,0
-1.8021353134472951,-0.92574590635308418,0
4.1956699044642196,4.4835953366369417,1
-0.91517811126579707,-3.9619054315515752,0
3.1857257545338893,4.3822328588539321,1
-4.7238009683856994,-1.530386808026085,0
-6.035564494494257,-4.2343519025196201,0
6.0323276644440877,3.4493956248012068,1
4.636454353186088,2.5776658966202062,1
-2.1909029445549262,-0.49276327567921641,0
2.503682157584473,4.3380776339913876,1
2.1816112048270706,2.630102833212244,1
2.7716646917815542,3.5074428680406768,1
1.542700713972857,6.3212937494846075,1
1.9384477666151991,2.8563868509314787,1
1.5390757639853434,3.7583098905007675,1
0.94411836067179955,0.79093682950583188,1
-2.4426616313889653,0.10302129814839356,0
7.3690606580681264,2.1761412319093174,1
-3.7840577331650982,-4.1243038309316846,0
3.8677607859082848,4.8898099468113312,1
2.3402636994817003,0.69157784372166731,1
0.85467430297874714,3.9476486868843375,1
3.9241583994577036,-1.8871568281891244,1
-2.393022124460602,-3.7022100463275511,0
4.7879267237504584,3.276356314791423,1
-5.7922324306786068,-4.2562588006579745,0
-4.086649318817889,-6.140620906247257,0
-1.8822061175003668,3.7307284254805686,1
1.3244085339162917,-1.4746246584356275,0
2.8714856616280722,3.0932066064976196,1
2.3519908250220696,2.6253820854424403,1
1.2892514393140957,1.9592332303849527,1
-2.5869315174296483,-0.73447413661061756,0
0.8695741616121575,-1.5478571101826626,1
-2.0054065408335342,-2.5678294504290564,0
5.6484818930670002,3.5166697472431538,1
-0.050713893509669372,1.7180057385168708,1
3.8184489599413762,3.8007217559737239,1
-0.091582225119073435,-3.7757397616459598,0
1.7540576490422426,-0.71291348679205147,1
-4.9899653848319865,-3.4204187583626235,0
3.2559895674736166,1.6521416027020681,1
1.8300467580289028,2.5663780700194998,1
-3.6378963650439746,-0.10950349291881034,0
1.4933975443596657,2.8146032820861269,1
-1.7944005422208713,4.3041497067915593,1
-0.30688802028336903,0.55691509187629684,0
3.8349463789729685,4.6411605790459305,1
-4.0757255320008356,-3.9232153664820233,0
-4.0125995689711997,-4.1489604942675662,0
-2.5827858120881499,-2.3120177408386198,0
4.2453658160610939,6.4742125269883868,1
2.253455267626427,3.8685751653313143,1
1.808775509076515,2.7564911103905465,1
1.1052655331305612,-2.7688139146767785,0
4.7094750717005232,0.23275115993783535,1
1.4994084780320831,4.475918245458292,1
0.82451693222867783,5.1842320510512652,1
2.4909233133284059,2.5973911101506539,1
-2.9733335433237515,-5.0249004602245488,0
6.674544031534408,0.26072055315168274,1
-2.6043174932922168,-5.2600891379579391,0
0.12004466168862793,4.2888639435122329,1
-1.503432292302149,-0.45594415439328939,0
-4.2600452671051592,-1.075371086985053,0
2.131215841570762,7.205793375585765,1
6.9147147854010065,-0.40588246981702358,1
6.5503153924280948,3.3914615314297833,1
0.84538568024077332,-4.264892856378502,0
1.3699567402715918,1.1268748329153433,1
-2.2935344948361349,8.8605383157630442,1
4.719149785687085,2.224005367663429,1
4.0498222325048765,-0.2449050677032063,1
1.2829417657154918,1.638124330686453,1
1.0671325396996714,1.7720811299930528,1
-0.53351430507273712,4.6281292161292251,1
5.1500729719857041,0.37186436052975003,1
-1.7766569110500461,0.94388517546654027,0
2.1009785790344968,3.1759179439459393,1
-2.4344754943340696,-0.065937178084920056,0
-1.6071808344533443,0.56515165800235279,1
-1.2456151385828811,-0.28315310067857258,0
-3.6280398122413651,-0.68347378046407847,0
-1.6558419995362088,1.0993889790884372,0
2.868593699116051,1.7015922881775121,1
-6.775024019672987,-7.2757812880441177,0
4.0227070846624038,3.3754059887162056,1
4.4784231736699178,4.9020888287105544,1
-1.4200948744532751,0.24240333803682113,0
3.7978182422439795,1.0839671983314234,1
-4.7407724615896658,-1.5494381956714975,0
4.4703625497891357,1.2304317029999552,1
-4.0454079274918548,-1.5328524979237517,0
-4.2193778714047223,-1.1791890865778361,0
-4.5944687331388145,-1.6113618642433312,0
-1.058119213604372,-6.2767373765467571,0
4.5975934984323503,4.3338700646776536,1
3.3789409439997815,1.3535953106141052,1
5.9836406202422125,2.5836738169843398,1
-5.7454479537735015,1.2322281016328338,0
-5.6722019269383033,-1.4703630135631254,0
5.1259142055619584,2.8952385410997934,1
-0.4246751886809208,-5.591731296750531,0
-4.3210070760856949,-3.4101313540870031,0
-1.1430884435252873,3.6038864672884463,1
2.0402413870666707,4.4346146246328244,1
1.0414338319718093,-1.3183761377760788,0
-4.0805137878535849,-2.8241883191887163,0
-3.1796782693603012,0.096089237351090873,0
-1.8470245679584323,-2.2674059272402927,0
4.3595098615106274,2.9005126437744178,1
1.6820010378328225,2.076185449531855,1
-6.0117762740091099,-1.6490688150011397,0
-4.6771724730144557,-4.7749782333797848,0
-0.74145839918897227,-4.5914698376955787,0
3.8310715950427308,1.2050920802330887,1
0.97369668026069034,5.9064685108592609,1
-5.4906015576166673,-4.0128308082028923,0
1.6812711884619416,0.56467399594354184,1
3.2466031866404261,1.3768399733152246,1
-6.4182873774800324,-5.7216609247261196,0
2.411002165563632,2.9429546172355483,1
8.0277398490603602,4.0771683588453955,1
0.72152082240136339,5.9527402173825816,1
1.5903997449428993,-0.7871875957881227,1
2.0654629424328261,6.1078089801014439,1
3.0882330353516436,5.8771495544387928,1
-1.8475365488366073,-1.4798972836575877,0
-4.9070238021934109,-6.4564982980620229,0
0.62531546293965956,6.1923271958820942,1
-2.2742343537958547,-3.7427326823983011,0
-3.2028662307507303,-0.34335527271020938,0
2.394981827123507,5.4078593415371277,1
4.1974415457259457,6.4818014239025823,1
2.838607991845604,0.53525449123248281,1
-1.2631943491201993,-1.3033813625660342,0
2.1637754900796025,3.9302323457290358,1
-1.6319788139578697,-4.0272299550514425,0
-6.2449490563169148,-2.5202422183569411,0
-2.3888954565185747,-2.3121225053484578,0
-0.95767781026184728,-5.1488534436107081,0
-4.431670261890404,-1.3625235858658815,0
0.29780370482285257,-3.1112572622962058,0
5.3773446997425483,1.8908661016545241,1
-3.7282643987070152,-1.8638772616566206,0
5.0789117650845892,4.8092509494849072,1
-0.3068283830843459,-1.541559054759706,0
4.3939074486887923,5.1059335494481939,1
-3.6525511858070669,-3.2718311246593443,0
-5.7997120024573423,-4.9386274336714004,0
4.4285061114963318,1.6115539330258855,1
-2.6085158413308438,-4.035208888750569,0
6.1653704016601978,1.9971612804155277,1
3.0213184045394139,1.034090518509734,1
-4.2326701327998499,-3.9960344356673527,0
2.3092006341257423,0.93833022171774694,1
-5.8755071216870922,-0.39875740937013537,0
2.8613334040644851,-1.5084677583116428,0
-1.6080974356159705,-4.64487553119067,0
-0.42044985502105847,-3.4874864197772748,0
-3.0459574186771725,0.62372125002455148,0
6.120719024645048,3.9638157293789549,1
1.2688912414188864,5.6405188229962597,1
-4.1814480780815977,-0.95275477627432759,0
-5.3156412032484326,-3.0701190630556412,0
-3.8680339964549315,-2.5584057634888149,0
2.3495442041115755,2.1122429439803936,1
-0.14554729932424371,-0.65750520975704818,0
5.0080418932259452,5.4499906316734048,1
-3.279982264915045,-3.3637406416813649,0
0.86291594052947795,-0.10785277150743067,0
-5.1989956906893386,1.0502395401173645,0
-0.56167003672512061,-4.0413579533600821,0
3.3932199102132405,2.3204672857917172,1
2.6234961624217612,1.0386538291706928,1
8.9548361022177119,0.91571806587396054,1
3.235361529536648,2.9211473345628698,1
3.4343733348186736,3.1606288604280448,1
3.4950702819098654,5.3969406105575981,1
-3.2652378404974631,-1.6953446522525386,0
2.9398776677037213,2.6526899534946682,1
2.592755222107896,2.0097909812959651,1
-4.8974936702288074,-4.796943834528232,0
3.1598264921893691,2.3322935719115279,1
4.6064965268406972,0.67237164580803421,1
2.1093830598348502,4.6211609261015205,1
-2.084215302068527,-1.30830384329892,0
1.4085629878152588,-5.562215708075029,0
-1.9304607036723644,-0.68469381775515004,0
-1.8563161797377028,-4.4187416979889864,0
-0.10900325212960382,-1.9855602136831485,0
-5.4333154002228889,-6.3074527444039727,0
6.6264462561485589,-0.45421164546411807,1
7.5852971849303339,3.7396670287467182,1
-4.5123368115952349,-2.782939358000184,0
-2.6417467531627401,-4.4587503918349292,0
-1.2310517641304659,-0.52241604032361755,0
3.4685518916385787,-2.1567524421625954,1
1.3567470432295874,-2.3755549634658522,1
-3.5773601967598152,-3.82798219064418,0
-6.8775420082671834,-3.9138427691097633,0
2.8510736675755717,0.28913475103540476,1
0.3445997241408203,1.7083093705991443,1
-3.0778909993538264,-1.3822121061646446,0
-1.3558945733505263,-1.4696199538580645,0
-2.4370776121931006,-4.0323543415316934,0
0.089165294865352074,3.9067155791333601,1
-3.4919724092488957,0.014532317502054859,0
1.82306842785495,2.9289898200497313,1
-2.2621317109519383,-5.0687017484512626,0
-0.86584691077145415,-1.7825451200907683,0
0.0085916566222188351,3.6782454151786799,1
-0.62527198026756148,-2.0577018587184375,0
-1.3779904578742581,-4.961168565552013,0
-1.1140811615523283,-2.611957726658992,0
2.48587391852814,1.8895756555390817,1
5.0474224519541053,2.75610426086826,1
-3.8059994052772148,-2.7605540432779474,0
0.087113099471455069,1.7121545087421053,1
2.6226213886153,2.5156132175464432,1
-0.59726143200156967,1.5648665693823665,0
2.7993046216965984,-0.3062472891119663,1
-1.2541644219957568,3.6580541776744919,1
-7.6825060885831711,-2.6327236333565067,0
-6.8921774912087965,-1.039863496498953,0
2.1022130707716356,1.059024108885924,1
-3.570211360930291,-1.6829599951986558,0
-5.922233537794277,-1.5692197483779482,0
-3.0858283208391533,0.7412429397435667,0
-4.9397802855886557,-4.3039849727229527,0
-1.8459375325541991,-4.5142934388082709,0
0.39443286901487484,-2.3621631252963269,0
-2.0652312721056139,-2.9407733959120992,0
-0.99822589313226384,-1.8993167604238983,0
-2.4129248133280274,-4.4278707960124528,0
2.8320405892952905,2.2932585907734433,1
4.9548932892797257,7.2466588471901385,1
-0.187555583219285,-2.3706402519592489,0
-2.6299794384229802,-3.5979581602515975,0
4.3089206340468902,1.2642438708516472,1
7.6403938153316213,7.4472588576099534,1
-5.4649809457641707,-2.1015455387806936,0
-0.35869209816806658,3.2754351086965294,1
-5.4039387800830987,-3.7475904181605304,0
-2.2202607223296376,-2.7761549773400951,0
-1.2904811654390063,-2.078688945381177,0
6.9114864335213682,4.2372762993152433,1
1.5951682100232201,4.2794303197716514,1
-9.1162712794576244,-3.8883900950056649,0
-7.0830707440444609,-3.0127712492249663,0
2.9416327708958168,4.6457828798542788,1
5.2132080174011985,0.27930513968178694,1
2.2484119880072146,-6.1703173861658547,0
7.6250194804000104,2.7732558333248298,1
-7.0618557110858493,0.97558069333149566,0
5.267145602122854,5.1688911323801294,1
-5.2354584063677523,2.6789404429900712,0
0.098084858388849838,1.8638555476127483,1
-0.43546055040359999,-3.258262438177983,0
3.5087803974517362,3.1391908051323614,1
5.2026021155716142,4.252805338769571,1
1.6803964553633917,2.3055934303969674,1
2.4207325360667378,3.5306479338656263,1
7.9112882441556183,0.24488289659632834,1
2.1102033539605047,2.3864192424396946,1
-3.0973459313977703,-5.4653655019210845,0
-0.17995757133231649,7.3777928524957535,1
-1.5593771296250203,-3.2478691693455684,0
-0.99441057472196848,2.3453677439883407,1
-1.4152376717773556,-4.968621629047246,0
1.2900651484049872,3.6553115430899217,1
1.9128410347569431,1.6573782079042034,1
-5.3735224342644443,-1.2881152406368042,0
1.1869714110532965,6.4567424302421941,1
-3.6704920503679275,-0.49796502862061853,0
-2.5598112535219091,1.6753445114013026,1
2.6996608106102342,4.563175071064272,1
-3.1380636346771831,-4.1338207791395343,0
-1.0930353444857275,-1.050653950388396,0
-2.8027298366777127,0.071078085743406128,0
-0.21458437616782877,8.0010807235817119,1
4.3235899338735351,0.47004544384446767,1
3.6041543191435452,5.3800501404182874,1
-2.6292434117019798,-0.052913691541381702,0
-2.5870416434179004,-0.29941096071116391,0
-0.50941860635597802,-1.3525310744802668,0
-1.8100170683746357,-3.2269890486386439,0
-1.3427406220642217,-1.2906392839094751,0
6.6052301525824477,3.3618889287062594,1
-2.7971858415430235,-1.9377259576394918,0
3.499680328678676,6.1225959277364623,1
-3.841680020495104,-2.4340639780721078,0
-3.3288037490943116,-4.4100152506903818,0
-2.3282221040071112,0.25460298440106488,0
-3.750729555445357,-3.3464592961989235,0
4.1951124065807868,5.0211422510343304,1
-6.2273098024379436,-4.8967958631573936,0
-2.8548819012762037,-4.9659759250938942,0
-1.2794418177824265,-1.2651035207396224,0
-3.8588776904200057,-3.3257597382274673,0
1.5914893488613548,-2.6918781228899,1
3.5954295405671477,1.3615591930197943,1
-2.1187940174320237,-2.1830806771325673,0
-0.2583899069621074,3.516844639274904,0
-1.5828930734824931,-1.7742585403784483,0
1.3777191972702207,2.4625746765313399,1
-3.629529363562475,-1.5836477761032433,0
-1.4361755845977224,-7.1110793624817337,0
2.7923544739393713,0.1222214598952398,1
-3.8674674244468612,3.0931755720388843,0
2.8479112563069076,-0.11625593247166144,1
-1.6647417238801954,-2.7714983740103705,0
-1.5518870300675367,-1.4981703163672024,0
0.95211236445439296,3.0815631081517258,1
-7.3313529619382702,-3.8772034172624732,0
4.302880882614998,0.24278167549984975,1
-4.3600255992247323,-8.8863428315391744,0
3.474707250929892,4.9171047304743096,1
7.2162519969228294,2.4836003274366445,1
0.40021203424601692,-2.2985904401150048,0
-2.6977021871173124,-5.7755435319357655,0
-0.52241423130411269,2.0412371675003977,1
2.0068294512655833,4.4083812613054718,1
-3.0285397887231782,-3.5842358017144673,0
-3.6762019488697231,-6.2711677779576833,0
-2.8464783375001694,-4.1122421273222631,0
-2.2732641162172973,-5.6090446744781062,0
3.5796355766561643,3.6042689804703674,1
-0.0381350089255581,0.32817848725999621,1
-4.4682093586180009,-0.42610963951985292,0
-2.1323569287741879,-2.2503497726744595,0
0.74227593368164779,-4.533061051155558,0
3.0235652787239791,1.1218086381494243,1
-5.7348413101390427,-2.8731879365065351,0
1.4731620591381116,1.5374533834109587,1
0.70629051432297363,-1.4907995335821509,1
-1.0948881146390297,-0.64395568969858274,0
3.0228682642712572,3.4019299087489219,1
0.66577023601429941,-2.2421937884809608,1
-4.1770095750965961,-0.10637900102525055,0
0.40802734414016806,-5.0642550288047357,0
2.4339100761521748,4.3771631037692007,1
-5.3211133614391635,-5.8396300870560083,0
1.5307009411407182,5.9907371331331651,1
0.25260124909085535,3.539611008237233,1
-4.607107043999946,-2.758494147140917,0
-0.37753739086894988,3.059436771462424,1
-1.9636740728488116,4.8146520656256842,1
6.3947495150202593,4.3402225608399974,1
-4.0964615599182661,-5.3036442895973241,0
-4.3531244202678367,-2.1703660924844561,0
-0.24156171679590077,-0.73161314890811102,0
-4.1972680789411942,-2.7756554773898392,0
4.0947301929749855,-0.019320958257334375,1
-2.4929020184409851,-0.99907471533273151,0
-4.0546270102734594,-4.4046637283575265,0
2.1646565976878414,5.0208673819020539,1
-2.2835549763181819,-3.6086209264655267,0
-4.8591433606164589,-4.1097850989468609,0
-2.5572949170841501,-8.4189203047383607,0
4.3105890939932108,2.2818085653057079,1
-5.0637513461154047,-1.7265507713568518,0
1.4552749297879304,4.4356320274616063,1
3.3277758182280004,3.9642002165371641,1
0.027158145545547185,-2.3936555769118746,1
3.1163429670866947,5.251370326688316,1
-3.1585605556710887,-1.8210653081030006,0
-0.067921382358424154,-3.1974851096896533,0
-1.14133545825931,-1.3480570738070878,0
5.4090869454154236,2.6962263516108766,1
3.5121526135986127,3.6122333611213113,1
0.9690016351894295,6.0372152006186646,1
-4.6251449924866321,-5.6045088370410756,0
-0.60194858514638439,-4.1258285310799589,0
-3.3412674271341904,-2.1146574206855187,0
-0.5685686420235454,6.7452300227362914,1
3.4587089484248867,3.0710752402900434,1
2.803566700417476,3.467655357496819,1
5.1827617383457145,-2.8143934461330673,1
0.88145514337176678,1.7657977291302145,1
4.3378158387932917,1.0422499432536985,1
-1.0817907422562225,2.5054472936405121,1
1.7534894221366877,1.7862887741614735,1
8.9084512128451898,3.8938535151276561,1
-0.65248759037915072,-3.5660533352634056,0
6.4688658706755415,0.97084494088473638,1
-3.7897567890889614,-4.9532441900657833,0
-7.7736948030705104,0.33299689253340459,0
3.3064462784989854,0.30774345112489776,1
-4.2064775007330191,-4.0441675506870594,0
-1.8294089817181711,-3.0460735153525338,0
4.880693369477064,0.54680831226640692,1
-4.1861273887332358,-0.28912021921948394,0
4.5531337057943944,6.7915286694402335,1
5.3828218823515668,1.1692426146222299,1
-3.0951029022731027,-0.67697784435111874,0
-3.7888481352830765,-1.4144651039552061,0
-3.4684998050243925,-4.6561613546954606,0
0.28723832764294466,2.2415490339872619,1
-5.5858670225368874,-2.1383058209386974,0
2.1658278752464559,-0.95639802325168999,0
-2.6810972423400603,-4.419832813026618,0
4.6502435935280477,3.3651917495887829,1
-0.60335829924527484,-3.6208358850633018,0
5.0784077471449605,4.2898315241976643,1
-3.0171986709412479,-5.5037574865634156,0
-1.3565957708002983,-4.2930032557934537,0
-0.32845333837349555,-4.6422570659087192,0
3.5408369311158086,-0.18740030833966648,1
1.4245356109682041,-0.32214885675711535,1
4.1216684149765248,2.7053698772442827,1
-2.079970474130441,-3.7207630204576834,0
0.57491487305643796,5.6109401334119138,1
-1.8535166904589964,-3.552281335848865,0
-0.43394901481207215,-6.2191274422181184,0
2.2652829379486565,4.8910702103408701,1
-2.4294563567566803,-1.9968300651558784,0
1.7989737398847723,6.6259722909554029,1
-6.5294202400532235,-3.6368503962423278,0
-4.7643334227362786,-4.6941025969544175,0
-4.938882673240891,-3.1897047786846247,0
-4.8971993164218048,-2.14923846619569,0
2.8162586155417704,3.2655586776322871,1
1.7462263451719124,4.0762753680780559,1
3.8696267300665492,2.5830778839758683,1
-3.8176181263653657,0.076890743990227328,0
-5.1178975401908602,-1.0723189483720894,0
5.777139341085741,4.8368054062067429,1
3.0504048435309734,3.3542333586928277,1
2.2757412975260558,3.0020113918658273,1
1.6606723326827468,1.4030249444837879,1
-0.67177446255137152,-2.7562447065642335,0
5.6256012631065202,2.6120601848306793,1
-4.0778352183997653,-4.3953447431913242,0
2.0815704333842389,6.2764449688535411,1
-5.7328132272894239,-1.6056918216525633,0
-0.53908065462537502,-1.5239269887452638,1
3.7074629716477343,-0.11510240484153034,1
-5.4564519658469575,-0.89846080314296595,0
-2.8390243333415097,-3.56444179773026,0
-4.6506018971015823,-2.1290752079074275,0
-3.9625269885370487,-5.3175653262019011,0
2.7806973324189181,0.38633256283367512,1
-4.4826507289788697,-5.0138430728680108,0
-5.0224922669691905,-5.4079426642549793,0
-5.6756334217250739,-0.27646921796398605,0
-6.3734372140964002,-5.7590629778781786,0
0.91038829158971168,-3.1442881829203002,0
-3.6861398936503327,-3.4416951623843426,0
4.9501822895869623,1.8155040679784653,1
5.645939204552695,2.2699256955066742,1
-2.4168808731042395,-0.13736119618020926,0
-6.7371222307137764,-4.7276536239226985,0
1.1693807235712996,3.5268247251309339,1
-2.6591369089982115,0.064431487493791018,0
-1.8733903154618186,-1.4548610064020016,0
1.9233018913138074,4.3222184370246239,1
1.994212851335166,6.3115691978266319,1
2.9240133261473318,5.3730639669399931,1
3.4191030982936974,9.2074637308986631,1
6.0156618965024595,6.4094272227034423,1
0.87873370833266096,1.0549374089010743,1
7.9406570702434118,1.6393962981065624,1
-0.65509070399957459,-3.9335447030812971,0
6.2039720085675487,1.456032026778129,1
2.4645002091843766,-3.3241457105494683,0
-0.67988088487453879,-4.1477834512996345,0
-1.5692472643702566,-1.3131798491139077,0
0.63238531543719834,4.5384963105701406,1
-0.43657137935220547,-3.4645826305873806,0
2.2211424066903085,7.1706888791511441,1
4.250618253202938,2.5529077982426318,1
3.1510525899414956,5.876568806773391,1
-6.7113507063750335,-5.5133791661498579,0
2.9205517951711801,3.8465975974188531,1
1.2390400413150251,3.4810589411700938,1
4.8369603106926444,2.110056024881259,1
-4.9304756704306865,-2.4797167178412138,0
-0.62711338750225254,-0.3517348678711536,1
3.9441708614515658,3.7180760969184385,1
1.0586358048509599,2.7912231574686022,1
-3.8415552481122548,-4.5427482392982528,0
5.1821812879146991,4.7568132041926159,1
-6.5351916721235259,-6.8561926012892105,0
3.5438904016378308,2.4873191585778622,1
0.44462442293776139,-1.6159434060061912,0
4.3817761078404969,0.79488234429318494,1
2.9030307709034018,0.7039668577309337,1
2.4626617911328781,3.2163857781628056,1
-4.2337089541616448,-1.8291435481528535,0
1.2502288688990262,2.8047980272842485,1
-1.2524258504627357,-2.4713100852669565,0
2.889582389322007,1.7207562096634315,1
-2.3878133016366001,-2.3277679945876866,0
-9.011324079518106,-1.9350527304550535,0
3.3165213458595004,5.3354206519959622,1
-2.0816020412803309,-2.8609626779681743,0
3.7054188460990822,3.1966483895951399,1
5.2967381502430078,5.5846685079261658,1
1.8856837835009539,2.2541171140358247,1
-3.6260494602547713,-1.4042369607162715,0
-1.2455554143053273,-4.0037824168734089,0
-2.1197889235631671,-4.2232472773733134,0
-4.077693252166263,-4.1155205918090738,0
0.95492829782951283,-4.3496737810989838,0
5.5921234847569758,3.4010508265308994,1
-0.041901165050385991,-5.3046619816830418,0
2.0226513978477696,6.1271187221675341,1
-1.5049098611458747,-1.6928779385997133,0
-5.084579070339676,-5.3633840133019541,0
-2.6360266682426885,-1.4198529306054366,0
0.96585580302934515,-3.1224757293398397,0
-2.6164704152296734,-2.7438556161012264,0
-2.0027992787853992,-6.3510911997641077,0
-5.2551491326110042,1.2909637985419318,0
2.8961958124915501,5.2467635383904847,1
-3.9406806272359396,3.3530219616261787,0
-4.8755810575721652,-0.44304293026019881,0
0.65461416535927119,6.494216648554703,1
0.5315390568762961,7.2758514669673939,1
-1.8835882569553455,-1.0212048507040288,0
-2.9288797733996588,-0.67289734971715465,0
-5.3853116482925678,-3.7432276234833335,0
-5.8581079301724142,-5.4942425235811267,0
-5.0763288999543574,-2.1861125783065645,0
-0.3382788364628615,1.0665025550564571,1
-5.3049484195204659,0.064273409803517367,0
-0.68497215902588104,3.131747307826271,1
-1.7648319959753345,-3.0964777744155891,0
-3.1390437281907504,-4.0715970223218534,0
-3.6958211250185009,0.44230198217511507,0
-6.5715140223082278,-0.70841803333579545,0
-4.3054723292738064,0.90462049139561085,0
-2.9438053375879383,-5.2007175440152702,0
-3.663340529943758,-2.6385155051066964,0
-2.0301228873870478,-4.9268297829149885,0
-4.1861196169825945,-1.8871416892218458,0
-4.2485050071428194,-2.3826551321392677,0
6.6197916363987481,5.4539147260564791,1
-2.5217134938290431,-2.617529731882724,0
4.2411933044992347,6.4049380956104116,1
-1.1329801863023663,1.8461992161102643,1
1.6985170009647657,6.4830936771144039,1
-5.2161312409065843,-5.1400525930054037,0
1.8703091911180552,7.4630831994485938,1
-4.4007662256303526,-3.4835137380363457,0
-5.0305646897122704,-6.2921921352669035,0
-3.3147809126938492,-4.0894119047559325,0
2.8539899281678118,7.2503934112704576,1
-2.8414136930133074,-2.427145891731278,0
-4.3126317585983349,-3.6162702968532123,0
-2.779250595208925,-1.6814252234285687,0
-0.065881231085898051,-4.0001232358472789,0
4.9192922622641326,-0.36997528671135571,1
-3.9641288089857669,-9.6883443157362112,0
1.6288280373890807,-1.9284409391207449,1
-3.7812378533190003,-5.3187708145462391,0
-1.2043017483688825,-2.3570392648974394,0
-0.79536719175543213,-1.3643480247966147,0
3.9873736220028286,0.090189266308050353,1
2.6215095937419464,3.1656324410606729,1
-5.6230968246275888,-2.6929704269280461,0
0.70274984432168708,-5.4703572922386154,0
-5.6160649584382387,-3.3456725573372594,0
-1.0833454572599235,-1.2173131869389739,0
3.7707343622675182,-1.3378974545924711,1
-0.10264858845502589,3.1830624651521635,1
2.6953398999836438,4.2157018173412553,1
8.3211907021519487,3.449269570633017,1
-2.0622453518874222,-5.9159960225359995,0
3.558808866753346,3.3203997826326237,1
-2.3532434908241777,-1.941569077494008,0
4.6993745032477348,-0.059585417109673688,1
-2.3217594404228858,0.92816817305977262,0
-7.6711952052385399,-1.2195088256966877,0
3.0052925144625755,7.4265440741988158,1
-5.5569728458353094,-1.5951905569689109,0
-3.0985540758533525,-2.2027467360254915,0
3.1500038839094597,3.0355059109483067,1
6.5540006276509342,-1.7304306989173019,1
-4.8753031375107554,-5.8129507911665819,0
3.7206292262956895,4.541129410542454,1
2.1481460679802793,-0.46072303303400286,1
4.2123475521264959,-1.2783193537329947,1
-6.1801705975395809,-4.3300155912313052,0
-2.4156017432389003,-3.0400632186392786,0
-1.5112843042292399,-1.4918123379804316,1
-6.8818853428581974,-5.3992291436875384,0
3.1952202818922455,0.12979175462271719,1
4.5266677406997253,2.2817483789698088,1
-1.3795789822005293,3.0322881351960129,1
-0.73883377644402115,5.8425742298976706,1
3.1276064217778674,3.754051099375217,1
1.4982077555313487,1.9858626930079191,1
0.67635692815600912,-5.3349741588381754,0
-4.6322785058790306,-3.4740986622720591,0
-5.5924589633469814,-1.2104295802115594,0
-2.5718874823404638,-2.7014606345864247,0
-0.62111255468737969,-3.7667941445974216,0
2.2214602671257575,3.3392909363603294,1
0.59116697273662933,4.5705919985436019,1
-4.1863625771099153,-3.3707559512300889,0
-1.1766310442274674,-4.1577947663849404,0
-2.5707875107498803,-5.4906447291843374,0
4.9861452901752266,5.9451009637024015,1
-3.3719403386905613,-2.0409871798643175,0
0.75101432584304506,2.7856883847730862,1
-8.8236505565615833,-3.8865998195133411,0
-7.7549942711549837,0.77899544868197346,0
1.4432436732318292,4.1554559673345866,1
-3.443528461403615,-2.0047647414425667,0
1.8908731463204762,0.81512715650474643,1
-4.475787025274669,-3.5936499441416729,0
-0.87135319592942162,-1.6852388779807808,0
3.2384497747241543,1.3406106597067504,1
7.3654716942689147,3.8726287438881677,1
-3.4610267247224362,-1.4213592626267024,0
2.7092951628635444,0.47961521089564707,1
-1.8261772229474897,-4.7788607371184675,0
-1.7636845517274204,-6.7456796352483543,0
5.0382980373527282,3.4239548794926571,1
2.7174789491604376,8.5543291622009825,1
1.4050289383826566,3.4100393650518215,1
1.8640593687794815,7.5468128636889249,1
-5.7799239636816448,-3.4836627331694907,0
-0.12368593880753576,-1.9744113340896121,0
5.9604634683977675,4.1636741775658672,1
0.83304318684353351,7.015167934699317,1
-4.5878012941063488,-4.5000396880619817,0
-3.4773315142164929,-2.1453032440409334,0
2.5628862187797075,4.0510908198881905,1
-3.2061050983301276,-4.0189258904501273,0
-2.6638018441447668,-2.4193260104473007,0
4.3518504790658508,7.1075252009677907,1
3.9448754746286809,3.2561221147436101,1
-6.547884152934019,-6.4459592314789589,0
2.0376165276170228,-1.9286121615261425,0
2.7922442717898392,7.1349911799781509,1
2.6673824735574612,1.1247608034774956,1
1.8638905819515306,4.9769745677364083,1
3.8069694973524819,2.7122737081030484,1
-0.9869149840589837,-0.74346937154598702,0
5.3619281703956965,1.1473386079171661,1
2.1986382921545227,4.6009662304250991,1
-1.9172067941510038,0.60978575647210143,0
-2.3794008857821423,-1.2940616269778125,0
4.634184206279012,1.2903898839878472,1
-4.3591458388998152,-2.1522191668284734,0
2.6372691477973667,2.4268862559383475,1
3.4191320082711316,0.093408744509038133,1
5.9004918585329271,4.0763399028065352,1
2.5225239358558289,4.0575103975416784,1
-4.7473172764431055,-5.9905111449779644,0
-5.3717112258632049,-3.5088475997923938,0
2.7824011452175048,3.1202701366492271,1
-3.7278607256872487,-0.92104934716246945,0
2.068254379381302,2.7212778003741125,1
-3.452023446586939,-0.60102238975000022,0
-3.4504299632241526,-2.3602766817505012,0
2.6963778185445806,2.8488567412705037,1
-2.6594603046325629,1.9030296394368484,0
-5.6326391691678843,-3.6572340394628582,0
-3.9395484799158949,-0.43683082176008003,0
-2.3917176491516119,-4.7149290531103025,0
-0.38813704044333086,0.74255051260854898,0
2.5807298258148834,3.6321320322497295,1
5.8171116547499278,1.8786879685819373,1
1.4465986506576305,4.674981506407998,1
-0.13228478161665125,-2.3684185182932893,0
-0.90671918816177888,-5.5216137201597215,0
-1.479439171007523,-3.2182262629157541,0
2.6647476591398829,1.0129788781012088,1
2.8194926312768827,5.0917619354507231,1
-2.8340744064085412,-3.3102602267295498,0
2.7019756886326136,3.1371906368907849,1
0.68008773975236902,-4.5405273126471073,0
1.369407652636232,0.50267916427503145,1
3.7556156602438291,2.1178249180356676,1
1.0559936144084281,0.99926847364601468,0
-4.6130424019586407,-2.5985188429838511,0
5.1056769044819124,2.9262036691716418,1
-7.0735658422405834,-7.3659571095639969,0
-4.0310986354432998,-2.8350768578299315,0
1.5651220538013801,5.0627600403061255,1
1.4888584318032914,5.8479862606635677,1
5.8117647720849206,0.42279029499845322,1
-2.6377753247185129,9.982958235747855,1
4.4384304705150086,3.7951929543949579,1
4.9476318596912101,0.97002127439117691,1
-0.26539118062338352,1.0734926773798947,1
-1.2293042321297625,0.60175958995222123,1
-5.2746995583480683,-2.7431559697701586,0
1.032645700025222,1.4535768562243108,1
-3.6627564564376045,-1.963677323405832,0
-0.73124837551824573,-2.1338796132325597,0
-2.6456315663453442,-3.5298374507760184,0
-1.1536059294262602,-2.6834711739565122,0
-7.3948696085630257,0.70962484024943295,0
2.0565374658032236,1.1012073777319737,1
-0.4938247627842034,-3.9651221143824542,0
4.0536025941787432,3.0574276747944542,1
2.3436142658787409,-4.8101811170326592,0
4.0526412036159893,5.3277603897993124,1
4.4733730833609577,2.6866868155586623,1
1.4224356620059595,1.6690651630708682,1
1.3366358969521404,4.4083713539251885,1
-2.283914424896806,-3.0113850605819628,0
1.9300388534946185,4.9874608025055807,1
2.5098067542258589,5.325016371678883,1
-1.5636911299872469,-0.86875409488376842,0
-3.7338283345857128,0.93040009462752415,1
3.156251372329606,0.61192203253727984,1
-1.0671068212202508,-6.8562882195360233,0
5.2190764699926557,2.3623270783721546,1
2.4230633185282602,0.60517042781731067,1
5.7060071278934696,0.82627558154908343,1
0.65546283499930658,4.0380362735633106,1
-5.5654951933063224,-4.2058787917512088,0
3.8126578875446855,2.2969123819337511,1
1.6037680210140146,-0.16419709484327427,1
5.7628348999652204,2.9575158795481507,1
-5.0646289108186897,1.0334727557700703,0
-1.183054094056474,-3.5265757995155975,0
-0.38903674310728009,5.7745343888673091,1
-0.65972732512007992,-0.33072807533935489,0
-2.9144585276860249,-3.3376356891722549,0
-0.66751487131445852,6.3517559495377673,1
1.0723693011322968,1.2083828173648319,1
-1.5126871140138718,5.4134728208399308,1
-0.50440948941531749,-6.0118184596028463,0
2.5315207556584776,-1.2994705926143508,1
-5.2903975391062392,0.32782790495933201,0
7.51324491668628,-0.19265791404731436,1
2.6997235953338659,3.2457370234948844,1
-2.8882215406514664,-0.533203535831686,0
-1.1786260675551032,-3.283281834282207,0
2.3762573399332751,0.07172992593527372,0
0.11074890675527893,-3.3031648560129065,0
-2.4868630195794608,-2.4540951202366972,0
-0.24769234017189801,-9.5220756211698472,0
-3.1825500960775948,-5.2439447705411446,0
-1.0539173931041759,-3.7411418024457914,0
4.6378369848577812,0.76809772824577482,1
7.7994002689709632,-1.059802211511804,1
0.29701128827593193,-4.7244037409100326,0
9.6818947328935359,4.5783457339267724,1
0.39607949846597812,-2.5617145262474259,0
-6.5699327137429728,-1.2881930470614666,0
3.3792632273631185,-3.447207863951248,0
5.5542517746721822,1.3815673932297685,1
5.3210480389336237,5.4520267446864175,1
3.2228863284642575,3.5441309018973701,1
-5.5764427332002811,-6.4685591805183407,0
-1.013300431958857,-3.7360887617230683,0
-2.876200152520723,-2.0784774674222253,0
1.8039406965507307,0.41362349415159105,1
2.1248342061125367,-1.7451849138696796,1
-0.79329284236050768,-2.4298541882471154,0
3.1874898444767306,2.2574804884591431,1
2.7789487460039983,3.1048796001534522,1
4.0869386683017481,0.54898156637969908,1
2.7729374243348799,4.8204771917304639,1
-0.031267923580967416,5.7386018891520063,1
0.20700003705573611,1.6348838584714667,0
-7.9339135382670785,-1.7768520479272676,0
2.2105694185374425,1.0550758622461613,1
1.8471534299819001,4.9590781295716839,1
-2.1818389761010017,-2.8062616413205888,0
-4.8119790506916322,-5.193486136856917,0
2.1229995203535079,5.9508540695703331,1
4.5149728449399547,4.165568135029714,1
-2.3982805040610815,-4.7641257704024955,0
-0.29818279489844901,4.8659929433544216,1
-4.4559370437415122,-4.6928784815814026,0
-4.3735093761992161,-4.8059094609152364,0
-1.8875985527345773,-0.56607854292330018,0
1.1994505628854419,-0.34751706288943129,1
-3.1794605228213788,-4.8234520664167633,0
-0.44670605793408802,-1.5826304989027125,0
0.61096291731550156,7.5422886001665654,1
5.2960524403522147,4.1496675875260216,1
0.83160740474992778,-0.7588414411303841,1
-4.8208310587417529,0.94500002721447673,0
-4.1599515301551051,-4.9761767268895785,0
-7.0619315394093647,-4.6226764788536787,0
-1.4271548325461598,1.8338904232605495,1
3.8753301842739925,0.45571244132979727,1
4.3096476814483964,-1.7061973669035337,1
-5.5252620653308728,-2.414236819024373,0
-8.8390591365662345,-2.5307787586621551,0
4.8495324137842477,5.5793152164069246,1
-0.89223348819241011,-1.392400023055377,0
-3.0797322988329641,-8.8858735321842843,0
1.8349746356313932,5.3228338431704518,1
2.2291118528959366,4.5562602075038745,1
4.2288582667044965,1.7222331537270459,1
0.65335697402846638,2.9461434451207933,1
2.4619493393222709,0.92500480334453616,1
2.3865798798192701,2.3059785676799534,1
-2.0169002206530262,-0.71970711546376842,0
-1.9182988033469774,-1.0425384698290536,0
-1.3621923386291395,-0.99726814475592818,0
-5.0314967692322341,-0.13356090407049592,0
2.8075602421974186,3.2148616549880327,1
1.8737919112345307,5.2115244693925202,1
0.41460439246939096,-4.2769496358276173,0
5.4109570738344805,3.4160193602402833,1
0.32090195543720723,-1.9271791487033449,0
3.3171784808822453,2.400946176367297,1
-5.9165681480784542,-3.2708954412968314,0
8.362504727488929,2.1893974713853637,1
5.1186122964690943,2.6392474227228129,1
1.9464933927408774,3.8832981652672691,1
3.3078511940082462,8.2556366301737683,1
0.74135041903045051,1.9151895556444491,1
6.0270104599722272,4.3474007180852432,1
1.1871192587877071,-1.9121372149492384,1
7.0315271152871057,5.5230467773990508,1
-5.8920784032198767,-4.6331907257778102,0
5.1204537481709993,3.8476576187534377,1
4.9591616179945541,1.9259239846507703,1
4.548369606983325,3.6527642201554542,1
-0.67337459961571211,4.3817051037631476,1
3.4309338877729751,0.37047187671380133,1
1.9322967670599247,0.98743015733965889,1
0.2876004541590671,-1.4700687537304633,1
0.24494587687206693,-3.4304328496973691,0
-2.9351255204896791,-3.4457158362027891,0
-5.1802120573813433,-3.1445248433235391,0
3.7504328372186038,6.4791128539947014,1
-3.5104114186518309,-0.50580531103631099,0
-2.2778732437628801,-5.5809320373938682,0
-0.76971389411846136,-3.830237931729219,0
4.4658879642249056,3.9070580443573029,1
-2.9741790871003762,-1.8935269617074761,0
3.6578625138657483,1.5813497550087861,1
-2.9915109540919018,-2.9628908253952959,0
1.409633355425622,7.0436325858547351,1
4.3744583367404317,5.5627270571318679,1
3.8132435349080112,2.3477346777228516,1
4.2042616930874033,5.4759450041871283,1
-3.4765130019150083,-1.8091317415824202,0
-4.1215006301558192,-2.5605913776957356,0
1.8139291379031017,0.26157575653706733,1
5.7626558117181421,-1.5603164282241568,1
-4.3044521174800163,-4.9080297181370316,0
6.1188490473108246,4.5504031444418072,1
3.0261798814840311,6.6957852121037078,1
4.991558163786058,1.6570005257617404,1
0.86185103695694565,1.1713051917562858,0
-4.7773725535579494,-3.9683911940865375,0
-1.2809477860947207,-1.0169525117519949,0
-0.29657630816918212,2.4621309595707364,1
-7.4398817039932741,-6.4568181955804294,0
-0.83530420009815609,0.95347130487052301,0
3.6452048754503337,3.088268333124689,1
-4.4437103687044921,-5.1333760429805473,0
-0.80348783515133348,-3.6467386123249708,0
-6.0304165671930932,-1.1106348826621553,0
-1.4932263283334062,-4.6479532920803441,0
4.1502523701540088,1.5311624418508245,1
-0.81641902844893544,-3.794455351004701,0
2.4456748877922783,-1.3152793872098831,1
-2.5765035941570069,-4.465292353161562,0
0.55663650439899603,-3.9262377781347308,0
1.7159611972581637,7.8176942951612061,1
-3.172948811267128,-7.5093903909131825,0
-3.6532880604443383,1.1248683830418607,0
2.0004492672356582,-5.7334047926758371,0
-0.70258940977448736,-1.0357757928070725,1
5.0114480960871264,0.29668725934568263,1
1.3313980974227033,0.3133808765043864,1
0.30796363246217107,-1.890098605303008,0
-4.0346814117775569,-5.1566198360454001,0
0.25687773496934785,3.979560398474328,1
1.1062577850604371,2.9580984662600813,1
0.5860637737407548,6.3125943537099189,1
0.20470460495436038,5.4396723246634391,1
5.1312587720428011,1.6324249150970072,1
5.4852483038304092,1.6759537529936239,1
-0.57640661845707664,5.8532115671366762,1
-0.56290354142364674,-4.9228546639503916,0
-4.0592145250362925,-1.170175182609404,0
1.058410671087854,-0.72419751392267795,0
0.70233616030274026,2.7008231816843025,1
2.6485181051644129,1.9709289903203864,1
-2.3750872289829785,-0.97261792813387427,0
-4.8655543196310651,-0.44028699453374021,0
5.5046447393983549,4.8631866685182175,1
2.1559928693464867,4.5775153347308795,1
-1.1396678880457096,1.4631141141422424,0
1.6158981663222045,3.1679272499797517,1
0.051655384218725064,3.5592311469238282,1
3.2217820690456906,0.38952002136123243,1
-2.6405675928701511,0.13248143696682346,0
4.6781093164595751,3.197251382219445,1
-2.062879474776159,-7.5833063700521368,0
-3.8586387428014901,-5.2152812543384162,0
-4.7740085219212887,-5.5860076972753401,0
0.70089395424808565,-5.0385374115796253,0
-4.8960300355285451,-1.7291126499894469,0
3.1261776385864795,3.6876665642858835,1
-4.5029499864035563,-1.3283482116474787,0
7.3663576808326265,5.0281607425061754,1
-1.2650308341876162,3.0694139272096863,1
1.0064978706144503,2.505849763360497,1
-3.5695184585215167,-1.1073264924354134,0
-4.4749526939962365,-3.1556851292916899,0
-6.6341398034250254,-0.92285834457379146,0
-2.4147278374966872,-5.6143841876962348,0
-6.7793125253435758,-4.6282935822225406,0
-2.0310212664901393,3.1789744787037582,1
4.2969975946272401,-0.28334911466895507,1
3.5077258690022797,3.3861549809287621,1
-4.2736280251332586,-3.8957979117333865,0
-2.9016991609890743,-4.9954037274397987,0
-2.2923686363002891,-4.3010860810333096,0
-3.2724475836547242,-5.2599771111460552,0
-3.6049918850163456,-4.4350787327156986,0
3.9929364278462884,2.5970569355102708,1
4.7473868848095444,3.7836959967864781,1
-6.3501208284873165,1.9657229165048102,0
0.32444270039855017,3.3933428026682106,1
3.4347045335711117,2.347621057835422,1
3.4291423133016532,4.0218382981687961,1
-4.2164555054308828,-0.081946595939539346,0
3.597809427466236,2.9161075878624478,1
0.10831536935823038,-5.9377633220913335,0
-2.7552066844301955,-4.1100358988019909,0
-0.25977358867398914,-2.1078661796421341,0
-3.1479846925650068,1.9653105663542751,0
-2.1619985261277472,-3.8193787501046566,0
-5.7140870412609566,-2.3650395741468473,0
2.801048355168958,3.3374233800682154,1
4.9490760754688417,4.9011828039083891,1
5.2787276235678018,0.63702737775456963,1
-3.3486075685259253,-5.848991463721279,0
-2.3217099829811287,-1.1885346578391398,0
-0.3369875279646819,1.5777379221209293,1
-4.0272586623886601,-3.2573274150566713,0
4.4132011518706156,-0.40515018822105731,1
4.5223852271031353,5.4468854453799223,1
4.3189594150909425,0.26840548739141079,1
-3.8266818319619751,0.99570452311207935,0
-5.3458393071148524,-0.43606415581430369,0
0.66801396858921569,5.9677527265283379,1
-3.8042087539294216,-3.6380655747178916,0
2.3501384251318518,4.9849687926439374,1
-5.1978050383362735,-4.5107324202145973,0
-3.855693575335216,-3.7761234556798069,0
3.3329565257464115,-0.37148224809063768,1
0.40436115422783869,5.6629443618045849,1
-0.30513464854034433,-1.717204957688103,0
3.5208552528352168,2.5083868257661255,1
4.6616351129092592,4.2426111645010733,1
-3.3548583773703551,-3.9751093981869516,0
0.34429723241917909,-0.68564415689083402,1
-2.7903396953660162,1.721429197986696,0
-3.4262326337957969,-3.6530832099480022,0
-2.1093066955543427,-4.4763057667283457,0
-3.9412925075066747,-3.5489786371638283,0
4.2215971150781746,4.5141560569412942,1
3.3708259197621002,2.5742278868274107,1
5.010798061602582,-0.34308002210711219,1
-2.8818971932768793,0.9229851709382948,0
-2.2772574381393014,-1.1146366349369927,0
-1.3333628461370008,-2.9945241185341192,0
3.1843045927520146,3.8556786277891417,1
0.88693365587166317,-2.8492901891992579,0
-1.7479710116013982,-2.9765270694733128,0
-0.89864872428951559,-3.420456552412543,0
4.7264121659956331,3.3288312282724815,1
-3.9018467233928731,-3.204288281248624,0
-5.0536999251905357,-0.76461804262571587,0
2.7184994482896956,-2.7088461198268599,1
0.16201628772107624,10.578569304409587,1
5.280231061534705,3.8282314029578703,1
3.104044953692279,2.3097694923224887,1
-6.6744838986196982,-1.6676934234174341,0
3.0179718511714451,3.5551062310872039,1
-2.4874977373775535,-0.4603748310662148,0
2.6698101097279161,2.8540592716450477,1
1.2501269555304693,-1.3530401544729411,1
0.25577464481488565,-4.9939695791807246,0
5.5841417634316874,4.2149546019878761,1
2.7663272352201611,1.5890047880948321,1
-3.6325575466969959,-1.3293548350868236,0
-3.3780654700989938,-0.62973118454251464,0
-5.2226637473213922,-3.5442861911928185,0
-1.9651625712878884,2.9886750758678509,1
2.878424172692474,1.7956235601214841,1
-1.1551062987985052,-0.078559565428717448,0
0.86009891680527506,4.2045498576360778,1
-4.4976585980498509,-1.3047770578749682,0
-2.4681414210474526,-0.39974946278480461,0
-7.1737994038076494,-2.2511484576253218,0
0.0062726307735672115,-2.9355662456074785,0
0.77061714825412775,0.84743706262630791,1
2.8737595684139086,0.082579508613145336,1
-1.2042274923029608,-0.14257541405610352,0
4.0444226064638329,4.639292059939419,1
2.2798814713539519,-1.8610962852083155,1
1.2841231693455604,3.4172069433036643,1
-2.034953892428518,-2.4946355991784479,0
-1.6726646684055271,-0.64794203390858707,0
-5.8010808335621045,0.15179093778904207,0
2.4050002079394606,2.5976045016132878,1
6.2191015024645946,4.3998858268025485,1
4.0782230125173449,2.4289133072516664,1
-5.4519641059325163,-4.660821812744441,0
-2.1693170714008412,4.8320602629461309,1
-0.12967514272804426,-6.5709051955382014,0
5.6748409363348742,3.6058105559712756,1
-3.6444232830361085,-3.2091929567543924,0
-0.35527426222408165,-2.254705514881425,1
1.5945806841296866,4.942012020843995,1
4.4518611396610188,-2.5597796841411586,1
-3.3381888646720581,-1.4394688214874889,0
-1.0719589178500455,-2.7404804446938416,0
-6.4232147736907912,0.42408594779272812,0
-6.5959270396076821,-2.3885113850905317,0
0.075091109933226541,2.9307620067513245,1
-1.7829464996123305,-2.735383290881594,0
4.9671904350274056,-0.016298150978744985,1
2.7375610328208091,1.5877957415094277,1
-2.9404525436535716,-2.0027175526316636,0
1.0999959818323433,-3.5351131446074699,0
7.9383772726003086,7.7098194600144838,1
5.6737564109497933,3.3147103422941169,1
1.7492713654783802,-0.49880425690080221,0
-2.1257130031413181,-4.8947036104303558,0
3.2608318550425857,1.8605519479677264,1
-4.2342158445417244,-0.53190677090860827,0
-0.816217583628287,-0.87135665741824075,0
-3.5731135510078778,-2.3748365672648881,0
2.5318267783831443,1.8720172464603526,1
1.8637117466031512,1.4703423019084021,1
-9.2532377013711766,0.2580023147452466,0
5.2673063948309933,2.5593369902848306,1
-1.7880895078754047,-8.1743560137266726,0
2.3788837817345572,5.9942023267957971,1
-1.2090917773173324,-8.8385162154055106,0
-1.0061000490616188,-2.2514830613304917,0
5.8326183625445545,8.7834479321952514,1
1.2213038712194075,2.7553939286997164,1
4.1139721335694794,2.4032955078967904,1
3.6816083141353086,2.1867322655844981,1
-3.4699086670621613,-2.9086078820101506,0
3.8419641051496551,1.8717614706126495,1
-0.86996330051904192,-6.675161097149596,0
7.3723940788645059,2.1491293835975602,1
6.5568945687653279,1.367013436057261,1
3.3606610255846086,0.18579555158613603,1
-1.0520257394629284,-4.9794410641128106,0
3.8715866179670315,0.39918906511344465,1
-2.4556500285682787,0.42594898616753341,0
2.5616547602974213,4.1570966146357851,1
-4.9997145943218175,-1.2236126080673582,0
2.2369036726159193,6.7084289573816873,1
6.5522438630073836,2.8880892262968727,1
-1.8659437946116446,2.5070319479641308,1
-2.6843417264325056,-5.5793410343768937,0
3.9190747391873733,3.4641932498184937,1
-2.0775847155804916,1.1617121211732555,1
1.7910554298564296,4.5428869465764565,1
2.2372865374045494,0.95998781107240649,1
-2.7858962559199392,-6.9080196573667294,0
3.8844236100334988,1.5147344807613929,1
-3.9016033100543654,-2.1356101239891907,0
5.2574628368631906,3.7520067770805925,1
3.0718173609589603,8.2641769611266582,1
6.9987533458199573,1.659148149660457,1
-3.6059184515828173,-4.0271199090545773,0
-2.7745254756626379,-5.0302644053526286,0
-3.39975951278746,-4.7005527828597318,0
-3.6881648399522926,-5.2525861674439547,0
-2.5149181690254219,0.87839220915604166,0
-2.2308585468463447,-6.1878504219285873,0
3.3210372600660754,4.2085549196639906,1
6.9410509989345446,8.9883575371797519,1
5.2995714332019226,2.7435849987474095,1
0.79675724033473916,3.3472171444661472,1
-4.9428751647380684,-4.1166582369877833,0
-6.4494859555169244,-1.0800838548641631,0
-1.2814139285918253,-2.6376292353225206,0
7.3914153322096645,4.3385226720022487,1
-1.4762170988724286,-1.7619699920140213,0
2.7024032040277088,4.1734519761254356,1
-5.703698519236724,-2.3737158749053102,0
0.23886343204794391,3.1400790521474464,1
-0.85922070242155302,-3.2545458155283029,0
-3.0271015966450592,-2.2916975679712324,0
-4.4148021623425144,-0.27382919684836393,0
-3.5043956473434257,-3.2522603746240253,0
4.8274563018105274,2.8233419792324401,1
-1.7674783662221498,-0.9151892855749133,0
-4.32806551944467,4.4627175989526933,1
2.8790893405169493,8.6640597424284067,1
2.4603946036353426,-0.019704080357777709,1
-5.9590159123895887,-2.8622869644656355,0
-1.620025050446962,-6.511845413438957,0
-1.9763492858640266,0.66613092617723568,0
-3.7332656952718613,-3.5378409995579698,0
0.58554327401114437,3.7979507885064154,1
-2.0872566210495607,-4.7476317446090857,0
-2.8797681317617387,-3.1294980978782423,0
-2.8329210506484874,-5.3083218357461899,0
-3.1905412603087862,-4.2699220060352401,0
-0.81333749677972689,-3.6946188154282633,0
3.8105136254824079,2.293366989193963,1
-2.3887952951123363,-2.0793859084114166,0
-2.4208649797209598,-1.2545437524548029,0
-0.82744316463482814,-3.4783357114622602,0
0.98466779035591045,4.5311994804940747,1
0.57498363938045038,-1.2359961804424353,0
2.9806657418393505,3.7023884884781184,1
7.6211456335205563,2.7629185037093413,1
-1.1688734354584644,-4.3092214672539928,0
-4.0250513837462751,0.54021872706590202,0
-0.3057041327497676,2.8928439372669725,1
6.6445247533880423,3.7546983417090516,1
0.60771375035187303,7.6502857530203601,1
-1.6143603198228205,-1.4554419088276296,0
-6.585077436074938,-3.0482815661767018,0
-2.2282484022909679,-2.8045203183999545,0
-2.5029536081759773,-0.60696151962309308,0
3.7437168293379885,2.5434899872664771,1
-2.6946780448607783,-4.6619734916247673,0
2.962102486297495,2.7498772272441481,1
0.75992805464462521,5.3621705005995253,1
0.32463184075197971,4.6555809992839405,1
-2.1288154979298461,-2.5073561978873578,0
1.0230666828674024,2.9774832282265171,1
5.4044051323967484,4.0284197217362019,1
-4.8442276850158521,-6.5293904724365319,0
-0.71871927133683267,-0.42642732494008717,0
-1.3740665320915411,-3.8809732589986026,0
-5.2143508250342556,-1.2513803330937658,0
-5.0260057173255017,1.3928735179768408,0
5.5128947578444603,1.7194618154192749,1
6.0215297030856263,4.0384447589329353,1
-2.2194287609172618,-4.0641362094576028,0
-3.5243063361081912,-2.2418764065123007,0
-3.1596201834151456,-1.0238169054709543,0
4.2303038996593125,2.4765185150997473,1
-3.9307773430933635,-3.0618339938904255,0
-2.5400967600200168,-3.2363035373343068,0
-5.6513971459491152,-3.5370567709447616,0
1.7077286992782799,5.0109286542090601,1
-4.235656124163123,-2.8298106252804804,0
-1.1345595549920673,0.97462730855077551,0
-1.0830443353183798,-3.9147368009263075,0
1.3549014589803468,2.3354250530361327,1
-2.7443327697306441,-3.497827101125798,0
5.1482279883806266,3.0341554280588667,1
3.6340199219938416,1.0029683104691181,1
4.1986063341396367,4.1257664471542883,1
5.2138005346436689,2.0061199694235068,1
-4.320296233645637,-6.722871012234144,0
-5.4985611632764124,-1.5110628676425981,0
-1.8396643875380514,-4.2914753448696183,0
6.5786326578467449,2.3893704177423212,1
2.1006981222893071,1.7262068466980036,1
-2.2483676711086416,-3.0889062226523043,0
4.3476267737556373,5.5742627434975436,1
2.3902514889902484,-1.1960156828161939,1
-0.51584683110849516,-0.10710105278636028,0
-0.83907241009313482,-4.4970026021951446,0
1.0798805610795563,0.59780987984464096,0
-7.0230271089908367,-3.5183719791716137,0
3.8973791858520159,1.1905183860131281,1
-1.6995087295111324,-5.9968248420894144,0
1.0910307902253249,2.8273067303864416,1
1.189240253351971,4.4792794058213312,1
-0.18145419998456269,-6.8400859050224909,0
1.5460653333634848,6.1332986915889869,1
-2.31630004969734,-2.8090174015143079,0
-3.9580380541830715,-2.7836968752984856,0
3.0492868940900122,6.0116197897559998,1
-2.1079479474186416,-7.2159060734909701,0
1.6303505044159463,-2.5999360322122422,0
2.8170609031248319,4.8467828431087261,1
-3.0844317602936089,-2.8381731358361075,0
-5.4358646401624622,-7.3042207273432771,0
-3.697021927616496,-1.7163227078488701,0
-0.26967384253572968,3.7983739536799392,1
-1.0447026035202254,-3.6085506476556151,0
-5.0460283452057908,-6.5855323357616502,0
-7.7749112663198021,-2.5912508740064477,0
2.6135505865731341,0.55255971627261591,1
2.150072772516586,7.0354814489620505,1
7.6718826497269248,4.6596348751185044,1
-0.24634991237979564,-1.1072880663066227,0
3.7718319471541903,8.6197838030181302,1
-4.7983076221432732,-6.2098648728193471,0
3.3576333587535201,-1.0124722733831559,1
5.3147705263154927,5.9380740596842632,1
1.6305930338883003,3.6253549757090284,1
4.3858052014344269,3.4587675963207687,1
3.1402453064746987,1.5426142633301603,1
5.5255812565468601,-0.87170112819599277,1
-7.1563394241237814,-5.8471764182390409,0
-2.1261961358999582,-6.4404642982452129,0
2.3472009223111456,3.7833214452380259,1
5.7659570595483203,4.1184964331787706,1
1.3808324123856055,1.466370262379008,1
-4.8112925769306312,-1.4930669453746108,0
2.8080127709591114,-0.42719425088839857,1
0.88085250094555256,-6.2158189163332338,0
3.8824207364947481,3.4231105425099271,1
-2.02156866385043,0.3219743299482638,0
-0.071183677747369334,2.6203928944119701,1
2.8566565837808993,5.2839032170236155,1
2.0723374671885599,6.730514011894666,1
-2.5693078910680045,2.231258423374805,1
-0.817703053828855,-5.8556493663219555,0
-2.1168692332033241,-1.3450654670507565,0
1.9087119990578647,4.022841920621488,1
-2.2781045305245136,-2.3527630705775078,0
4.7381251434647709,1.7708697210945321,1
2.5673891353071863,-3.2051066422049379,0
-0.72639356926669763,-8.2599609775229652,0
-1.845813456560806,-3.208636660986075,0
-4.1830206578311486,-2.2837228482471819,0
4.7713780605075158,4.0864139633892007,1
-3.7817349036820183,-3.3086853369263141,0
2.6383103426088477,1.5798605517695643,1
0.044086330460755718,0.15500624315436129,1
4.3362221885528331,-0.51129343141778794,1
0.068406560862249499,-6.7180372917512363,0
4.9661948220542911,3.6428477755644622,1
-2.9188172659886198,-5.7998968637006332,0
1.3095239305109589,2.8979686682426045,1
2.6951551502101085,6.8820671441546022,1
-3.6176476526439623,-3.8707112286874619,0
-5.2399190663637345,-4.8099335326036181,0
-1.1069328479531073,-1.9601854845098527,0
9.2000198102187554,0.59099564212471334,1
-2.2357903253500719,-4.516539369704609,0
-4.5945990778283967,0.026502531818604069,0
1.4122648182915523,3.1760569110822781,1
2.0922761764083981,2.2451638199090524,1
3.7982195042679585,6.7789486176562086,1
0.92072889273064629,-2.5238829419215749,0
5.9213663561670185,1.6907134009516798,1
2.0170241665661126,1.5906844083755989,1
5.3952523208365903,2.2542840302051537,1
-3.757291095911933,-3.7382309728191498,0
-5.2839422956896103,-3.5887749933674673,0
-4.5541031277419002,-6.0166351203845752,0
1.6385359728492888,1.1075663314106416,1
0.94169716751736532,-0.026091751962201482,1
-2.2975780139614339,-7.3546897015400283,0
-2.1673940618204059,-1.8005460444347312,0
-5.6737853802293312,-2.8947723070685831,0
-2.6309202745366491,-3.3286818094803494,0
-2.1002151637115354,0.92766449328630518,1
3.6427185861980051,-1.1687504589976285,1
-2.2646742749404467,-6.016770210183628,0
4.2269594924092564,-1.1805291683500263,1
-5.2575748897124726,-3.4677308046457473,0
-2.6133277920355193,-7.1051918722324077,0
3.7279861267835628,0.54008558077490365,1
7.6190638963424311,-0.20038943701086875,1
-1.6731944452768523,0.88253836141704367,0
0.90896027571786364,1.0142400383292129,1
-0.33557846334593977,-1.1085569313198413,0
3.8521242160495719,4.4347075177444832,1
0.50883342027903078,1.0371879562693362,1
3.7204588508583454,0.87625790622865507,1
-5.0542601127948767,-5.4715099442859447,0
2.8049604824593506,0.23936030925188456,1
0.13343360805488036,1.1104312725081829,1
-3.3490930622531976,-0.83794505404861264,0
2.9819218877719442,2.94009893433959,1
0.062406261342584646,1.7665056141310245,1
-4.8583373791055013,-1.627029289065425,0
0.011593546316323255,-2.8554015517041913,1
-4.0873252188176572,-4.4881773846507311,0
4.4930921071276275,4.1766132942394583,1
4.9082396161280037,-0.44328129808608541,1
-1.9248329055864057,-1.8495341928957065,0
3.559252847940209,2.8302850621231039,1
4.1314523914420436,2.787917972248926,1
6.1647667686580592,3.7728418163311388,1
-2.9108350176222384,6.1541918392348904,1
1.3237095456693952,1.0653448715452953,1
3.8973852235570328,4.5266345221077158,1
1.0463648906720917,1.7912892793695696,1
8.1220701116841347,2.9597763798380874,1
4.6795746253032497,1.7251472039409326,1
-2.8080658546503359,-4.22305062618842,0
-1.9295986617394632,-3.5280558927323491,0
-1.9978103475096993,-0.64526097916705849,0
-0.23540387994369816,4.3138528951641995,1
6.3535452611276391,3.3494093639134181,1
-0.010057894999316641,-7.949264943407683,0
1.1059913890081807,1.6801717799252884,1
0.22118657805166686,-3.279430670496986,0
3.7576544643100216,1.7794986480798884,1
-2.9278364130954087,-2.6925068877507332,0
1.5874178098384286,3.7608842818247994,1
6.6254760428045376,2.5723642631117647,1
-3.4568582680421232,-3.7382782538286814,0
-2.9064547671563421,-5.9050705393843934,0
3.1926756025502088,1.1969541053711905,1
-5.402786580810929,-4.6272429291026747,0
2.409667285064895,2.352143704658781,1
-0.38876165616296898,-5.5560110412235613,0
-3.26549259719414,-7.0922057248529349,0
1.8567798161481044,5.7304289109888717,1
-2.1899118192348856,-0.92385451617074699,0
3.1399964047447702,1.9187704244174055,1
3.5084201697492983,5.1267832531491111,1
-0.75974464499157301,-6.5439626556183796,0
3.7211751032287914,3.2695278093386815,1
-3.0344341110924971,-1.677712515252352,0
-4.1313620930834594,-0.022219905712777877,0
-3.7713794968180991,0.043727340482727417,0
2.0364858046469521,4.8053298848020152,1
2.760185106073751,1.5275686553544003,1
-2.478763223028249,2.4016539487213531,1
0.23238729817525394,4.1438040538459031,1
0.8912278037071979,0.48790109487001176,1
-1.6232665599428409,-1.9564622815170181,0
4.5571303467461446,4.2301974949065047,1
2.8433030475702425,6.3957720078281577,1
2.6022876977639795,4.4802805458267416,1
-2.6927240319047252,-6.9409849434943256,0
-5.3683871104382614,-7.3618172889417899,0
-4.5945578889204981,-3.7714401519929193,0
4.0644804812690234,1.0407045196838329,1
3.6483151499708044,1.9116699953693164,1
-0.49515190769174122,-6.2718701995087249,0
-3.8710389699506842,-2.3828246792984844,0
-0.74977554898617527,-2.1810048233293946,0
-2.441462929409778,-0.69360078663000024,0
-3.7403002072062446,-4.0690585805928716,0
2.7608595513181959,5.0853510813431377,1
1.5787271432702725,5.0769844002137141,1
3.8593112104730563,1.1416389792443291,1
-4.074696478545242,-3.5964158152789194,0
4.3787641987350687,3.0178553656018403,1
3.5487575015258308,4.4101646627052702,1
3.5489212158677281,5.9360006145039925,1
5.7476828557751372,6.1418742059724538,1
-6.2716515403517619,0.56461762222947876,0
-3.7825458826943725,-4.3444710253212291,0
1.853538185165696,-0.61179119963793793,1
-4.258708266332806,-0.7327681098698795,0
-4.0692642328610438,-1.4498517040036814,0
0.95445840944903226,4.3310241040423181,1
-1.8622016686053342,-4.298415930840247,0
1.590071763448714,12.131705904084713,1
3.0518229909809422,2.7686574054033248,1
2.5814244194852574,6.2466980404530972,1
1.4304427732823028,5.566603379314123,1
-2.2794260068541368,-2.224044183172273,0
2.4657149483304988,1.1755109962694441,1
0.97994036866023215,5.5640636275381334,1
4.8740195772817234,7.847314709598586,1
0.25962952960146035,-1.9412739578560712,0
5.7897071467677979,4.8275484070556178,1
3.5027538906309368,1.309701827692979,1
1.8894780415758927,6.6220325658596302,1
0.18245549642493675,-2.4586848504001835,0
3.3416974017744576,3.334045460005985,1
6.6414243732032645,2.3487145910285525,1
-5.1648081455844448,-4.6412536933449822,0
-0.039487943349480137,4.8126415144141443,1
-6.2602352688848768,-6.9671112881745643,0
-4.9519014098791088,-2.7446840095582283,0
3.2139415257515949,2.2365056319478223,1
1.0691265175828284,0.60185788904807591,1
4.6820291647006727,1.1325172152376215,1
0.87740789090474136,4.2561366701107515,1
0.91442746966589317,3.3946615509919909,1
-1.7760890885701106,-1.6555997052305154,0
-2.7960762867304627,-0.7918776174426192,0
3.4900792859069365,4.9322794800170895,1
-0.62124134243003182,-6.439297257951262,0
-2.5220798281652628,-8.0020304716561625,0
2.0291780194416238,0.804697740259392,1
-0.025765142243205919,-1.9426953273704863,0
-1.6747060506940756,-1.8343196539888307,0
-8.4555950777107167,-1.8415369235058188,0
-2.0396922470337144,-1.0080991571539166,0
-5.1098091249658442,-1.5112938930721393,0
5.8261564101048364,5.4531359532111088,1
1.5184812782473651,-3.5569975125111419,0
3.2876992467738901,2.388887740051342,1
-2.1007989556911006,-5.2964865327980846,0
1.8005482157009303,5.179944281228698,1
-0.50668019160999656,-0.91752339842042518,0
-3.644618599566475,-0.76013850162694352,0
-4.5278034945457071,-1.245131721791882,0
0.32532549969334612,-1.8203335072517024,0
-3.6535644612796636,-4.4198973130034975,0
-2.7940385617674877,-2.5324102471691865,0
-1.9967719521017224,-4.7428858424034548,0
4.3458739188145437,0.50250343662815977,1
9.3435105058812624,1.8386562555430446,1
1.8837663331459318,2.4579361460622815,1
-2.1466223198399921,-5.8917509742586649,0
3.7933598583530408,3.6906508756789584,1
-5.6761460243805155,-1.4757964546776847,0
2.2172528920075782,3.2578520100126731,1
-4.1181216960345388,-3.0043041920021487,0
-4.6176416431907228,-4.5744484020511784,0
3.3528287509371477,5.4307917193933593,1
2.1323026928543065,4.0498518508139307,1
-5.0005445687615033,0.56860401634900359,0
1.3836446720098587,-2.1052650547471603,0
-2.3255231142156449,-2.047200777386454,0
-0.18153065636740173,-4.6994052185919228,0
-8.1950468484165579,0.12437007870106731,0
-4.6725685064416549,-3.3659030023343557,0
4.0653356833583194,2.828610019593587,1
0.065752574281641163,1.2606552930059374,1
2.0040851575187597,2.9723514205333368,1
8.2025997782439539,4.1552521238480971,1
-3.3418448007170594,-5.9396516281714105,0
-3.8282423465886914,-2.8332654673720401,0
-0.55467936687820929,8.7872116486050196,1
-2.1703350989147525,-7.1182642312586779,0
-4.409519143501492,-0.97701674676832218,0
-5.5426769934110425,-3.3485435937535586,0
-1.8073251478385406,-1.2665625401304532,0
8.311255382218258,5.9410010299695708,1
-1.0170895931584396,-2.8326626181545036,0
1.2091810824020113,1.9078548694027653,1
-3.5186981164276441,-3.8722231435889407,0
-1.9455264998249369,-3.9072359610433622,0
-2.9946013569953549,-5.0094474438938885,0
-1.2570695471585107,-1.9640803161303384,0
-0.21220973865656534,0.71213035156265558,1
-4.9435496040825573,-2.9764775595645272,0
6.0196790027601512,3.7099838949611721,1
1.7397426845396455,5.492953900962517,1
-4.8015519083792437,-4.4510088467395015,0
-3.5350299150720388,-0.12872076719749836,0
-6.9607378009026153,-3.2005972877963598,0
1.5999339752367143,5.2549250002826273,1
-7.7770245327258145,-4.7876987791888599,0
2.3832130517975694,1.1201935838156789,1
6.9493764670123515,5.9455166397231505,1
-2.4592721990249018,-3.379449777360032,0
2.703462557760024,4.6970457262110221,1
-2.8007538458960228,-5.8146839698635588,0
-1.0657793729710678,-3.5298607749905648,0
-1.2877123828918178,-3.016027279658144,0
4.9818319903955723,6.6168760740903645,1
-1.0894319325971227,-1.0926982409746366,0
2.1814629411610444,6.7828802208867733,1
-5.9020387400651941,0.19427692348603154,0
2.1200095446505745,-0.48718712385015817,1
2.6876679097787148,5.1240100613449986,1
2.068172618110053,2.5618060524702146,1
4.0024849299933329,4.6145484048232355,1
-0.88507127134857155,-2.0172277946418515,0
-2.2623404947339223,-1.2684189516561062,0
1.9605465024229851,1.5806034743345601,1
-5.1555392301889045,-4.145777786063368,0
-1.8869864308983515,-1.4055946029345923,0
-2.2008731079397839,-5.7018826002625076,0
0.080696101990233693,3.4828803855443309,1
-1.5455350396774525,-1.2927700126284547,0
3.5348234360552677,2.6001745597166068,1
-3.0840881669767541,-5.5765612640762718,0
2.9065702838487013,4.6148537095685009,1
5.6780362406537677,5.0869902549178061,1
4.917183519013224,4.5381872301241071,1
2.8650416639363558,3.0815756454843042,1
-4.0380095406598162,-2.8349200369418632,0
-4.1862336699448432,0.093583445220133399,0
-1.1453147245130335,0.90864712772604728,1
4.2641714651972045,1.9870821010000672,1
-5.5574805945310253,-6.8369717938471801,0
-3.5737639837773245,-3.5293891954944803,0
-5.012232813230705,-0.98705215144941505,0
2.1177045207126071,0.38764151781951561,1
1.5097104343660448,4.574382626047468,1
0.94292906018536993,5.2000722464103699,1
1.8088169628696433,3.0111199130687885,1
-2.9635199039104454,-1.6544161573464673,0
5.26980477674228,3.198816898954679,1
-1.651922862760324,-2.1083223003782932,0
-4.863007962189041,-5.8414629038426478,0
-5.7590128774504352,-1.2258927767292709,0
3.155894012265331,1.313626042000398,1
6.9753695364303585,-1.7739004609485605,1
1.7129468741613754,2.3167652258054305,1
-4.0725026948030916,-0.76124440495795076,0
1.3066016927364901,-3.5403741813642222,0
-2.5892735357862922,0.84201312278675955,0
-0.99327433104088314,-0.53068196361683251,0
-5.3414782719852454,-2.1760563073718044,0
-3.8986120692837591,-4.730245233725717,0
-4.3726380743835964,-5.8776222276109049,0
6.39752180290896,6.9821595783945423,1
4.6543630453954616,0.35200267064753765,1
-2.8008400105721649,-5.7996758457969886,0
-5.7137303579207401,-5.9385261440852117,0
-5.4096597236802682,-4.3606351396263552,0
3.6576707919140183,3.8482321629787366,1
-1.8712528810508082,0.71234316991608759,0
0.84512447591081497,2.7802564317245828,1
-4.2694762358633804,-6.3434810697648061,0
-7.2704959496584962,-0.85390113376862864,0
-2.7148379004664283,-3.2816995231439186,0
1.9581817956414427,2.7340985938372935,1
-0.7763839982146914,1.2475095607890552,0
5.0051294649626383,6.3443466503699417,1
3.928863723095064,1.2573242969710168,1
3.4538331297052629,0.41560239364211204,1
4.4871125788320505,1.4506160249629128,1
0.40268214448753659,3.79739039247574,1
6.9468434420350835,4.3889008001275975,1
3.5307588576103717,-3.0037505648044052,1
1.4873422148447784,-7.053415222575345,0
3.9371897825690221,2.1917047682310455,1
-0.094392892259639538,5.054685892458739,1
1.2718429349384652,4.4193490880761068,1
-1.5276771654047037,-4.3595002794322948,0
-0.1143102397868585,-1.6617205771469041,0
3.4589471350559093,-0.88334105559348552,1
2.8833720303635619,3.3835139575901643,1
-7.0855587012241994,-7.0727708140446239,0
-4.0280378338370522,-5.3596939318012158,0
5.2723227001808661,1.58015516086492,1
0.98081293186367624,2.8935091658773411,1
-1.3086864236282971,-2.2306453250171061,0
3.1260184588506967,1.8478628657938101,1
1.0062858802878283,1.5011497766955215,1
-7.1721344688586148,1.3590772344712603,0
-5.1814695269024975,-3.0485022363631096,0
5.3281234531723367,3.4662187213633269,1
-1.3719599587183504,2.046217679050045,1
-4.1001628776155092,-0.017717094021566293,0
-2.4749821053152856,0.020127530530496873,0
-1.2085709043883524,-2.1227846018157286,0
5.2405506856019102,3.8400045186351992,1
2.0193058671027426,3.5635517000964252,1
-3.1798571509204629,-2.142903703159647,0
4.2285042169081049,0.83158413188504277,1
-0.47137029950749287,2.2578908206330772,1
-1.0488720322316227,-4.9927578116069151,0
-3.0366869547313002,-1.1455738856381112,0
-3.9081223607172846,-4.2517422025863034,0
5.1019025643416498,2.4365398894408488,1
-3.2370267431656847,-6.2737509256686739,0
-1.7639482469400931,-5.6898388749490429,0
1.187432144552389,3.5284263062232295,1
-1.9194025236403212,4.8401928762898958,1
3.784418667445514,6.4129240730429231,1
2.7959603154015609,0.66447079920510399,1
-2.5914520878349805,-4.9867207062913206,0
-3.8004444676308524,-4.9928802459516373,0
-5.7816346799808684,-3.2378761427589908,0
0.0020626989525700523,2.4852657860806517,1
4.7948071072156395,-2.0429652199723023,1
-4.3416197589625067,-4.4679445343816004,0
6.1443265317940261,6.6855711796273836,1
0.51444980965565135,-6.8619711480504622,0
4.8198474450379951,1.3886762906851384,1
5.9713944534962131,-1.3848574940060967,1
4.712415510147892,2.293586375613736,1
4.7140021542752013,3.3111804925350157,1
-2.8982256485855218,-3.8124573065512268,0
0.49772619128889195,-1.9233362493078583,0
4.086906756206016,2.1750971362875426,1
-2.2233861383067133,-0.80294715285562512,0
-0.37478819561049281,-6.5197676824379061,0
3.8549097184148566,4.717363039687906,1
3.140339821724432,3.1168822600002382,1
-2.9705091568437436,-5.0266133949203162,0
-0.54796582841835662,4.1494632785391685,1
3.0940339444706475,5.0135734047180565,1
4.0247755526631677,4.7963907963925294,1
3.0468140792927523,5.5251543941926862,1
-3.2662844920537468,-4.1826363863078981,0
3.587396988159008,2.736071048195154,1
-2.4777109887319271,-1.1018124210356814,0
5.4586848661352807,0.88953628692273545,1
-4.3983292034098813,-5.4968686359780428,0
5.5088468553482794,6.4227990246229947,1
-3.7046558170611581,-5.9869430298860724,0
-5.9467413518706742,-2.3492367561461935,0
3.9687116348058935,4.0587717220525557,1
-7.4918440681492626,-4.3193349862995865,0
5.8779498265066898,4.118734003254235,1
3.5737044122736377,3.5324840793854309,1
0.47781848923494996,-6.3274560101149238,0
4.4356321113866457,3.4414505107321656,1
1.3933519542084545,-2.7989346206657753,0
-2.0696409536847189,-0.42765993290539006,0
-1.1781069531270649,-5.4753003174712305,0
1.6299635964508523,1.6437250989728203,1
4.0045877353326622,3.9719561467599229,1
7.554618668936774,0.63573073123247426,1
7.1739028917894592,4.1323072781805941,1
-1.1974175950223369,-4.0652107900892442,0
2.6072096922380119,6.7676220865637777,1
3.9912624557165999,1.6395018921407862,1
-4.4458516943857109,-4.36584489293978,0
0.37295321359307687,0.32821811280548019,1
-2.1447931404326512,-4.4162092565295872,0
-2.8067574097357944,-4.9323422007612852,0
-4.535173117861377,-0.47778974672029451,0
-4.4943439074591787,-1.0875463581887976,0
-2.1527800170347584,-0.51311645612328194,0
-6.5277250361004331,-4.4327723885787575,0
-2.8015327706307378,-2.6127720550881341,0
1.0609192132241763,-0.52422342943231426,1
4.3837467828677701,0.83561281956106903,1
-1.6063100054212531,-3.0750206636334987,0
-5.1981886725547852,1.2236511527180669,0
2.9268595383716938,5.4865289124931227,1
4.8342159775106168,4.6440247595346458,1
-3.3961014405921581,-1.8098776466423219,0
0.24870815962658588,-3.8456428229269806,0
-0.43277865696797502,-1.949777672681118,1
-2.2869894353424827,-0.63483242624595304,0
-3.7620651571781885,-4.0337819886123336,0
1.7899961274888381,1.0681634018154409,1
-0.26438768390120471,-0.31085547510250189,0
-5.0163134911214762,1.4870765954151173,0
-0.15124845283517185,0.53554864722986606,1
-1.5806322314016021,-1.4567313989840169,0
1.9888387750344201,5.3877940077527011,1
-2.5862463941660243,-4.0989592361179294,0
5.5167435649812377,4.0167864306439345,1
-0.51137467219207977,-2.3462565894458831,0
0.55512009830696529,0.4930701239341837,1
2.477990505584724,2.3657263113949663,1
7.2726778736731283,7.6364507759602169,1
3.2108181812834378,-0.37264996035251885,0
8.5655907900032027,1.1113985377542208,1
0.85411549475031734,-1.7263444101736791,1
-1.9241550527191931,-1.7959142850196825,0
-7.1889678029990529,0.19354976795351675,0
2.0094665717461577,-1.3687649567827389,0
4.6918909314678698,0.90622100379078452,1
1.105440111161391,-1.3382463881908873,1
-8.6309770494558968,-4.9459016953956736,0
-1.8497617254037535,-1.5605431008256834,0
4.9296896381207596,4.3600551578734219,1
4.1254255583269419,9.5724744191163751,1
-0.90198374938739612,-4.4971363520329728,0
2.1946992734367154,9.3655527649792525,1
-0.25045420190055845,-4.5394943706045634,0
-4.8444429315729707,-3.2928205844118938,0
2.5354102489230126,7.4995937952900924,1
4.0263614978633404,5.5440841764170194,1
5.715343365483216,8.129193957756236,1
0.36923889678738053,5.7355131395780834,1
2.0379670531633431,-0.1750528655422956,1
-2.6742426857228101,-5.8469640834111019,0
-1.6969737206230602,-5.3374989975278115,0
4.5437096452071133,2.2602890194758132,1
-8.3500732433453386,-0.36962980536868795,0
3.4136854152255953,2.3647430152486253,1
3.1202772584666998,1.4201739904156256,1
1.9136612725436601,2.9758218593459023,1
-4.5552763216839649,-3.8025117903133228,0
2.7446329324259624,2.6711119631600706,1
-5.7375303810911999,-0.3648206401669758,0
4.1511540644037268,3.5599770258074463,1
0.95444014787967557,2.1224090792156365,1
-2.2086017683896273,0.64006659931634147,0
1.4873358139181996,3.5580106611741207,1
1.3051626291630081,-3.4825201752387809,0
-3.3337629918386327,-5.6258714304751907,0
5.5581171301125734,5.4879816135517023,1
0.26766445122122962,9.0218767805452895,1
-2.2941904766238181,-3.5227110152123973,0
2.0920299358756296,-0.62056636716902114,1
-2.2259607277120939,-3.4425090351662018,0
-1.6994494029188096,1.8487834646731667,0
-1.2470416602530328,-0.45996457637778354,0
0.074590440278355263,-4.010864791017231,0
5.0078659470800453,4.5226429724767421,1
1.237055977981484,-1.4819630901956384,0
3.6920879385457126,3.559914772936291,1
-2.2021425889538824,3.3201884252419389,1
1.1475436228295255,6.3573670629392272,1
-2.7819389779774539,0.58927053069290292,0
4.9501548198908818,4.7070600751301903,1
2.2592126092396199,1.7924730580345609,1
-1.660757701010932,-2.5259885839753702,0
3.2786220999201698,3.591547977750305,1
-3.1244471868158783,-4.1310993216722913,0
-4.6511418841996699,-6.575826757236813,0
-3.3699463874168045,-0.59845668259811236,0
-4.1252972346818622,-1.0607096937705129,0
-1.161974650288278,-5.2053097808971094,0
1.5046431340444744,1.4878999570378673,1
-3.0740186091394204,-3.5710268843925994,0
4.5398558741858963,3.9075171807753333,1
6.927289474321924,2.8026724118438504,1
-2.5610895219833592,-1.6041123410462659,0
-4.6741718568139481,-1.0814853002652114,0
1.9468834203287702,5.0126068386062244,1
-4.4337895623171661,-5.0130030788747213,0
4.8478899887404525,-0.70595457715673327,1
-0.19571965579261352,1.0347026181651682,0
2.6443956252691141,-0.81720426677418612,1
-0.020239340110829396,3.4958441345301527,1
-3.1041066585384973,-3.1002683014164822,0
3.0372952946100371,5.4092440321158248,1
0.11978978275336427,0.96985779168537389,1
5.3206168126781339,3.4969785321144173,1
-0.86929372413096084,2.0026006348979344,1
-1.7715273901039619,-2.3085630418539096,0
-3.7528330434803663,-1.4571700455678909,0
0.35402271789224082,2.1136302354910268,1
2.1050737072353063,3.5127309802372242,1
-3.8499722154827367,-3.1602445808172748,0
4.3695799803747217,1.1945912545650004,1
-0.51496464000667919,-5.6261244799091337,0
3.4584282037964482,1.9611677665533023,1
6.0332346251887561,1.0472931946914112,1
-2.0217288802343352,-2.6203636893289528,0
-2.503466423786286,0.73956248951540138,0
1.2586426087810636,3.1895861972591009,1
-4.4178278311323051,-1.8816088712125336,0
2.3723716288868579,1.2223658103563566,1
1.2906553234366884,0.78220336064219209,1
-1.4927755556776527,-4.2840349803489595,0
-5.4017042421172095,-2.4874086707862273,0
-6.1830875075004208,-6.8726047261797714,0
-0.19598606211735214,-0.55087300414006135,0
2.7365810039311356,-1.0616620314643406,1
-3.0480960898332579,0.35590371746370808,0
-3.829810139023972,1.0379304579539985,0
2.3779139062955501,2.2189904849856905,1
-2.4188342133650784,-2.0632125865040094,0
-1.9980362247783157,-6.5042639869907832,0
-0.92485060712011569,-4.5237621279779887,0
4.158112717577759,5.8568255698376035,1
4.061376613166618,-0.47967842667667426,1
2.673133361166812,4.8010799627986733,1
-4.87545026710887,-5.9230326609463244,0
11.555304449794038,5.6472834633894804,1
-3.8606920017946962,-3.4960771032265368,0
-0.074651787788733603,-3.7888023326925051,0
-1.318723516676205,-2.6429928368099915,0
-5.3611815158524667,-7.0117108295824435,0
-1.7455259354669623,-3.2172330313013062,0
3.3220338715060929,2.6307474573378591,1
6.7892730638270082,0.16938884890176586,1
-2.8897939378447521,-3.4399937169246533,0
-0.99563145690202726,-0.75392803396151242,1
4.7782909282512005,3.6364698503502653,1
-4.4338178144126976,-3.5381367790875866,0
3.7924454078806842,3.2906338503868571,1
-3.231505679759572,-4.9314117809866449,0
-3.7965044149732838,-1.2277365298413723,0
-4.07866887606259,0.40432449136964266,0
2.5484712254673956,2.505650770172434,1
-3.4398442115045111,-5.3349628449884499,0
2.8626045052559279,-3.032824919411321,1
1.69236042805531,5.2908590046847692,1
3.9576652952696207,3.4269738285591664,1
0.086113542621949257,1.5928207207864595,1
1.1468318027496232,5.0279516650051495,1
3.0531575338128891,-0.48224366806351471,1
-2.4214690539964425,-0.12254167269226368,0
1.8397017208782436,8.4220167768724483,1
2.7216532327455099,2.1042135713844203,1
3.2596068865214134,1.5509967241181659,1
-0.37453683856471676,4.9577362641814373,1
-1.3860815876579544,-1.4190728453932688,0
3.3108026605031795,2.337944389004718,1
2.9799008253262955,2.3258095082965085,1
9.2723088173960448,6.3045986265959701,1
-1.0181352321999748,0.9776263945496213,0
7.1312946671268058,2.7898708999248178,1
1.9847647354972642,-5.2566045806552584,0
-4.0044694570916857,-1.1621124732276691,0
5.2237312418818771,4.3712786432091004,1
-3.7676458339891461,-2.55541774246467,0
6.3042791013386026,0.63361876697966446,1
1.036904826999224,6.3052771784372723,1
0.44415313938547429,5.3890497721376462,1
-0.67349342888179509,3.0294099370114944,1
0.0021167268423929464,1.2690213850996295,1
2.144987765371841,4.1302697358275715,1
-3.6743816086835461,-4.9133155341147532,0
-0.64269498989349039,-4.0154903066710474,0
-3.2444253217263896,-3.6990261483217459,0
-3.7279473021069736,0.71552685284404749,0
-4.0116965184149764,-1.3623782161498526,0
-0.55575262165187267,-3.9653690869580691,0
3.6115824789232764,3.5913823767329598,1
-4.2449322166059842,-4.0772471011487568,0
-1.9785344161414511,1.1309327878966329,0
4.958228630415201,0.52228244383007016,1
-0.39521679272226251,3.5986575913949821,1
4.327405194946957,0.72496862813611429,1
-2.6722199496155481,1.1661504681720505,0
-1.3674817611580252,1.1047314072105554,1
0.018672146841014037,1.2386265655453066,1
-4.7160839042549378,-4.5568323100648609,0
-0.97630941370056412,4.9881375718939225,1
-2.271814492490237,-5.6858172648206917,0
-0.38054117143668575,-6.6227327822759783,0
-0.78807523482870501,-4.3145100656973678,0
2.8265207149947988,-0.054449683649405944,1
3.3823934136194307,3.4516399290238939,1
6.1923188193240151,5.5647284825796248,1
2.1993500741374938,3.1515538406817809,1
-6.5808481570630963,-1.5519838665048318,0
-4.9851209282926003,-1.0083839065178795,0
-6.8110568803677616,-4.0687464975033194,0
1.7779987667238943,7.0966240269973326,1
-2.6970504712399781,-4.4492629801967833,0
-3.7209124872247763,-2.7940124903100094,0
0.80088454664684106,2.7454213341796256,1
-2.1699410977454718,-0.29444868983116379,0
-3.6110783330594423,-2.9209160700638823,0
-1.8636796963255313,-1.6784017964683446,0
1.7248656152276003,6.4203428536461908,1
2.9020868801193829,4.0631911161024066,1
5.4736585606147887,2.9460817240145585,1
-2.4083548308439133,-1.528094438219191,0
3.8049803043398351,2.6199385580459857,1
-1.7044871073886607,-5.1771018770873125,0
3.5741379417447572,3.2081768263793959,1
-3.017592206419264,1.0075200607217054,0
1.1242250143491823,-1.6038443185764888,0
4.3790810144758323,4.1434457883253497,1
-2.8688270812137109,-5.5054508367565536,0
-4.466052836314276,-6.149179964731589,0
-3.654783609051703,-4.0879208444783188,0
2.5587539492522184,-0.53104290833080947,1
-3.1437331146768406,3.1513164266858276,0
-2.1763238802363682,-0.79133283523836351,0
-2.0411364045156448,-5.3552379237894314,0
-0.44971733590331997,1.7654579565956476,1
4.6872468440389161,1.8964790990983262,1
-3.9856646630137651,-3.6676511471770317,0
4.4942001287789113,2.6423378067145165,1
0.061715792316844986,1.0533462100764679,1
-2.1867864083908461,-5.6502116397199593,0
4.7504652582925235,3.1263467429058585,1
-4.89379175016182,0.62904560687321975,0
0.36645412659815779,-0.39765854897882402,0
0.18380855907178972,-1.1598712813053633,0
1.3719847848527247,3.7231284418004882,1
0.8336718045011251,2.3080496210261434,1
4.8040001805301076,1.4596064586296624,1
3.2342862335307827,2.994223009307396,1
-7.7371652362032357,-3.9522002842925827,0
1.7008327054913741,2.5324838481397096,1
0.058401692728039745,2.8671944482831409,1
4.692309420228197,3.6188591848568907,1
4.5032150365000225,4.9967599156263685,1
-3.7796900397154225,-2.1835659779017638,0
-3.5157239016365134,-2.1519482088657442,0
-1.5684516111317062,-4.277875609639719,0
-1.2102409343711,-5.1944808019529747,0
4.2525557626444677,1.5129533633990546,1
1.6996992582987991,4.6441092178167782,1
6.6339052526790177,3.2853580491641092,1
4.3920662745382053,4.2239611378066977,1
-5.7435311101669999,-5.5797101704724064,0
-4.4522367101682807,0.7895584564124376,0
2.2277144886952849,0.74807674735959262,1
-4.0382904019838506,-2.3129889731784541,0
-3.6235855207253209,-1.0170871864291491,0
-1.5016005532176324,1.3143054826904255,0
-2.6252761297687157,2.6277670355737666,0
5.4698195108273433,2.0626986327850521,1
1.4685023832998381,5.2329779401491114,1
-3.978169986637849,-1.2550130954658709,0
-5.3696685846342262,-2.011024346926289,0
-1.7596588896914973,4.7900050283773048,1
-3.0758170701145175,-3.7478327171775074,0
-7.8993463546325149,-8.0816366745690615,0
-3.9423382715584481,-1.2372719037369666,0
4.3990722174752852,1.8334390479116771,1
4.8963401046700401,2.614046760492994,1
-3.5281990272278936,-2.146802755576581,0
-5.5808057668909248,0.17700503112320387,0
1.2137965947946483,1.9349004201775559,1
6.3277846956669244,1.2088773172507101,1
4.640196602995931,2.6309487276035197,1
6.390474864011443,5.4145693373869452,1
4.2816902237100463,4.6028452410407281,1
1.7198530398845231,5.7254455461455311,1
-5.3947608598497361,-0.41959229276532373,0
3.0902660318859625,3.3140204974241421,1
5.1521842887352776,6.0753589217370374,1
-0.50977461215525377,5.6255630351215871,1
-0.1506580069710175,-3.3965633012452305,0
4.5635477176435923,1.4018450680780403,1
7.3339318879702287,1.3388965823469785,1
-4.3627849136531411,-5.1471624247180827,0
0.25772302630721189,5.0290631590256902,1
-1.4695126222334327,0.63419542031917997,1
6.4732179241118093,2.7020340292862137,1
2.1105668209338964,-2.4169440171413403,0
-5.1116137937887522,-3.3582509503970335,0
-4.148501136166499,0.18285465696692427,0
4.3805668428174744,3.9209210176365805,1
-7.0682843379292146,-1.2229829807966541,0
5.8390293152390154,4.7775082915113716,1
5.8445973558536082,8.4120392142453912,1
-5.0582505588910056,-3.0946881909489279,0
-6.2951977030332307,-0.0055712150168458763,0
3.0660375320920794,0.52978781027239119,1
-0.66209052206614638,-0.22696385939541264,0
2.3008804293801051,5.2011624553130531,1
-0.33257146728581732,-1.6652672613777122,0
-3.5791101875211631,-2.9028260854094627,0
-1.8731778922092828,-3.5886500383440678,0
0.040891586511889955,3.6930487794398532,1
1.6080695412868833,5.7067692627719921,1
-3.5024108250696915,-2.3415427282327426,0
4.3831933754137165,4.390631247626323,1
8.778898486421248,-0.7773720465316174,1
0.75301882236189144,2.323014086341491,1
-3.4181823659467128,-0.6284276603791743,0
-1.1341429364012625,-3.0301904058302735,0
-2.8414766960462772,-1.4323523472946607,0
-4.7533893333835051,-5.687782886488959,0
-1.8364094699900841,-7.7453868690633199,0
-0.73734446880994575,-3.5185864897835275,0
-3.6920244507723545,-4.1421461998904476,0
-0.60652167215799002,-4.3519554884504066,0
6.4209451458158231,1.0133066104615536,1
-1.7524354776200781,-4.5276138814631777,0
-4.0190907338986124,-5.8171407766279959,0
-5.523526542980445,-3.1381794443975388,0
-1.3652093424992666,-2.0597515999815226,0
-0.52001790256905833,-0.1155786968788286,0
6.0068944555297001,1.725364790549037,1
-6.4986051584227678,-5.1531436589765072,0
-1.3914227828569488,-1.9094187265953404,0
-0.30295293381066601,0.27955000242860528,0
-0.50417951105156344,-3.7154463201651899,0
-1.032960389058208,6.1443737798265472,1
4.7171404280277933,3.6196864714414985,1
-3.7755954781584751,1.0099476765335842,0
-2.761891506945664,-4.6303436795975745,0
4.0140571027962721,4.4353947360195205,1
7.7237987135814983,4.8191355368574271,1
4.0691064677999718,3.1124503783285777,1
3.4254220401987889,1.8042299833966304,1
0.54765545995532117,1.4337641989196577,1
-3.4290507770832588,0.81039527344559481,0
6.4842493692648882,-0.68357729441284709,1
-0.99250266138073684,0.65798125827487786,0
-1.9417021697207659,0.061574400393207274,0
4.9853281119633479,3.2153348133864066,1
-5.9931555623050201,1.4045482559571987,0
-2.5186559905408195,-5.2209146161869686,0
2.042477140446163,-0.39471576690861365,0
-2.1838391642503647,-3.5777969894536641,0
2.217439800839438,4.6279383069185087,1
0.25295499570509206,-4.5945204472943288,0
-2.4838629875853835,3.3184750766369513,1
2.4510767429143048,-0.19922821038159721,1
-5.2112051648554241,-2.8605137661508437,0
4.2668530591007698,1.5650738108310533,1
1.9336450222867652,-0.55242152953234758,1
3.0990160313421318,2.4643998297063097,1
-2.8984669408218395,-0.50469353278982254,0
3.4561353614703552,3.0620085617550319,1
1.5951163520995981,7.2384706047607814,1
-2.4221305178903312,-5.1158509617326526,0
3.1817684104368213,5.5789539885266866,1
1.4675241763668898,5.4272036069804326,1
-4.2789634037195894,-2.0666348545422562,0
3.6217110805674606,5.3115163400405265,1
-3.0878063890466176,-0.28454510536273503,0
-2.365875273132775,-4.6024560147518416,0
-2.5962853340152301,-2.6425748738061277,0
5.8324635212422793,2.4672467422410342,1
-1.7975925831396133,1.5132312889095196,0
-2.4964135425297318,-3.1329357714340018,0
-4.3650896399587582,-3.4154032000389023,0
-3.6830674234279579,-5.0140614082716208,0
1.6075980165876902,-0.67908406966158541,1
-1.4941412851526581,-2.6304919164769047,0
2.6482901072917215,1.5078557321492525,1
-3.638052537079739,-9.082734768643121,0
-0.39574766577196785,-0.71047564079428938,0
-0.26626259880571368,-6.040133144193284,0
-0.39224573264549267,-2.3506784949169743,0
0.28816159785361561,1.7333029919287863,1
-1.1795419516637087,-5.2539617137856123,0
3.5269945321156637,-0.6480868559963886,1
2.3280501778764968,5.6231840693423605,1
0.84838189559737964,3.800894351157809,1
7.8639113864856611,2.606045871013519,1
4.3848928017594018,0.82117455746331158,1
0.94459894077294004,8.4702664918873367,1
0.50156826009462163,-4.753603060933294,0
-1.9038383141477011,1.1988736016783577,1
1.0959119869742688,4.6730861975533688,1
-4.1995195744019806,-3.5479775112393726,0
-2.9024793564366735,6.6632150991597845,1
3.6455866184166159,6.8917203608777227,1
-1.8507648830835282,0.052455420440886247,0
-2.7491127647517004,1.7894821116406163,0
-4.8517871066975875,-0.14663240418290702,0
-1.2807728617983811,-3.6882891745592961,0
2.4801427814941257,5.1207424231547138,1
3.6234493179994045,3.0417135373259137,1
5.2549922371356601,6.7890774003459722,1
-1.1384041401299643,-7.3686190267464271,0
5.9972855799140827,6.1520738833850777,1
0.32441596965856911,1.8066061420278594,1
-3.4609233573326428,-4.4218946050126045,0
-2.6872606395896934,0.81737088210765485,0
1.9479529180075978,-0.16958191308913406,1
-4.3841246228238298,-1.666019092872417,0
4.0806532693304707,-0.090140861987067833,1
1.7116212457508886,3.110446301131796,1
1.9470636971657214,3.7695965214713762,1
-0.54289786574828636,-1.9625887440231824,0
-4.0109029401235716,-2.6124614228237313,0
5.7796634394389876,6.739898982684327,1
-1.5787396218970506,-1.1246645745266621,0
0.45553289822675858,2.2234422988028406,1
-2.4055671336417217,-1.6741667388311667,0
0.25342539544792064,6.8052636700268163,1
-5.9398192947873198,-2.3687446508809487,0
0.089461703647608637,6.4617923360157743,1
2.0501938937942343,4.4583528182218792,1
3.5066008667471027,2.814824099217446,1
1.3956790732826083,6.4943154839462895,1
2.1725968086478824,3.0054640324451256,1
-4.8543547541512275,-2.7731859811413777,0
-1.6120442654974496,-0.93057799146856857,0
-4.8864869729270302,-5.5567930801963241,0
-0.73604283369506662,-4.5381907675075048,0
1.4222724187717015,-1.8220383848718464,1
2.8421810711064279,3.7629029431612606,1
3.2757557419700385,3.7313166009565162,1
-4.5072205060817705,-1.0755667555152373,0
-4.7365496663568107,-1.3062163894831909,0
-0.063442491942423018,4.1088614188095161,1
9.688552628344933,5.2857390093906229,1
2.8556409542588952,2.4281991961193752,1
11.123359003070803,2.4057653254122289,1
2.4486081048086206,6.6312193222906206,1
-2.9560621082932199,-2.5669066146744424,0
0.51730986930287726,3.6711324226616155,1
-1.9281918868502577,-3.5747446672386434,0
3.9584877483662444,2.8541040239075,1
-5.1906722767452225,-5.8112721292535117,0
7.9064262395059979,1.8847871975205956,1
-3.6824959480799913,-3.1627022243179259,0
-1.8072485898426236,-4.9666661026703558,0
-4.3951486732429608,-4.7263110084293434,0
3.2449122772492798,5.9069264477754535,1
0.17828385628738408,2.3729383266442259,1
-0.3186954331724583,-6.2806849010561496,0
0.66981833249911515,4.4942473594142829,1
-4.0679788395871901,1.4815449651449786,0
-2.244675990322353,3.5387060486732214,1
-0.53541899654073433,-3.5772990980562662,0
3.940479960150105,2.8931818085407719,1
3.3522246035245589,0.63745111975791557,1
4.5954640041594539,1.1682909073773062,1
5.2764930981003086,4.2441229920855115,1
-1.2512027547520699,-3.1729128849848798,0
1.210112452336058,2.2924496578649647,1
2.9547019260960243,1.9630716939251822,1
6.331888198736106,3.9619952856405711,1
-2.1802929106305835,-6.4448107459615471,0
3.0464751491178275,1.9947597457040949,1
0.55732039803574063,1.465449797759427,1
4.3702158394921691,2.9519878497906209,1
3.4680952734788235,0.79519434727142579,1
4.8072852851799723,3.8896625035688532,1
1.9929765454801598,-1.2396609262664029,1
0.072269412236542152,4.7522671663231426,1
-0.88572510341653388,-8.2424471148135172,0
-3.9804417386039437,-3.3322707716576105,0
-2.2565250560452665,-4.4593070286530567,0
4.9523964281312036,3.2658108015682004,1
1.1533713196966691,-4.8352111888471976,0
-1.2692072549254398,-5.669349475211968,0
-3.0829025166866657,-0.55931662955848704,0
-2.4060703478283929,-4.4758416564632073,0
-1.4007825897486885,-3.7741655281725244,0
4.209976331795418,7.0994881166128927,1
3.0459724246644053,4.3560547960517857,1
-3.6476591229119539,-7.6114820047921627,0
-0.25549059667163565,-0.94682412892681445,0
-2.287382669775468,-0.030089123384279048,0
2.8167319023937942,3.8477850041939714,1
1.8897852220292573,2.3955830114323073,1
-4.5221388631666368,-10.242477900784719,0
-2.8788272958619938,-3.2278081182368186,0
-1.476274085339828,-2.1847532233505236,0
-3.5387056113780564,0.22221178263787866,0
-0.63356312328542419,-4.4813329093249008,0
-1.4112129055785521,-1.7540385329864725,0
-2.608854295679675,-4.0696074462187886,0
-3.2136381562275065,-4.8131386715858522,0
4.3171263136449811,6.0357648067286211,1
5.2298209875700632,3.9072249050655841,1
4.623188424133545,1.9726403374384742,1
6.8826963261699188,3.8413261910692422,1
-3.3978179575897136,-4.576343641334109,0
1.73174825581289,2.3332766507857619,1
-3.6806245754848348,-1.3381937464242137,0
-2.3316455303727244,-4.208932189709869,0
-3.5312046313187606,0.12760611912444508,0
4.6707965555064792,0.45576353758050425,1
2.237985455435997,6.3220639384880108,1
5.2866839348708865,3.8072192176403328,1
-2.3583146271564632,-4.5660455796340553,0
-3.1015966550904652,-3.3472828405356676,0
-3.9134833740673955,1.7588053304913016,0
-6.0620362533556316,-1.0496495532416128,0
4.8789716847367455,0.55957428735094394,1
5.1739069740158321,3.2827523915019561,1
1.6172130894235031,3.3518655955568972,1
-3.0920095713696023,-5.7642330744578718,0
3.5559157697888133,-1.9093617413668138,1
3.9843907189223682,0.34901364335895924,1
1.3783777523594674,1.9653340899490672,1
-2.1086486076560549,-1.7356871050234133,0
3.4038923919164414,1.4217470289092837,1
1.8471890337465586,4.0062374216574934,1
-2.5545158526893061,-3.1178693861216082,0
5.0378527202650432,2.8530615232829879,1
3.0390446918876237,6.8547274184522067,1
5.5013053847297115,-0.57317596229052148,1
-2.9428561337731716,-2.5714332563676918,0
5.3721750465146485,1.8757419288153556,1
-1.5774689659254044,-1.2898232079168419,0
3.5372414801171317,2.4071369947543455,1
-3.5547318492061128,-6.0730425184511274,0
0.016952899812232136,-2.8302519293790516,0
-1.0864217493934447,-2.7257491364882016,0
-2.4978925512625101,-7.4449704939925292,0
4.6270627264647697,7.2814982563593356,1
3.5682540296027168,4.8064414324032896,1
-4.0525191844218913,-1.3604405923598724,0
-2.8291275798089437,-3.4430813984106128,0
6.5985381685067424,6.0416999098257751,1
-3.2485346194674327,-4.3418205627404634,0
-5.7166845673718454,-3.3874792249066989,0
-3.6139765404612274,-2.9554475064284631,0
-3.8458465924912346,-1.3155568504579092,0
1.6832724450779111,5.8585607481731712,1
0.7813602176521508,1.5934775275555162,1
-1.3014488894854093,-3.8087594851006754,0
3.5625689713943185,3.5937414920800674,1
-2.5404915705595297,-0.72804282292281419,0
-2.8668301446841382,-0.11172092908952047,0
-1.8744443164439071,-2.8319223439420118,0
2.6084052078928606,4.3481135381363503,1
1.7630514219167401,4.2977935134995846,1
-2.2811120867055701,-5.6337547915566297,0
1.5361803578780693,2.2262474867047097,1
-4.3640116941957761,-3.7174074215773665,0
-2.3276476446149674,-3.2371847692357574,0
5.2500261197898102,3.1907804998446592,1
7.2605407703812892,2.7937159868335351,1
2.4444724232306214,2.6609932618531729,1
-1.7134877089689327,-3.2869732823038116,0
-3.1573766717099923,-1.9925072816070897,0
-3.4474112878825434,-3.1950416493899252,0
-0.55608794334237333,-5.9767933990877324,0
-3.0770663838543699,-5.6972828348335938,0
0.63706035965606755,2.3602336319592556,1
0.6762037739345641,3.256911985668673,1
-0.45287407559762149,3.8747805531853481,1
3.2632460993616261,2.7746732237546885,1
2.0390099312339163,6.2711853930534165,1
-1.7934321958369877,-7.3136260303168932,0
-4.3300441584400975,-7.3622599305697465,0
-3.0125416012957302,-2.4701470423954732,0
0.9600574156172299,5.2167878863806099,1
3.9483757406703033,1.3775015848628607,1
-2.7870322724103906,-1.3800025382715386,0
4.4510927115887462,0.90073086880417641,1
3.913156849749222,1.7710634504307645,1
-3.3139041301457226,-3.9470308965448844,0
-4.9310875571861494,-4.1854161987163625,0
-1.9002648615979805,3.6877696258064661,1
1.5348058869004244,3.8142863236257725,1
-0.39787043357488905,-1.8739743038591961,1
-1.0656489503891458,-2.1900505847418277,0
-2.2785534055244607,-0.86618275149036039,0
-0.084445370294826905,-2.9292723109065899,0
3.2762086978027019,0.018368694512026273,1
6.0248277172246434,3.7399608493049668,1
-2.2984163737429402,-3.6023874967872835,0
0.10453839389276798,-4.1307792109726247,0
0.35326149232504056,-6.6917296245038287,0
5.5755990425273811,1.100706765572697,1
-5.1762783925218736,-4.3175499510850379,0
3.2334242887334352,0.90127309246903531,1
-0.90400272540532045,-2.5108157179187209,0
4.4102945684215058,2.1550978032976902,1
-1.3714490642663513,-0.89598350065865118,0
6.075337969744842,1.6807965613822207,1
2.3425763439048035,2.0418693237071999,1
-3.6200132405062702,-1.7425325783517529,0
-3.1746620950580722,-3.0446867881596074,0
-0.10000900497971132,-3.7729472738368428,0
2.6505938318024262,8.038303556283914,1
6.1835422985193604,2.2634767020121944,1
-1.5270452496312696,-5.0080325558004999,0
-2.3612624152632513,6.219333030384103,1
-3.1971708331639483,-1.9723949680685469,0
-2.5734991682221229,-7.7216969990177002,0
-1.7885018436126641,-2.4026701798906061,0
3.7933165103830024,2.4181442205480534,1
-3.5241272114395077,1.1187171296006699,0
-2.2146504146694936,-3.0452322515653103,0
-2.6547373634678557,-3.3764921612171577,0
4.1796787762283945,4.3944165779469397,1
-3.1482514194972797,-1.4246020009189351,0
-4.4586979123002406,1.2318600834466185,1
1.6177235032873596,1.9840430240642823,1
2.9523334695011636,-0.83735761058656344,1
-6.9676563991819203,-1.9379504569472406,0
-7.3500093150259866,-2.8384066687476288,0
3.5473475857584216,3.6269812657652358,1
-1.7961188668792303,-2.3122550252518401,0
-2.6166544655097983,-2.8161714391068462,0
0.23019280473508408,-0.67575828018149187,0
1.3372591366101894,0.67192089654708287,1
2.2177077616576244,-1.1132199293923604,1
4.7270724036216141,0.26936808827854897,1
-2.9605476016423387,-4.480409899760601,0
4.5357867734002628,4.6443065790135094,1
2.7268480950674077,2.4158328622516096,1
-3.3388073622455838,-6.5092138283740741,0
2.5913734181096384,2.2127496886977704,1
4.8609628161625205,3.7885411005450425,1
-3.4986882255130882,-2.5213116159145108,0
3.816630345963608,7.9055501670916248,1
-0.57937272827416741,1.880358407622557,1
3.4466508312597455,3.5852179801069148,1
-0.23650639381335603,-2.6060956267470536,0
1.801945153264056,2.548796731450353,1
2.3505365174213755,3.6054081026639642,1
-2.0177434776768699,-2.4774105756047291,0
-0.25075249544098366,-3.1434867297933704,0
-2.8843031139151951,-3.3817660240816472,0
-2.984239301687249,0.33068782894179893,0
-0.31251125939638236,6.8753042328509038,1
-4.5031805024006859,-2.9578439484910026,0
-2.7456415063457915,-3.8139365885343803,0
4.1149558249613616,5.9532436732595171,1
7.188729870659297,-0.31642787815854234,1
-3.3366541610939437,-2.6861215216044219,0
-1.5217016095204341,-2.1669991542829559,0
5.4141766636770905,6.459384929282697,1
0.78022641160862527,-1.6088857139723503,0
-0.35078663415095912,1.1078138448396226,1
-2.5409380196566387,-5.9982353873269512,0
2.0383035498425541,5.1031390810742145,1
-0.48290473286758617,2.6111175903135933,1
-3.3690686008630166,-1.2320038440794894,0
3.5418255954733704,4.2082789427137151,1
3.1341247168450277,1.6409621340573479,1
-2.4767003337382758,-1.3142768170165207,0
-1.2667367136105998,3.8426973600990055,1
1.1654853426221319,-4.8334656008064067,0
4.049646264544184,-2.1652090775893118,1
-3.6164231031513783,-4.2872214284021277,0
-2.5720453515804733,-4.905396038171344,0
-6.0852251357999316,-4.4460858889973913,0
-2.1682689725487378,-2.6853052945362532,0
2.126349487988989,7.091333777285298,1
1.0820571887188628,3.2968707956074197,1
1.365152838554728,1.8646456514694978,1
2.3688626539404494,-1.0949497302602444,0
6.0095673018241591,5.2570690279097612,1
2.7765829866268774,7.0457917915247412,1
-6.180744769309559,-3.4434612128205124,0
2.6022113904243103,0.20573296368295679,1
2.549847503073944,5.4330646478896005,1
-0.89704325332318069,-2.4007427354581958,0
6.4459863045285992,4.1639915818972257,1
4.9456053441735666,4.5661585988314703,1
-0.93287433746273729,5.9098554144243911,1
-0.11471928474747628,0.57076097364780276,0
-2.1125579177838376,-1.9181170024214589,0
-3.1363288382116359,-0.80983293528823364,0
-2.1033487241309095,3.2130178881887126,1
-2.8058278003010333,-1.7085289665264953,0
-2.0004927625222026,-5.2550977215694141,0
-0.76137709366538031,-7.2013634767529089,0
-3.1104600790511125,-6.3507597148989667,0
-3.7727468211288908,-2.2940425628302088,0
3.6925904725994023,1.6011403641363355,1
-2.5129660552797999,3.4374581223087324,1
-2.6909747276492753,0.37178811091686015,0
-1.7241950421117516,-3.2845065875906054,0
7.160277779767279,3.6598187110566949,1
2.0305464043873251,1.6737000685541912,1
2.7621936994436176,1.3322963991544856,1
-2.5287737922200848,1.6003832020994375,0
1.0701967516248434,-3.7061889551687468,0
-4.9189858751901765,-4.8412992462601299,0
-3.6098316931130192,-5.7355149636469189,0
2.9480372820531593,-0.17617486713920938,1
-2.9190216366194588,2.2028707503254559,0
-1.4971237579972962,-0.87105339029757056,0
-1.9019073601898338,-5.4761018510220056,0
2.3357767194913039,0.55102503957644355,1
-1.3336072411394271,-4.7905684373575212,0
-6.3306749850500807,-1.9829204216579637,0
1.1760030138114048,4.0096612401565599,1
2.5243743947744886,2.3359288384006947,1
4.6973218151121614,5.5837774090243437,1
-1.878594036432006,-4.0201966707374819,0
-1.5420593870862014,-3.0414540467822255,0
-2.4709513420476554,-1.6431026868017171,0
-3.5798110411563639,-1.1140524774391509,0
-1.2175668872047014,4.2695648736789602,1
1.1684165014193528,5.7077589674074396,1
-2.3527925885682959,-3.4689147581435757,0
-6.7449643643269948,0.59011952987742067,0
-6.2780027287487172,-4.2705956251312838,0
4.4939938407836513,1.0493963635131058,1
1.1462055544726804,-3.7957659541318147,0
4.9026216936123923,1.1908381525045399,1
-2.3253137026362509,-3.4458645325171444,0
3.0355420170657941,2.060748856812729,1
1.482405137831845,3.7697014272939242,1
-3.3599197984684643,-0.86329017296028798,0
-4.2317627668870275,-0.72090943323771484,0
-2.1487457445979077,-0.3962153081809503,0
0.60029968455463489,3.0532204579023197,1
-0.95495263691637211,-0.83916542646527414,0
3.2636127757432254,6.8791649814174889,1
-1.7500846588091756,-7.2091428349764559,0
-2.2514503606473455,-3.5923266702411962,0
3.8645052604010415,3.7351361960805174,1
-1.8527805526423149,-3.6654181400962313,0
-3.0853199098686019,-1.3066484887329046,0
5.7064109323805896,5.5440781755902542,1
4.2538873561488098,1.8411615830713557,1
2.0835040010117725,1.0383108774411183,1
1.04625895940645,1.5057294346703372,1
3.3608338238160931,4.4986779998616129,1
-0.61170623930067869,-2.2575391016883422,0
4.0161864054393739,4.2213209805640624,1
2.6941848506456947,6.102441624932748,1
2.3832812366285538,1.3622323340179034,1
0.4729270291667298,-1.1939427666943372,1
4.0217796862366058,2.1049101557213761,1
0.012414807066213562,2.4752358187077372,1
-1.1995838598851423,3.4528773979313532,1
-3.5817578795347877,-2.5097312309183231,0
-4.1503460988569421,-5.8218761592516124,0
-1.5998127703028369,-2.7143377979518322,0
2.9303999048453675,2.1008010971882287,1
6.4891191985846834,4.2429495366649821,1
1.1113251427226012,5.2794106020913389,1
6.5290799015025867,-0.95745861791123721,1
-3.9315259726246707,-5.4487318949291463,0
6.7512562854532696,5.3917257876245692,1
-3.9910325717681436,0.28559936000882935,0
1.4020353571612025,-2.345367851781659,0
6.6172552786835652,3.1371796701840657,1
-3.3384701728536119,-4.6909324107722528,0
6.6378439769311388,1.6390464046429891,1
2.042884300167497,2.5290808611412334,1
-0.27042097520911357,-0.55990006193555031,0
3.7048330965383203,2.2382473823704574,1
-1.1976855460539628,-5.74115706132031,0
3.501277504125655,0.73888633905437384,1
-5.6916049823829535,-2.4490930395139312,0
3.3800988546981428,2.3960460279620381,1
4.0456564284512408,4.2311255318972236,1
-4.3259937268261535,0.56753738924251174,0
0.50803173035230076,-2.1768350357469126,0
-9.062636801590223,-4.2287740573065244,0
3.7495024112410134,-0.48652893332984171,1
-4.8460109200227359,-1.4085984825556483,0
-8.7611142655484606,-0.67580696726622724,0
2.546597196159011,1.6847361821272875,1
-1.4314379668688371,0.30659644071472725,0
2.4232641758282134,2.7925834609940647,1
-5.9834307036639149,-2.4550292238574669,0
-4.5041184524939109,-5.2670963258822532,0
0.88251086554138913,1.0875422056741653,1
-0.11954844909669715,-0.0017322324502786479,1
5.3964728280679513,2.6158350490846534,1
3.0913611354830244,1.9698687169947964,1
2.3829952819133124,0.39705064023920444,1
2.8455268471491699,4.4752657931071553,1
5.5236873052592363,0.65062101012425755,1
3.1029875728165051,-0.55106452938790795,1
-1.538226586266443,-3.1152093446032283,0
-2.5449594728078133,-1.5831149484987348,0
-5.0144888782481871,-5.1618272542747485,0
2.7899267021266887,-0.02421369138975793,1
1.0284262747989377,1.0153554926153991,1
1.7996633783496683,4.1610712693127319,1
-2.070151590097467,-0.37537480098670128,0
3.0436858992580751,0.74156247335655667,1
2.6781544564823201,0.2363582810264373,1
-0.55519557438077705,2.3381761506153937,0
9.5346137270606501,2.1504205117887016,1
2.4956108539442807,5.6316388310623751,1
3.9362773873979569,-0.92679692645476353,1
-6.526219427211684,-2.2574251265706069,0
-1.3395651093206671,0.34441580168760755,0
5.2232156939177372,-1.9507527699946676,1
-3.6073995495754345,-3.2591329514468375,0
-0.033574636649711831,0.88231644018810496,0
-5.0536552201378369,-5.018082554354061,0
2.9776832551324977,-0.90419793809933058,1
2.416729542163099,5.8003282814951245,1
-4.8019778551394756,0.59343076012499196,0
2.4163146015222527,0.29146638690154747,1
-2.9963119721972413,-3.8299635142275275,0
5.1219054665027475,-0.51981393286477973,1
0.86211737817510325,2.6542720185588529,1
7.549207661968242,2.2547694719017062,1
5.5257647544850377,3.7230313162729987,1
1.5904246490133274,2.1938116383987531,1
4.9324819457727989,2.1875840454965072,1
-5.0622342055556686,-4.3674876567755945,0
-1.6945634157890708,-3.1543337293652978,0
-2.0068105750265408,-1.4074531834750832,0
-0.49069967098876877,-3.6400219979529305,0
-2.7931694270021725,-3.4093391901822074,0
-0.79784601313454262,-3.5175831352497946,0
1.0160438628852762,3.3095700143164617,1
5.2628768827792314,3.1758397291805158,1
-5.5108554984803604,-4.7455502852469742,0
-3.769321286694808,-2.585428303678512,0
-2.5845400890008929,-2.0391286654315319,0
2.2485161076591247,0.69538984981781526,1
3.4722525291209729,3.2124030083417372,1
3.3274946452474152,-0.90547413501865615,1
-3.4267813302010279,-2.6818127977931878,0
-1.2011648963703119,-0.4305371642808109,0
2.7425693928882158,0.34643169008246488,1
2.7356439294085808,1.4763291559030722,1
-0.18729971373394871,2.0660898011399373,0
-9.3044054916230472,-4.4923980498247866,0
-0.16940998379144467,0.15981687767957853,0
0.2963748505437005,1.8343228947592829,1
4.6219659399535464,1.3879490253101558,1
-2.4872960678208509,-4.5016934470897745,0
1.9417206600439976,2.4314245825585501,1
5.1241575111683257,5.7032797753138329,1
4.0150309975646516,4.0580460348659209,1
-0.7127674688463923,-1.3484825707269961,0
-2.2675612688341662,0.34042329011090633,1
-5.2736589087651176,-2.1855100888872547,0
3.9604981612301127,0.45401353094767272,1
-2.4060647903189336,-2.8453896990289427,0
3.2549286413591498,3.6312099088277323,1
-0.15889963639745863,-6.8318260985115664,0
-4.7283715151791856,-1.8961695469940785,0
-4.1476667498495088,-2.575553148110902,0
-2.3619243062819057,-3.8339280398378368,0
-3.9982262935229187,0.38881731607132508,0
1.216511230523811,2.7151228763157658,1
-2.6571388377068264,1.6362169755309059,0
-7.2871698271131455,-2.4333817232511019,0
-6.3896060830461128,-0.036505795655486839,0
-6.56941196797173,-3.2254319627193411,0
5.8069234450406322,2.3234427420623085,1
-6.4882522161756917,-1.7229782164100758,0
-5.8373841508849864,-7.4971336927586218,0
-1.9110570055396341,3.049129333541341,1
2.3497131870786561,3.1996752074526498,1
0.23310530459884582,5.2781797341427072,1
-0.69193130230436362,-3.0355468487405908,0
-4.6336458805717102,0.17514227280613603,0
4.349709191980371,5.2559496055291541,1
-1.2478481142825706,0.83017954043248254,0
2.0413452778886314,-0.0042413186240350953,1
0.54675667825487873,2.7136865310094889,1
-2.9106976265067588,-2.9575102105214359,0
2.9867432681838442,-1.0544748346452835,1
-4.0812813691003367,-4.295677665559861,0
1.644965278088774,6.8344507278640112,1
-4.6310160597126906,-1.9410152955685256,0
0.3851601036979635,-1.4341393183529734,0
-4.9195378218658341,-2.5809275957242894,0
4.69392511738282,5.4670271937236086,1
4.3755261161060233,4.1830607399323378,1
-6.2959642712782991,-5.7338769586961149,0
-1.1133564122530182,-0.39528495369471006,0
3.874016185623518,3.8617952982436257,1
4.0350413343624769,2.6812792144833724,1
-3.5718829114055715,-0.10394603706849725,0
2.3790766848165923,2.7468315824678959,1
1.9488013652390486,0.68823522339583798,1
1.1207101340111798,-1.113729095235205,0
0.26687193258164799,-5.7275689506022172,0
-3.3874652065101243,-6.2024340701358494,0
1.1440202853136192,4.1794652908106702,1
5.0602924372465807,3.9606697055136797,1
-4.4025622522578702,-7.2603466370679026,0
-7.2696232534891578,-6.8917637017852407,0
0.57376794957842669,-0.42082963659077555,1
-4.0489233701905594,-1.6566727170975382,0
-3.4709145187556159,-0.84702445569865592,0
5.3030076325944444,3.3409797692717147,1
-3.8112676089907258,-4.3930894886069902,0
1.6647446022933434,1.8364832484921294,1
3.5418353251775674,0.67510201368006495,1
3.1949187993067776,0.61163111317135987,1
-3.2293653080216642,0.24064317300388183,0
-0.31552922926106319,-6.7297102156804325,0
4.8885446402581803,1.906462669977635,1
3.5028330827840164,1.4450136157991915,1
-0.74662841427721505,3.3178386045756239,1
1.0594315437567146,4.1744371473102415,1
-4.4723844864420084,-2.0604955469066506,0
-2.3745965104148872,-1.7658643400314837,0
-2.5655657752676873,-2.8268215649813762,0
-2.5043459322076433,-0.66425304923333117,0
-1.8517219950503978,-0.82374290224656033,0
-1.0471669280050151,-1.911507348421841,0
1.8531539766626892,-3.1011023986019621,0
-4.6625148627751827,-5.0610405979003961,0
-1.2171168539760613,0.61184686674961775,0
3.8756201679627384,4.5184259574951824,1
-3.013498218859429,-2.1767986239367367,0
-0.0051721197852878653,-0.57462968699958106,0
-0.50473266240981918,-6.3850530299344843,0
-1.1459117409353639,-4.6396814309673609,0
-1.2005900007250219,-3.5366121129423469,0
1.2500882912043927,-1.6793849537624093,1
1.7136352901095819,6.7371824437272156,1
0.44213395457345328,1.7914994113291747,1
5.4704704045895447,2.7435055942186688,1
5.7446524879314111,4.0891991301824273,1
3.080052246421531,0.61402401978169729,1
-4.9763259683307499,0.57381741220610394,0
2.9795981645744845,5.5233996900455891,1
-1.4551144932419315,-2.5470809616071826,0
-3.9579075135734345,-0.055162135513298516,0
1.5855103553884613,3.0557324786136855,1
4.0332868796479939,1.6099010162344323,1
2.9333648651494757,3.4247592806330069,1
-3.1243513809764289,0.054910222961920052,0
-1.7494621133368773,-6.7983516127506221,0
-3.5983129367913156,-3.6720121214785921,0
-1.928379603233263,-6.5197777963819128,0
-4.473317563561193,-0.68775438403220246,0
-5.276003316354843,-2.0251486445729383,0
1.1645853533831145,0.84746983123734188,1
4.6493637068201021,5.4496984255577861,1
-6.2013803481563121,-5.1982770917639609,0
-2.999401350087096,-5.4245489844933843,0
-2.2088112445640107,-1.9163874329043074,0
-4.800109260781924,-2.2343681715987174,0
2.5734427110934033,2.5016294640204597,1
1.5645183936434481,4.5204307057911901,1
-0.93467915690167436,-4.3044091593764451,0
8.2825336175223256,3.4542593965851669,1
3.8109000986064676,3.5567774786587951,1
-0.15935309698321065,-0.57381413160953798,1
0.49596464215277969,-4.2615504274821436,0
3.3550239341356711,-2.0034796012077805,0
1.0381976952358911,3.1881208958585461,1
-6.5326541444790678,-4.1025518650845498,0
-3.7112913038402509,-5.8674035872215695,0
3.1696919158306773,3.9860793232421048,1
-3.0857038054567849,-1.2203347091316494,0
1.4778865904887044,5.5681433321911662,1
-2.0433045077490273,-1.8097725790672805,0
3.8188126916765381,4.5312932896207814,1
-4.2058406675136659,-5.0015255180550984,0
5.7016754577285731,1.3908951404699941,1
7.8445746259655049,4.9529772820851328,1
3.6078755072919853,3.8422092188361283,1
-9.5737467363215618,-2.9485382526662307,0
0.53816019745513799,5.4759008300444822,1
2.5526694389142373,-1.059272575639798,1
-1.8348940073385345,2.0518597704666064,1
-4.7772495648492344,-3.1933832513058884,0
-3.1657003248784563,-3.2386014207059173,0
-4.7410315496173627,-6.1313764212110788,0
-6.8461463882896272,-0.55618536162062249,0
-4.743144128637784,-0.16302995823054811,0
5.9316637597005055,4.7249842633890475,1
-1.5837804816357046,-7.9271978822183593,0
6.468890433542045,1.3996635872916385,1
1.4105635973679267,-0.79468345978907884,1
-4.9724695545604805,-0.43141424444304111,0
1.7245589847730529,1.9285429493735835,1
3.7783138516382859,6.7698990195539528,1
-3.3172300016110325,-1.3182938010965939,0
-2.9452313618023984,-1.3888470638034824,0
-2.3491405061056989,-2.952957417687299,0
0.70043310267984049,-3.9338910616321798,0
-5.9054287192848642,-4.2657636435848367,0
2.1341520622469297,0.056226685077950478,1
0.82187823829871842,2.7999355436695152,1
-1.3473992187013215,-4.9950280516497312,0
-1.9604701913960936,-1.1526159512889174,0
4.9177313053612028,3.4878681420585282,1
-4.3842110898898605,-1.3005466723089705,0
2.4286025083160401,2.2857566399889282,1
4.6656574175285597,2.2376868184000096,1
-4.5094003448142486,-5.6968561550611128,0
-5.776778967585817,0.47353676760095054,0
0.52699573612590234,-2.8333275790982011,1
2.6536202752027931,3.8403693830919146,1
-4.7843012023047784,-0.44334316670507112,0
2.1813554015715475,7.5847112641019372,1
0.2064213767857539,4.4476078384975981,1
4.4172281320196696,0.72077195252617088,1
-4.9637990584007756,-3.5823827313737393,0
-6.5625797465342863,-4.9098983731039008,0
1.3152815927048322,0.64622159052207406,1
-0.72395818258250255,-3.6926823664383832,0
0.079473237300294208,-2.1468706277801575,0
-3.4266265279037804,-1.8312756589807853,0
-0.58755168457287121,-1.9102695927422011,0
2.2704101142465039,1.4811146692019566,1
4.4203361576910556,1.2209035378950106,1
-2.2887878757438438,-2.4416779567855009,0
3.4590194466623889,4.2046674159871031,1
-5.2730221869103211,-1.2709954529089711,0
3.6758826593704228,1.6283119919099596,1
-1.5008554618973313,-0.058259556469836049,0
9.3461018486853078,3.1449410328615972,1
-1.1087288524709435,-0.87675694291687156,0
2.4886822367943271,4.452310321666582,1
-2.8458235390617479,-2.0399538348729678,0
-0.42975826179387422,-2.1090259701627585,0
-2.5969841618011182,-4.6793918696730401,0
5.0215363181189625,1.7029077446221592,1
6.0783096310921314,1.43215782927931,1
1.222465541375662,2.8536857067566479,1
1.0860177617445594,3.8272305930443538,1
-1.8132912319258305,-5.7650404906122823,0
-4.6995431214803158,-2.5892067572687076,0
-2.6644383475881384,-4.0152941058706082,0
1.7951208900569733,1.3983768005527526,1
6.9734095071251909,4.1003140620639345,1
-9.9457630987690671,-3.6675775558366515,0
4.3058307047687574,1.3925467517390739,1
1.5404505892737608,-0.19085779087536148,1
6.1743292112236681,8.607601012302176,1
3.1874170297438056,8.1831622101430774,1
-2.0519195096639988,2.3823191292155625,1
-4.7799929383948783,-4.4703206322375051,0
-4.0890721373570695,-0.99243192895670118,0
-2.0852336106090896,-2.9184813623761254,0
0.55789876195726951,0.30529399630324061,1
-1.6232285597113756,-0.047563383826183969,0
4.6488621191694133,1.7872453399030139,1
4.0990250876240681,0.31230724452836345,0
0.39177195981317192,1.4763657471730225,1
0.96273574739215606,-7.9144465436716045,0
-0.19215560422810274,-4.5612784820911889,0
5.883279420269484,3.2255614355136566,1
-1.7256843581706027,3.236427869880619,1
-1.7608480106498108,-6.7838046943839885,0
-1.5160321336272076,-5.1510657006528255,0
1.0512481288744535,0.10022372596546569,0
3.206917496209337,0.90302095137262972,1
-0.71791192680574101,4.1476938594782169,1
1.2762245405161956,-1.8475250915987793,1
5.239738283554674,2.4740753641115019,1
-5.8540817172522859,-4.057302181321349,0
-2.6045719728604624,-2.6124981009682435,0
4.6184358635087222,5.7648063290822202,1
-1.3230895000486622,-2.8843552944658342,0
-3.4277076241751918,-3.0444463478796355,0
6.5894609237159525,5.9385270449004643,1
2.367072658898858,2.4340103516450364,1
3.67524684769498,2.5235191159111041,1
6.3906633443941443,-4.1235336669770515,1
-6.4583080205616694,-2.8508121160350428,0
-5.7784555376559084,-3.3458067829796683,0
-3.7692242662574991,-7.5022845121174369,0
-1.0154402121123862,6.1440216031057595,1
-3.0161250904071792,-4.2548771237193126,0
0.70753108627142769,3.5713473018992756,1
4.3386025041811429,5.9725777722506503,1
1.8215246398515239,4.5154754272961135,1
0.70238038639656342,2.116717186260376,1
-5.3542513857992162,-4.5299732598074183,0
5.2393605601083681,2.8087010021942391,1
0.69984153590187992,1.5931864620342955,1
-0.51516398944238473,-5.198921362052964,0
0.48928148177538899,1.5801708103372512,1
3.9325997525738838,2.9930050509036032,1
-6.4468286588043195,0.19677187289813425,0
-3.0255882770264879,-4.8810337415793876,0
-0.094574245194714024,5.6841524398068275,1
4.7499392327839836,6.9897252008712467,1
-5.3322213156457217,-2.3998011634488874,0
-1.8149895172075841,-2.5565913000849281,0
0.58314475145055766,-1.1569249216635384,1
-4.729016590615287,-1.477819493166713,0
-8.5166726583986971,-0.97498314358653548,0
6.2467846078004365,7.5445550425291472,1
2.8401384547839874,0.81814413929805863,1
3.0617938835378973,0.703504209875077,1
1.2084490069413023,0.34286587585188144,1
3.9863614040494362,0.55540430824409359,1
5.479080139383619,9.2435331560561025,1
-3.6813687809276301,-5.8775192054234031,0
-0.46744054621905562,-4.0733923489850747,0
-5.919134362834777,-3.9293971849342038,0
-2.0486352108357289,-4.5310931060582575,0
5.9847506427473363,0.09067574387283539,1
2.0678381121148695,6.3242433432125189,1
2.8230619955565199,2.1585033823340041,1
4.1573725937407131,4.127343447002108,1
-3.9446517013986444,-3.632786340638102,0
-2.366701838202566,-0.62870349762581723,0
-2.2825833922112961,-1.705947682300242,0
4.7645740276558151,2.9302618445697215,1
-2.5680212543196284,5.8862252119829179,1
-3.3843070686598749,-5.1283247523206592,0
3.1269912210259374,1.7456236471929123,1
-3.6956626863776698,-2.7595988202834283,0
0.57181606986139411,-2.5894956241593912,0
1.3449242047613579,3.3838259097872809,1
-0.95794485206150615,-2.3677605457045665,0
-3.7552228007422963,-1.840515489778906,0
0.0070114094907460789,-2.3528314572165159,0
4.6061919383776608,3.3489633692160208,1
0.69730660667468625,3.9656052175876462,1
2.8757349357121664,1.8801049728881398,1
3.4357419563801295,3.4561371731866832,1
1.4547801536806924,2.6156380058488682,1
4.0145777025229847,1.5858040186115521,1
-3.068586146035253,-8.580377735396759,0
-3.2510881589598322,-3.3832430802484921,0
-4.1977931318529453,-2.191448876894623,0
-6.2166344303156897,1.7377876076433383,0
-3.530226603715199,-7.2976685235504304,0
-3.1954633078555275,-3.9976211352628925,0
1.4420414610019154,-3.0224374530391054,0
-4.9993813378268523,-5.7832029038415342,0
-2.6472740101280494,-2.3665934250281748,0
4.2988099867922207,5.8546067542428624,1
-4.39218913449246,-2.5774989808640631,0
-3.4532340114078695,-3.5406267288599338,0
-0.92939780975307951,-2.2559948620342838,0
4.8091762375514904,2.2881958124419852,1
-4.9551150525887167,-5.7742876795499249,0
2.3315995391403721,2.5972230394136733,1
-0.91256640905829167,-4.648199133914364,0
-0.90644423254776463,-0.53895370500143969,0
2.745104749453255,6.0508809289464462,1
-3.5902045041864952,-7.7645005975611978,0
0.41704018016337541,-4.1490663659573297,0
0.91588124706516005,-4.4598365782020668,0
0.60084322638580234,-6.3225025722260835,0
-2.4844769399476263,-5.5974466075557974,0
1.9545833337241882,4.3233602902926265,1
2.0807933991415215,2.6620491998373179,1
-1.746603674809257,-2.4458438927690951,0
-1.9554224071128952,-1.8956955605536725,0
3.0651632211174342,0.7030162963497375,1
-2.6084369861558825,-1.6776389034314068,0
1.3167876136463508,3.4064213097325604,1
-2.4762343484883012,-5.4051729145294072,0
4.0830307946473834,3.1908635688370977,1
-4.9258926035409978,-3.8609581055123217,0
2.082123514424457,3.4075427715908559,1
3.0079065471291186,2.1055005931714295,1
-2.9091681097599844,-2.1476343891009053,0
-6.1664292771756282,-4.4970932220991546,0
-1.9125287861514786,-5.4698559399327156,0
5.6192698273871908,4.5368396121569727,1
-2.8918026525511604,0.10873028334762536,0
-2.2836506032068211,-5.3983233401700605,0
3.5064459592959571,0.35108730090790274,1
3.23048053385339,4.4398494776687532,1
9.2913642976038684,5.9192373168619117,1
-0.45157858210572188,3.8611762690888685,1
-2.7435145472200757,-3.7247084274788325,0
-0.58008345219264701,4.3250462966943752,1
4.3693012618704952,6.060898373673079,1
4.4240277430500461,3.4178773503802846,1
-1.0071771965406791,-5.1145431218815052,0
-3.5955430169731333,-0.21986990019970287,0
-3.2368493917889309,-5.2360295750771915,0
-1.1976468665441036,-3.4127018037973658,0
3.3667289239447626,4.3806568477144827,1
5.5566401932262695,0.49478017482345038,1
5.1753990388420039,9.2859210768101796,1
1.3893194600580461,4.2827890602805034,1
1.3221071063387386,-5.3673012251389354,0
-1.5883384480238014,3.2566997678294367,1
-1.7732483684933313,-3.8352902580013515,0
2.4762892404901207,1.2987241747004845,1
5.6682097254212769,1.5184779658647722,1
-3.2176855658129839,-3.0426912245316391,0
6.9485838903627002,2.3834376981552889,1
-1.0778466243918661,-1.5711707857715569,0
3.1415660449255216,7.5018405313269811,1
3.9326003225973563,2.0546577973997504,1
-4.2599171008855592,-1.4220852684049659,0
-0.0046855404452390559,-1.6973708225282691,0
1.7191486233429742,-1.0421136690781059,0
-4.4576445792131514,-3.8703256209464003,0
1.8716016195681413,2.6056078832698248,1
0.098443250484014921,0.10885365860085106,0
-2.7972816695920901,0.31699109934158853,0
-4.0377176447348733,-2.3245472091658699,0
-2.3989164918787402,-3.0936306037235144,0
5.147337320339691,3.9959586585856801,1
3.7139628235205611,2.8442378493098461,1
-1.1698769771748079,-0.026552031971898593,0
3.5315566865137669,7.0412015961399295,1
-3.6191392650171794,-1.3242171788125383,0
-2.7609469994046774,-1.880707205645517,0
-6.3121909262544103,-1.9817578830549039,0
2.9033475355116596,5.2728412420792399,1
6.3939619081992856,4.4416786421811141,1
-2.5510028540567231,-0.7352113259197024,0
-3.2768008020276245,-4.7756927353109857,0
-0.74651453491113173,1.8104255685596051,0
-2.3414683559652669,-2.1845323585108716,1
-1.6859055954386828,-5.8779374878681967,0
-2.3732536774727415,-2.6337666306094976,0
1.1253365557362203,0.59263111935506796,1
2.0498511746513062,3.5061918368455496,1
0.66058871392053531,1.6598858089101347,1
0.17833685908558383,4.4450304301532402,1
6.0606799768225121,7.3854417296077646,1
-4.3447296307729584,-3.5943487635915239,0
7.6826876528034242,1.6672726389711769,1
6.361390229106882,2.0428705938606857,1
-0.25018688315036508,-5.471675991946066,0
-0.13981283938762612,-0.79224224433130175,0
0.22031934989587221,-6.5303632712776976,0
-4.4562402419460581,-1.3569702314296237,0
-2.5611100680121153,-0.33313346389483556,0
-4.1287221792291273,-2.1019360220714671,0
-4.1889890905158769,-3.9489393719891437,0
0.27007652796424475,2.7390234764487014,1
0.71640908767058731,-2.1065940306223108,0
-3.6385505891705838,-3.0976891138584364,0
-3.5060973151517238,-3.2092036876472418,0
2.8718661858655481,2.4345246908409131,1
0.32277764963510824,-4.9050206550604658,0
5.7244019971364679,0.48525474613428932,1
-3.5368788444384611,-2.8309761129854198,0
-4.3769793124487704,-0.28644782519123968,0
0.98306328658368303,3.3707090810003364,1
-1.59770327161606,0.084043667796937171,0
-0.89918260743678724,3.8440996291511222,0
-4.0368845730415694,-4.0313807226193026,0
6.661052764569571,1.3228003477840127,1
-2.7429374995283173,-1.4590995936248232,0
-1.1943478832147922,-2.2011647748915464,0
1.0680605653564692,4.5442728699014374,1
2.2569877336121342,5.7516681091561939,1
-0.99295862801097234,-2.1569736423928565,0
2.7073469340919956,1.9303230999068821,1
2.1013810955855572,0.73021484854226548,1
-0.88079023922031352,-4.7041800942448848,0
-3.0399845777148031,-3.4618310557059124,0
1.4499271129318605,2.0014857764237455,1
-4.3097873399663671,-4.9178613707144683,0
-3.4195853226112374,1.7818582805315453,0
4.8776572816256643,8.285116534136197,1
2.6682304665918197,0.39546982251758234,1
3.1585272238995334,1.4558000566185705,1
1.883842138250382,2.0709556073199451,1
1.5367626137964292,-2.91409501437305,0
-5.4068528976734518,-3.7496906950632076,0
-3.7682076794294486,-3.3875907054049259,0
-0.1184682723556838,-6.1031093247771349,0
-2.2639447855059469,-1.435786751013824,0
-2.3462597335189468,-2.7558213229055579,0
-4.1424584188750266,0.099361726384890492,0
2.0153662261472789,2.4696544102190354,1
-1.1401422424650456,0.17512349749054401,0
-5.8175949041736459,-0.75072552430380313,0
5.450828887320549,2.4385051362959365,1
-2.4080012360493273,-4.8874450853122937,0
2.6748817296466796,2.0340640569551485,1
-1.6709365570431653,-3.2364655924219843,0
3.3319729173254218,-0.51027099423033251,1
-6.5595222563673445,-1.9692758560634387,0
2.4211734641219613,3.331810322701692,1
-2.3528491402123128,-0.28964620890158166,0
-2.6749755653823808,-3.1018196298517111,0
2.0036708574726672,2.9602588673248409,1
0.44726001783773572,3.2215454208838885,1
1.366340622788573,3.4146980084949758,1
6.3468093353843642,4.9814790399423359,1
-6.682119632626538,-3.5012622837914167,0
0.50750283925252049,-2.4293624254986486,0
1.4557994279614808,6.9083184721093618,1
-3.6095334078072052,-5.1346038638743181,0
-6.8607293373833773,-1.6702551087955178,0
-0.6481789119722241,-3.8222432068501595,0
-0.41191419405274443,-2.3264272530227634,0
-1.0876665364634044,-1.7448685422354118,0
-4.3573506753956135,-0.27197940807975396,0
-2.1503170170353707,-2.6123329179510293,0
-1.9317440019462357,-3.3344626335911913,0
-4.4115484772031781,-2.6998779717846042,0
-0.14806512619054502,4.3042150040818594,1
-5.7182000521382061,0.72706085234627649,0
-6.2426698361490418,0.72200409428587564,0
3.84712783941987,-0.31543271366479697,1
2.9820623274509916,3.708868858913462,1
3.9047751799738348,6.35350562133587,1
-5.6370027122739357,-1.5179073589476422,0
-5.1005223468857697,-1.8545224058404914,0
2.0723328116562008,4.7096046600280719,1
-1.210552520462399,-1.648210336537858,0
1.4575228472986423,0.53350118143445391,1
7.0296578483702667,4.1811798770906279,1
4.3951234990082773,1.2426343686932557,1
-2.6329015680781378,1.4830477259743065,0
-3.7805566895902825,-1.6798983509280847,0
1.7395041176562214,5.1220019867172191,1
2.090965742668641,3.97313006868833,1
2.6116588282268953,3.8894471779868547,1
-1.0629499405228198,-7.3542501961466433,0
1.5967895217788661,2.2625981025492239,1
-3.6827626763166292,0.98443938674695808,0
6.3633063943676866,3.1716112768206037,1
-1.6293003709060336,-3.4816510624910859,0
2.5596270179894689,3.0355864613248462,1
4.1835479176756643,0.39377353098597645,1
-5.7069892530010087,-3.6457547057261408,0
2.0868235448675101,4.2445915575418711,1
2.2632387457618788,5.2805268698640706,1
0.85596508735152854,-2.8626992360960171,0
-4.1475659689454467,-1.1747155280957469,0
-1.613870434968538,1.7630056576264488,1
-4.9060021133144218,-3.8437058879482344,0
-2.3538863184538181,-2.3052208602780135,0
-4.0933928128706096,-0.12534592452174032,0
-7.3176438780672335,1.9985207183250093,0
-0.84861387800372023,-1.2745119415832551,0
1.3344085977579967,-4.2135500959280838,0
-0.24879302169906881,-0.70003843343585004,1
2.615967611773673,7.4743153160102196,1
-0.38519153998979538,-4.4729254572771717,0
-1.5575893466290707,-3.7895825414673299,0
2.9960457753607881,-0.41445390169046625,1
-3.4025345142283596,-2.8184156255423787,0
3.490145948619626,3.3459327635936833,1
1.4889979273777021,2.4585903935579543,1
-2.0777316422222287,-1.5426510988513866,0
2.0500634250813619,-3.2337261985864574,0
2.515899831960648,7.3399677073868972,1
-3.6454791805982123,-3.5198339877465692,0
6.1327414275935039,1.135464722919761,1
-1.3470787646827471,4.2881250470417083,1
-4.6889306527892902,-4.236471158205771,0
3.1786516957932189,-1.1364639498194888,1
-4.3522849632856833,-2.9693542118503324,0
-5.2268113900690176,-3.8275872630451593,0
-0.61695745657567613,3.7461921257205821,1
3.1402070884446855,1.6473606122816131,1
1.5305703790276066,-4.8349421552269449,0
-2.657726722133686,-3.6879881013982474,0
-1.969259747971271,0.37112048090030925,0
-1.2053832294928093,-6.4948169061118239,0
-1.4411659916947701,-1.0560720605528147,0
-0.80907833479094737,4.5578078649009921,1
8.0687094362961584,6.171662383787714,1
0.75813282444413277,4.7044631310945348,1
1.1362437738343736,1.7640365635002182,1
0.65709856544188794,-2.5849084376762925,0
-1.1120689304807707,-0.75925814591438456,0
1.7791160809877919,4.7938865000168125,1
5.4242079620405477,5.5529315320454913,1
1.4488316661756029,3.5330229261024373,1
0.93746445272727508,5.834393177653606,1
-2.4957005903577301,-1.6256376107776203,0
-1.2633537801307217,-3.4322260052398583,0
0.72696574357724453,-3.1985515172214019,0
-3.9321988727134078,-3.4638549844723885,0
0.30299812485857869,-4.1012228774674435,1
-2.7999155688280366,0.52527982162265019,1
-3.6232553956851712,-5.2580219357902642,0
5.8089385060117547,2.8571605112543477,1
-0.6951608693452993,-6.9891571019800427,0
-2.4532216025908049,-0.78422895878109244,0
4.4459664616677088,1.4531432923476846,1
5.5864258779259268,3.5716590414481204,1
2.127261493666833,2.1885466692732933,1
1.8327626400187851,6.624291057216622,1
-3.0662906607602123,-6.3174315364638911,0
1.94027997454047,-2.9766591498460744,0
1.8742139183004192,3.9320602126321171,1
1.2816529817191844,1.6954600883030744,1
2.4760639857801938,-0.33267224699687592,1
-6.5467040685400084,-2.9211170562138218,0
1.4201900403191425,2.9693601655574446,1
5.0871892194259214,1.8736460995724664,1
3.95256979809343,2.3385465838528545,1
2.0747023445842241,7.6046937087220128,1
-5.2978853142934401,-1.2585078070294469,0
1.6567283527044119,5.2680442565564123,1
-2.997366715438305,-4.2511799448347158,0
-3.445833300779805,-2.5884176014158955,0
3.6802917028062128,5.6532835088341438,1
2.5314497116165202,3.6094045364878564,1
1.3810766854348917,1.0309122288669375,1
0.1472294854135745,-1.901076614001147,0
-4.0578527957269541,-2.3110334671052586,0
2.3914571674595413,0.40671962013627505,1
4.909838506101365,4.544875972701151,1
-0.76934376385405745,-1.8170709343552498,0
3.2689211953769775,4.0475568807418014,1
-2.5191426824843979,-0.63043486561539419,0
-0.27939372009936703,-2.1189316192525225,0
3.0963582874668489,4.5433687024637681,1
-2.5847376388469265,-7.4199458054262282,0
6.1240570732316861,5.0867991961271501,1
4.4949725800395042,2.1582095445062563,1
-2.1651710359834802,-7.3296574862335158,0
5.00336583286653,2.2871757855717885,1
1.9918639787800749,4.4933289143398563,1
2.8826152879967055,1.3836613498166541,1
-3.1798528026273676,-4.0715133654854192,0
-1.4698794962952508,2.0999519190949485,1
2.517337396787573,3.7616978113185153,1
3.7713179852459491,2.1480386056158864,1
7.2090873853001751,2.3677801733315782,1
-4.946251914593204,-1.8598831549790338,0
3.7205241962887947,4.6840912578437379,1
-1.1225612901882609,-4.5168584974522386,0
1.6037150158362303,6.6279095217242761,1
-0.56446583021684749,4.210696672559874,1
2.351281774042604,2.426879220305068,1
1.6992802901860786,-4.4881351383659656,0
3.4837688155274833,2.871030817137576,1
5.5151489856693141,-0.44662338933184831,1
4.1341501689054256,4.6458564827173525,1
-4.4404221303226095,-4.5081530662249989,0
3.2257347181056248,5.521316961990113,1
5.1679800698363625,4.5407228639243984,1
-1.6553356874506444,-2.3611775404732951,0
2.5353165070834196,2.3750433843217151,1
4.2472783596121388,5.8160955347851395,1
-0.47276286344289442,-4.5560237423745091,0
2.7671143240346621,2.3517902042760621,1
-4.6027400627371087,-1.0393378848921526,0
1.9242441203945424,0.58178171650813759,1
4.9039039713998314,3.7091547412128882,1
-1.7078203248136752,-0.48973539499518459,0
1.5179630693469632,4.244308949273778,1
-1.52142498042437,-4.3900300158021075,0
0.35395639241790322,0.65424421527107857,1
-3.3151039224207968,-2.702465193372201,0
4.1783960575029333,1.8721406335528548,1
-0.96562661268870453,3.3778846552533226,1
2.7164959337679728,3.5634450327842755,1
-3.989916470565734,-1.0996331382436417,0
-0.66711388624924695,1.7868810655797083,1
-2.2266644895751968,-5.906535676761564,0
3.5797662713360383,0.79362387973916393,1
-1.3247959016036852,-0.62999375630711718,0
1.5894148676421391,2.6289141098751916,1
3.3885853472903555,0.70496574743607221,1
-7.5099083072051025,0.059479340815255632,0
3.4944583832495306,2.7272582199792343,1
0.51249618525677798,1.2536688424759768,1
-5.6104197591310392,-1.8162580294161188,0
-6.7755900734543975,-3.9646084917421502,0
-0.22444670226961927,1.9329454418164116,1
-0.66911672094738073,-0.034072464719835605,0
2.4242017936837419,0.86749437220745529,1
2.8910280750554858,1.8603161644351418,1
-1.3480020133303592,0.29457187893606651,1
-0.74634552876616533,2.5647027434387164,1
-3.3659133324382529,-2.1865930861545957,0
0.76394060658066287,-1.1086556209843419,1
4.4596587814022826,5.8335484183666804,1
2.5567932876463506,0.90741759982844084,1
-2.5972500466374724,-4.8138132011676937,0
-1.4017764389926983,-2.3910036588030192,0
3.2972099689140948,3.6155516486805777,1
4.0370800030555021,5.0441747443991618,1
0.48106301556100561,2.3840212135833783,1
1.5643710512228841,-4.7988611873068177,0
0.70180493090614959,-1.6509066433611441,0
-3.6701087167596871,-4.2827542205964875,0
-2.635464135642462,-3.7039031026549614,0
-1.5694084801596806,-4.6815288766062109,0
3.4037770992319123,-1.9551966684213076,1
4.5263268695016254,4.1901765822810795,1
3.3656250358979833,1.9637434557202376,1
5.797311743442533,-1.1705175597111976,1
-0.49334603976512081,0.11516238288404645,0
1.5592261142344874,4.2576578758298966,1
-1.3549498036964449,0.069451025708536118,1
-2.6277739377411016,-2.0408969537647037,0
-2.1436202523423198,-4.2952825774262822,0
-2.5433502754153401,-2.626617419485032,0
1.6033452138568332,6.4324017099816952,1
4.4735253051886668,5.2501842428219989,1
-3.8655945205041546,-2.8415476571725353,0
-1.4298190253774905,0.12767350633732288,1
2.8426199316893497,4.3769535667731878,1
7.0094271211723287,0.23777792125207142,1
2.7033949649293736,3.3275022636636087,1
3.079665845101851,3.1024343759997763,1
1.1354475453048622,3.5075283523351524,1
3.6247533546089947,2.2385225282526973,1
5.3352761451769872,1.741082385206274,1
-2.9098980141517452,-2.1937242516199742,0
4.2675077437452993,6.4347232090073234,1
2.7461746479839024,4.8604315952059327,1
-3.408700732406488,-9.6139068753293095,0
-6.0071326772044049,-0.55506747688330993,0
-2.1604341179235869,-4.5370202282421648,0
5.6901278528600141,-0.99681989987506192,1
-3.0570328761011734,-0.31328265702984037,0
-1.4777112662655336,-5.4088423219761435,0
4.7506259453395483,0.74948241536219884,1
3.0120007702168849,1.8662405297285696,1
5.0220941488161337,2.798215000023391,1
-5.9649828511057237,1.3122756604807284,0
-0.22949257358785724,2.8175228289958212,1
-2.4810534352468112,-6.3262170756385281,0
4.5324072082879203,0.71994254315863992,1
5.1888677879786274,2.6604116764069605,1
0.030851571394012289,-2.9950547063067132,0
-4.1040826473053942,-2.8861681752192379,0
-5.8888451650711371,0.14513589605314392,0
5.0346317883151617,5.6933822562544503,1
-2.5069716902924695,-1.29333318726392,0
6.2041719239201045,0.27805332271557281,1
2.5637559925302833,4.2085043546030407,1
3.7744207909724259,3.7616176841304374,1
-4.4755200849588022,-7.4542460624960523,0
-0.54439238160638359,-4.6783285955361595,0
-4.2624205067130205,-6.0274503446123058,0
-2.955326143817723,-5.6746117473622988,0
4.0366019821399544,5.7568818284480656,1
-0.1230467071486947,0.3321923581751336,0
4.168290358960598,-0.71350213941196072,1
-4.3546387097521233,-4.2815558863451848,0
3.8901521453307577,1.234745832504976,1
-4.0672030502881551,-4.1397331122233263,0
-3.3914331156411874,0.89808382348718929,0
-0.51011162387222875,2.9397345989222741,1
-6.3429665934143458,-1.6982722442616778,0
3.0533746297600701,6.4199209666295971,1
3.710657500371334,1.3936362489919438,1
3.8091972002527332,1.9914542096610848,1
-3.7513724926274175,-2.5220690443788492,0
1.6700360429298238,-4.8399644973491807,0
1.2639728161209636,4.8585783684093089,1
5.8638718822724494,4.16669782504189,1
3.609845728177242,5.0074035543003568,1
2.0582696263525473,-1.193498278751524,1
1.8057434281866045,3.8736761459029667,1
5.7894456283334552,4.4204413020301079,1
0.719484594511278,2.394447571781674,1
6.8188990791460569,7.5722861048014831,1
-2.136396852484741,-5.4475758553129285,0
-6.6208924832640985,-2.8752150690132567,0
2.1335477009184438,1.1303089632143737,1
-2.6135351489996417,1.397265781822858,0
-1.6774109192622579,-3.4757266909744389,0
4.8159996663054132,-2.6166067486086622,1
-4.3402342965088208,0.0031436590514801743,0
-3.4039449450924124,-0.86484389786458449,0
-3.3093475760200231,-4.048014139039112,0
-7.5160623530167774,-0.76882847369530349,0
0.38396840640856,-3.2860713927510812,0
2.2330190258739848,2.9059220995980857,1
4.1302749494249804,3.3329074862278145,1
-4.9045615354317071,-4.1238708372439934,0
0.070034012908315457,3.5915463731406416,1
-3.1174730585223167,-7.2050126523225417,0
2.2864970401844786,1.352921590904606,1
-0.8942358537022832,-1.676548887828035,0
-0.70470749654592879,-2.9062407294732764,0
-0.46985715474204737,2.7849852738965093,1
-3.0001435713828868,-2.7402473022791156,0
-1.7093078103119141,-2.6859672017032707,0
1.7869821596065854,1.5038570926657615,1
-4.8464399049190332,-2.6785087901083329,0
1.1080152025061532,-1.537821403800691,0
-5.6571089671528503,-6.4199906953555645,0
2.1841511772588702,2.0908305558571518,1
6.7133849580893914,5.1694546402384063,1
-8.031468623083942,-2.1360513154025029,0
0.83348850345940972,3.0193507381478009,1
-3.1848723656836535,-0.90463620750591156,0
0.0037695171335134781,6.6363080229484162,1
-2.6553849100221094,-2.316768727194316,0
-0.72864942005916866,-6.3540947736110471,0
3.2939394823676271,3.2538848654334864,1
-0.65183652847147888,-4.7857507315289247,0
-2.1398831504572904,-3.2356842068670173,0
4.1688478898757584,1.3488015753807252,1
2.7679216661992903,4.6043007633891175,1
-1.0525334393740964,-5.5658304553443596,0
5.008729863141129,-0.018525519840009608,1
2.7391391401268903,8.792178926524258,1
-3.8020038364842019,-6.8427129236991568,0
1.5649809100229546,0.32818938029012079,1
1.0026584361094559,2.695576180471555,1
3.659326737322087,1.9824028657211681,1
1.6176284280183244,0.43736172636353565,1
5.8398638067241686,2.8881995615891509,1
3.2597415178257547,2.0357063286994257,1
-3.9141551500427783,1.7674684291237943,0
-0.6336878837086406,-4.5919329663844834,0
1.6650239088257663,-6.9639817235500194,0
-5.9674661016173935,-5.6305588930216093,0
-0.74828424093779233,-0.039952893531944422,0
-4.2320926939793804,0.72066795369570391,0
5.3399704599224309,0.31884944855135933,1
-3.8886699407226599,-1.7945594999936705,0
-6.0425892807927521,1.1556461591687981,0
-1.7089206640615906,-5.1805127949677008,0
5.111882438097858,3.0342832099976529,1
4.5194359082230156,6.6014873092834563,1
-0.91221267192929156,-0.99601955041114598,0
3.3003546000703974,3.4804234328914205,1
-3.8603808794740422,-2.6457556103921571,0
-4.3027193925203839,-5.9964150848458342,0
-3.3756139485479526,0.017896069991651053,0
-1.457953782114114,-4.5802483856548877,0
-2.5095946416762058,-1.636801314570161,0
2.2604729747572812,1.2346145452114692,1
7.9970535624279036,8.6385301289638843,1
5.825122291859036,3.6213068838425571,1
-1.1471743480518699,-2.7598029848118069,0
7.1231266184059514,4.8891527664411694,1
3.7467260646690499,4.5332297850598593,1
6.4251609232531743,0.59199169286480924,1
-6.4647132692237754,-3.9525878266860168,0
0.76568112569758817,5.8939902677922866,1
4.8761321656376477,0.52571909075594014,1
-5.2221613611762443,-7.3748827122809208,0
6.7852224894188211,4.7361274917716703,1
-0.69650295029106779,-2.6046353118293308,0
-1.7566551862897744,-0.040674894951615137,0
-2.1138882324531716,-6.0029782903978921,0
-1.0448991008190234,1.0764785971240802,1
-5.9025829596855059,-4.1782062470323016,0
3.1698248953509083,0.58440734958497176,1
3.3655334664786309,2.8754246886500994,1
-1.2117571244616421,-6.4774920683985098,0
-6.4683690308746904,0.31025047405825745,0
1.5263446487214813,0.27246461202892069,1
-0.71727875910506045,5.8972348425259415,1
4.1895551372891235,5.8911490122833303,1
-0.9672344056852431,-9.697029808578371,0
0.014657615973430183,-1.7842785083975168,0
-0.87162786007943804,-3.7382260796941016,0
-4.537815301115196,-0.70241755245995696,0
-2.8079801924681527,-3.3573536289341073,0
7.0723418625994823,1.0285227803805814,1
-6.876110363600219,-1.9766579768726296,0
-4.4800358220174035,-1.133641137636751,0
1.8938836621890573,1.4190691540974527,1
4.2626165522719051,-0.077573878578747202,1
9.5606101849289331,2.1067994207446912,1
3.013383075505482,3.1632773894496351,1
2.2871697264757329,3.6723003392255928,1
2.5036820288001014,4.9896225408225332,1
4.8029717416200031,1.9079910999520853,1
2.8770854826864083,1.9632838326736903,1
-0.83483447536351596,-4.2025784840427658,0
-3.2656321429188733,-4.4358846564031129,0
6.9445644033011042,3.5340693473504228,1
-2.9271312850488442,-1.4002556613875281,0
-5.6571637282784364,-0.48971329293496524,0
6.5566900141173861,4.7525026099995102,1
2.5709634090418914,4.3142468901474089,1
-3.0631121860321269,-1.5797107770649481,0
-1.6143721260793591,-1.5053759911318221,0
5.364923780246512,2.0856936943919857,1
-5.0826579168832779,-3.8457030032556201,0
-0.81205903948612157,-1.3270739661890589,1
-3.4672999710677459,-1.1980520849247995,0
0.19416799384287442,-1.7018025374111652,1
0.27101479003384776,-2.3780906828266204,0
1.338035126491127,3.9982181300517885,1
0.035326260071409266,0.96900524317958059,1
4.3560639125700824,4.2787648475696383,1
4.8660023415805167,1.1385794049268416,1
2.280596791982151,4.5278148112791978,1
1.0351111003578719,3.2905792356802319,1
2.312608910238549,-0.65895543409970525,1
5.0255435855074513,-0.14887948797358641,1
4.502607027952136,2.1438372222722775,1
-2.4801359250255564,-3.2975063831311946,0
-4.8319910358926563,-0.97557418289959053,0
0.08457772296526711,0.62338097109186608,1
-1.1199967429924536,-1.6335051835978873,0
-2.5340846043971279,-7.2188335931132643,0
2.6858065218215255,3.3409702102658283,1
-4.8010902590730575,-3.1214152719629067,0
2.16740307625839,0.34383064488879356,1
-2.1927561026292972,-6.4658709315114713,0
4.3069667623771801,4.3280408915072579,1
5.0788731623538705,4.0240891582185014,1
-5.25328346759665,-4.4584583217275098,0
0.039979022253575192,-2.3307867976718963,0
-4.0978390611153568,-6.3223739353493098,0
-5.1805435010660581,-2.6567744383868934,0
6.3780112084668907,2.1077925088992702,1
2.7796872006641662,4.7687441145626543,1
3.7353698339730981,4.9886325194168757,1
5.7407740169813417,6.1750406587476423,1
6.5783123232537459,5.8920186472968101,1
-2.4387601946309099,-2.4757101866208204,0
-6.4636177252008746,-2.6526993175769689,0
-3.7642271948841413,-8.517501333073362,0
-1.7515138910950308,-11.435063678924065,0
1.6549581871917276,-4.0227221368702146,0
4.1746554340708792,4.281789205095043,1
4.827815445274779,-0.32860602055290933,1
-1.5112862335851762,-1.2271224600776864,0
-4.9716830407663908,2.252958476994511,0
1.9462806209194419,4.3179391949357839,1
4.5340054172117208,3.4043274236233927,1
-0.2644829151893382,3.1712533302545585,1
5.3994108568871493,1.2676629460408515,1
1.3866207335569636,3.8631741233282524,1
-0.90266756428166772,-5.6293955080104716,0
3.4965039981272339,0.3770598474663478,1
-3.550504819117617,1.6219278120803962,0
-2.0645353694546555,-3.8408222700147721,0
3.9937237439773572,2.3285505538313704,1
3.9303381852755463,-0.093928173519996161,1
6.3906613273233965,4.6478234961440981,1
0.014003988452438776,0.032378721922666553,1
3.753560616483766,0.83951773139535835,1
4.3555562718787693,5.2511085779649207,1
6.1126345531499133,3.2376383890067011,1
-2.5983521518692414,-3.1455686246714776,0
-6.2626445911965387,-4.1742390054243845,0
5.0881606465533391,2.3458380610628793,1
1.7828860862138294,0.48017726877978495,1
-6.170832896472711,-6.5173018134235337,0
2.4280928518261664,3.9317226423931766,1
-5.6356310196363797,1.0074375319566542,0
0.97742894780338885,0.7606588499257434,1
2.6138988843129702,-4.7074976818689276,0
-1.9921710727713837,-3.5053670010317326,0
4.6231121934232089,4.8370239448341845,1
0.85219633403376127,1.8008864531622035,1
-2.0773574365744825,2.2756040474484589,1
6.3666405812300351,1.3378985028877601,1
-3.2914154478576778,-0.87580844055856666,0
1.1938932274913272,-1.3631521992320708,0
-5.533533160333338,-6.0695225730116258,0
-3.3128996753745894,0.17091384736833914,0
6.0572577822375351,2.753733857214506,1
7.3884467227535158,3.5098939345117701,1
4.3634449118562459,3.3866430626999122,1
3.8794055974118375,2.1067017039781257,1
-3.3687271582051288,-1.3614148133550887,0
-5.6306595314294343,-3.3063199437101889,0
4.2424728733886159,1.8072130638940336,1
2.2529292277368023,2.0464509751207975,1
-2.8007348804075369,-5.552222442955272,0
-1.9829898751817587,-0.091924430587984052,0
6.5342463376093427,5.9039873446018181,1
-2.3521951448442531,-7.3829903871838987,0
-3.9450300685796753,-8.8005682751856398,0
-3.0911592267616488,-4.7998807016502587,0
-3.4792598037775018,-0.69034969950199132,0
-0.072225412508219122,-3.8375187435298033,0
3.2444142589470615,-2.4570691265206577,1
-1.5266552241515223,-4.0518142134405668,0
3.4322689359134979,5.0523993944503651,1
1.9910744632360917,1.1128986949442392,1
3.7167664128759075,0.89275482254059302,1
-1.2094954349369236,-2.89099307096089,0
-7.0705608836200655,-3.0782027485976058,0
1.3258808236577833,2.0793436688828453,1
-1.3998143391802487,-3.6923010194304884,0
1.7142762040492361,-3.7801092444487128,0
3.238666872401136,1.118101769874067,1
5.0703067424352408,0.29928317621461131,1
6.1282528671636118,2.2953184754480755,1
-1.1699326866584601,-1.002763145620861,1
-4.907245659065758,-2.5364456489941203,0
-1.2036681640559379,-1.8262442254641429,0
-3.0351917245647808,-2.0159484993213024,0
1.234366787769928,3.5664221666193487,1
-0.39050172064007294,-2.0762230472771206,0
5.6715484256774005,4.8326394549542693,1
-3.5205351380509327,-5.9137056528446266,0
1.2844666580250885,-0.8686245171782474,1
-0.36227337885091337,1.560651755909956,0
-4.4173595402573724,-0.10708896234871768,0
0.75499891752227022,4.1066955366964342,1
-2.8140134367577363,-5.2951950913343708,0
-3.5196325149402496,-5.5277693283679428,0
-1.9798270666798659,-3.3543456473910558,0
-1.5860991118058347,1.2996189162952132,1
-0.047042151910028807,-4.8333936604035079,0
9.14461246025561,0.9263040936427247,1
-0.1506568922723619,-5.4560012410090861,0
8.4808801285803757,7.2064993827957702,1
5.1213577592546216,1.8287456402286475,1
0.49407238936408682,-2.161329962143828,0
-2.3033835806611256,-5.4182347394007415,0
-2.8262361782157392,-1.9533895219880582,0
2.7851329481733913,5.5643647684665538,1
3.3062143717882684,2.8134031116489533,1
-0.46029951720918927,5.3545622022252841,1
-6.784339630630889,-3.5764829756624144,0
-5.7044996504580556,-2.018780894116897,0
3.2212205993185945,4.3804547208925522,1
-1.6322650758566459,0.25373420765617016,0
-0.026228853971162813,-6.9656492543618835,0
-2.3966240551913875,-0.65316086036885723,0
5.0351472660743077,-0.29730392753378965,1
-3.0651617572948755,-3.7221938895098394,0
-0.17515680661333421,-5.1915554785851423,0
-4.9762727060327618,-2.5228513032740629,0
-4.5502874363714039,-2.3889810678028427,0
5.2800703339974113,3.7550330194880024,1
4.0281097331826974,4.4696662442546327,1
-2.6412583766434454,1.040152936174171,0
4.1867110036586528,5.4946008423446671,1
3.2206538115551937,3.7907196037660436,1
1.0618079710500925,2.1269761105545189,1
4.2343024891455308,3.9342219582132065,1
-2.5097695664182176,0.71075735981429977,0
3.1172014599689768,1.954150558082957,1
1.2845741448961054,1.8507045103339324,1
0.39669439239445614,3.5583151885432667,1
7.0673460093198814,2.7965055916135286,1
0.080669978616352722,-1.9318737439783764,0
1.1561217007687459,-5.3577829114724231,0
3.3431799425199684,4.5324994111841015,1
3.9115559930982267,1.1761762306724504,1
-7.2814612899446525,-4.6577727358440955,0
4.141393205175028,0.96511669302346537,1
-8.249991426404538,-3.6546786797404769,0
-2.5518599429102453,-3.6012630419401579,0
4.3768358346807181,4.3539141801527421,1
-1.5270241124528632,-4.2556812136075592,0
-2.5740797284678294,-3.2956536097093139,0
-3.6571063630284244,-3.2869735902045996,0
-3.8288568155630345,-1.4512466611962898,0
-6.6956594673810539,-3.6200104040734846,0
-5.4662788483709237,-4.2132779279900578,0
2.8692935947386555,0.50979540772567145,1
5.0711701302377481,2.4196490916625395,1
0.28604344844722007,-5.3031107151384624,0
1.4213560248120063,0.93463057468702937,1
3.5019732465850031,1.0502859394851758,1
0.8854249174388884,-6.7451803270765147,0
-2.3231992068749552,-3.1541732101383153,0
3.8101753358183519,1.2815810237921217,1
2.227799062190404,1.0705157349074317,1
4.3723699879070779,1.6375227490942041,1
3.2571874018181823,-0.039514462026181807,1
-4.8076588393051249,-3.8100153325237054,0
4.9005698284537731,2.9127751241424655,1
-9.9642542934521678,-1.3068985972992462,0
-2.0880338368081515,-6.3724495620443058,0
-3.8535052507382712,-2.3961548969634832,0
2.9254491225620245,-1.9480996723790911,1
2.0285964046482725,3.5614898994301547,1
3.2072547256266457,2.3854641789109428,1
-5.1129586716928195,-1.306124867378101,0
-2.6313821167183638,-0.85939070819790819,0
5.3892827015139755,1.1059173460436473,1
-1.6403446006483211,-2.9774357121664266,0
-4.6929622500471959,-0.49880769855104301,0
5.5870348270663195,-0.56888484470015133,1
-4.7074699235072766,-2.4938883576155488,0
-2.7855681807782302,-3.0810567163186025,0
1.8323208828255781,-5.2453052879308739,0
1.1900729458314807,2.7059174525521699,1
-1.8410341808083246,-5.5647927707628178,0
3.5376746751228834,6.7937759352938958,1
7.4072783771894146,0.21565412532442174,1
-1.6959462384518678,-2.3713909758152347,0
-1.7182476370994544,-5.0303015675244502,0
-5.3191772749878057,-5.0714795857916082,0
-5.2244028099324158,-1.2106078891771843,0
2.3880797646467453,4.0448184122048128,1
-1.7730816980773263,2.0222088421058144,0
-3.3934158201088227,-3.0632467886334478,0
-6.8391152690799082,-9.3384605110600702,0
6.1783202494828231,5.1168236433965939,1
-1.5900253835483102,-4.2095467437642498,0
1.4043950268861598,0.61509907891625248,1
-4.9560665098987622,-2.5394508800184825,0
-1.8536976480112219,-4.1631072611193822,0
-7.026035584015756,-7.2465260131243872,0
-2.185012638069586,1.9120770071568538,0
-5.0916523416388122,0.021302842929316501,0
-4.5949053312797252,-3.4496994862040582,0
-6.723252572247417,-5.9234174731819547,0
-2.6853434362921984,-3.4293323849069575,0
-4.6354633205955755,1.4051391114611818,0
4.5276750138635986,2.2630726594416766,1
-2.8371744290002199,-3.858699069561919,0
-1.3703432896096848,-4.189511708378757,0
-1.3573399465746661,-1.4514899057218289,0
3.2392715069244256,3.3952401656719551,1
-0.80859196738940309,1.8388059323251349,1
4.4603507316713316,-2.3321233900634697,1
6.812126405346083,-0.37436990778211277,1
1.8863384893925315,2.4474010943799893,1
7.7101315413203153,3.3661498565404795,1
-1.1176924273646351,-5.9191471390190866,0
-0.50886693524710225,-2.2472403984812885,0
-5.597989350752254,-6.1683371999925081,0
2.4915361770521729,1.7609572181535762,1
-2.9873358374872412,-4.3863655949541878,0
-3.3972109608207379,0.76993474802719719,0
1.9879910032403718,3.3032320497022907,1
-2.8792708356993115,-4.4498010314160323,0
-2.6238163911470327,-5.3633339083667178,0
-2.8255622045375399,-3.8767915463295273,0
-4.5742895286998202,-3.2680691016440973,0
6.7806064991691208,4.6544067382164416,1
-0.71048654038354409,-6.1029000369695741,0
-3.393227592973596,-3.8319440455119764,0
5.6480719291402988,0.21205869380311704,1
2.2331556280260809,3.8136746915237971,1
2.442859411932925,7.1334350356782164,1
-4.5613295787679622,-3.6276253892823029,0
4.3959305284180008,6.7137861974077282,1
1.3778458071246802,1.1818154663948377,1
7.5040775919806073,3.8962871528410568,1
-4.793814711264611,-2.0258815169208728,0
0.20864882854516953,3.6001482137650793,1
6.2050489993710958,3.3033254897105571,1
-3.2643595628927398,-2.574864753888563,0
-0.98350910910557232,3.6189508804783035,1
-5.7545193383184587,-1.4712616302967769,0
2.3656043435925707,4.6244420059529077,1
1.3689414188280766,-2.5628377660998796,0
-2.6150935657191896,-4.3388541776438423,0
-4.3809783493905385,-4.5014092581657197,0
1.2431552367932504,4.0759174586252627,1
-1.4860810378775684,-5.8853892898717195,0
0.23875374576623454,1.6755327289897624,1
2.3682406986790703,4.4729647122958616,1
-1.4122306692877429,-5.2039695226082046,0
-4.3255407448147611,-6.1311309250152544,0
5.212513082151526,2.4167794148033952,1
4.6699899446163098,-1.4751826692645382,1
-0.22343179083357967,-2.448750363230217,0
-1.6303236994247943,-0.64739989179150648,0
-2.490172028845504,-0.99098575790478627,0
1.7884594954844446,5.2133598807271628,1
0.85934180101999358,0.0054647327209362828,1
-5.1293332339083406,-1.6711328365362625,0
0.76981204440850304,3.7758248443819613,1
-3.3536755679644119,-4.5065469255950905,0
1.8741885137818444,2.7308437207946552,1
-4.0215363648056082,-4.7055306329004098,0
-0.20162672685307115,-6.2857426616753171,0
-3.1825099379032906,-4.4190756922265981,0
0.073214692590708008,0.9655645883687205,1
-4.84453675964048,-0.065518152939100016,0
3.4706912534187726,0.19486860605482281,1
-6.7662159349794138,-2.4635263028730234,0
6.33451069447222,-1.3357185352285965,1
-4.0529127670382863,-0.28710538448331846,0
5.0284323764257195,4.7217158503164827,1
3.9242215654471133,-0.083172691142625155,1
6.4911529720933778,0.35945122635011639,1
-0.52025591006940841,-2.0962713233278771,0
-0.97415473243222417,2.9374882780577516,1
1.5589224422703873,2.1941096383221836,1
-3.9922931854459556,-3.931024025139461,0
-1.3340005165949418,-0.11632108828920851,0
3.0489359985940805,7.3064064456440496,1
-0.50879900913084564,-3.9147579578290621,0
0.086831081684682232,-2.9432410434111973,0
2.2503490452278943,4.6401574068354048,1
-5.8675733985686946,-2.8630278787173546,0
-2.3605490693876181,-3.3354249793688115,0
6.0469897892402216,1.8464217351388015,1
6.9011084376637974,5.5089516803306973,1
1.1983443565097915,1.9877227278093093,1
1.9528760275772719,0.74570786842481418,1
-0.86121488783285827,0.24869716853420432,0
-3.9073176723376477,-1.8279875992459773,0
2.0993732418010747,2.3841059599118908,1
-2.3878472503171522,-5.4885874157218169,0
-9.3895501886971715,-2.528503067562788,0
-2.6863015500427001,-1.7468101238904039,0
4.1292198142184251,3.3241061426291387,1
-1.1080051275513483,-3.7938881288971453,0
-5.8500258590925522,-1.583527120756038,0
1.0512422513945792,-2.0668449097984545,0
-4.2033644759912931,-4.7469145635314156,0
-1.6964352662365769,0.076519737986872283,1
-1.1322722892930466,-5.4200527509996128,0
-4.0354879767197538,-5.3285231842422309,0
-3.1625877702602447,-4.7431690043445762,0
-6.9400743578578847,-4.7858367705141891,0
5.062715238851716,4.7578071746958948,1
-1.4815060745800992,-3.2977396534415222,0
-5.7048071917924599,-6.8751118521946157,0
-3.5862022200716979,-0.57969166584483922,0
0.14802828238193477,-6.2459845044782067,0
3.1946526002467825,1.597818557244312,1
3.7600740269122728,0.43581317140790299,1
3.1059869688703365,-3.6757531051117693,0
-5.8639069067910654,-5.1989420781166498,0
1.6342672459651122,5.7169350400256853,1
-1.402829194699392,-5.1682226331547385,0
6.0400984437018659,0.71104890465370785,1
-2.739263585872155,-4.756684573637826,0
-0.40861686614880099,-3.2323911728156887,0
4.952106326566482,0.79965832946757454,1
0.30656243009790396,3.3586087678756202,1
1.6523725607867947,0.26532451109712518,1
5.3507053163900675,1.5843159664550237,1
-7.4669738738288487,-1.4585659917278879,0
-7.5435586271606594,-4.8110930855219758,0
6.2335678834264403,2.0460067293649979,1
-4.6360177192446717,-0.68105067125952212,0
-0.45724349949853993,3.8729363176187426,1
-1.5040640289060456,-6.3857628516468523,0
-2.3150421911324028,-7.2931413674310601,0
1.6206146006646007,2.5992377924682559,1
3.800095081351258,2.7408139730364045,1
-4.2033139867484,-2.8749033713175849,0
3.4691688218047374,0.56653443961298322,1
-2.3239985851750933,-4.2292743086564277,0
4.9533785240996977,0.897843081642133,1
7.1636778812784154,3.2009912972788257,1
-3.1728314256066694,-3.081326653015442,0
0.71924941043469159,0.25548880528922391,1
-5.4456094581556105,-5.0235432718759725,0
-3.6415248497333956,-6.1242478902380793,0
1.3128002438912301,4.1803066315794926,1
-1.1186615480516897,3.5414642040640496,1
1.6417186446539669,5.3744836340256548,1
0.57559348538994515,-3.4536780466081689,0
-2.4710206202642366,-5.6807867117939672,0
-0.25148154087631935,-1.2830075628004844,0
-2.8917453575875265,-2.8880481699126257,0
1.7416264134803663,0.89690672901040625,1
-5.1790248140480291,-3.9610624884292229,0
-2.4877793391018521,-2.7658939697585692,0
-0.529993517582664,1.039703371468244,0
1.2342835982827884,0.78388373185165827,1
-3.9881472246242864,-1.6899062246569148,0
-5.273380899536015,-4.0173624809750805,0
-4.5647640203012703,-3.2843332136896146,0
-1.7559437434641343,-3.7977069594747634,0
-0.83611660386709907,3.0123568320921121,1
-0.53858692699125932,2.1589782434234204,1
4.2581789623136324,5.5580893485067104,1
-1.9531233642946049,-3.7322390184786149,0
4.4446570276225028,1.997479311880958,1
-5.5481076272172487,-3.9223699401982772,0
0.21290118266385871,2.7454408080182295,1
-8.5464078711469789,-0.43429874867028539,0
2.2561359441169717,2.7175703126242294,1
1.4556150828156562,4.020163082073517,1
1.9976248467260842,2.8725323504657636,1
-2.8720331404257489,-4.2853177209986022,0
0.34182729372413023,-2.7144976621335712,0
-3.7902555452636832,-2.813784183681431,0
-1.9583187621802081,-1.7483996060515299,0
1.1202238449349338,-3.2729492637404762,0
-4.0780545363997005,-0.74039643831239443,0
2.9586161737862509,0.67412516507615639,1
-2.96970416563394,-1.6422068454027456,0
4.2635025855598627,2.6293422214344222,1
-5.9052687363526797,-4.2406837304285165,0
-2.9745581331438733,-1.5962499880060586,0
-1.6647808873296994,-2.8700794662531273,0
-2.2226821484787807,0.63393240748180535,0
-3.3963868044145817,-4.1675086731248969,0
1.0483375917553257,4.7972784432313453,1
3.4877608873049746,4.2073164527688522,1
-7.2682821930835235,0.6269840064996135,0
-0.87393399535145022,-3.2888466460534223,0
-2.2053881431604125,3.1123413345785811,1
4.4741260225976331,4.8474575306595566,1
-1.2070151828608102,-3.7010414097710802,0
2.9968863223601927,1.4010423179122238,1
-1.1235714980526315,-2.8603924925755324,0
2.6198434263039219,5.0162238101401089,1
2.4383427256087464,4.8647283383161648,1
-5.8588240742802284,-4.328896247482966,0
-3.6628421589795614,-6.3189270657207199,0
-2.6173968552257545,-0.4057260828536946,0
-1.0213351829334165,-6.8467431824572493,0
3.7139804920306103,-1.7981854217267426,1
-4.6437576562816867,-4.3264174516107268,0
6.5089931013730968,4.487755746512045,1
-1.0983597301431969,7.1047580777529804,1
-2.6822271488901364,-1.9159244268993665,0
3.5260438038964663,3.752379263684495,1
-3.4576701192554529,0.8132859178369598,0
1.8497811425138908,6.8064578917171721,1
-1.4806427141303189,-3.482847460937855,0
6.4374310696102421,3.4091298552211025,1
2.7284018775156449,5.4336211249609079,1
-1.291406066919869,-5.1083108166165978,0
2.2214568797066141,-1.0282433912110394,1
-1.9900006264564951,-3.8375595539513747,0
4.3870971668363596,0.90994100779747056,1
1.6278115562821796,2.3893009777591452,1
-5.3380297565008537,1.3926593634478115,0
-5.2359635057324478,-5.0474982355467883,0
5.9002093965976421,0.66771171904427717,1
-4.7854168116647751,-1.4806475380216491,0
-1.7190473333673917,0.041604259773103891,0
0.39593341547998095,-0.19503893086415047,1
-2.5458529540692765,-3.6906573996792282,0
-2.7121105445043905,-5.8578044852646105,0
-1.2908563208436461,-4.0111904830096856,0
-0.75721446171172291,-0.37595577313822748,0
-2.7846026245481248,-5.2883288511434117,0
2.9036617856244828,4.3099925973276392,1
3.7702317390352125,3.9424229586505413,1
-3.5270146334007002,-7.4100724682626788,0
2.6046386458354971,5.1179448350371706,1
-0.84919378224718534,-4.9452385574039583,0
-2.8057190346683707,-3.1017167584909355,0
-3.851010018382933,-2.8969329818157052,0
2.7798261072892245,-8.2383483060083513,0
0.5718132514175398,-1.2077835987870431,1
1.3739808718625754,2.0049399706728037,1
-7.0660679930567492,-7.9048088463590682,0
3.0850170461152286,3.8858043334977999,1
-2.5050351599908991,-2.5534539849708167,0
-1.8891559750802123,-0.33680371588115898,0
-1.9205293848953655,-5.5481682380868538,0
-5.9979628697261278,-1.5540154478342498,0
1.5952426036366303,3.9865312177339183,1
-3.9343098318854306,-2.6895023384333796,0
1.7631086342973559,5.528823495902822,1
-1.5572056883640322,-1.1168838798982397,0
-2.2822983224809601,-0.72665100553203743,0
1.0393973867291053,1.7394940628242876,1
-1.3479718082568704,0.12458006421028012,0
2.6427155158869096,3.1785586112444655,1
3.7942459409223952,-1.5166280900942208,1
3.7815724850649479,5.9338591132546954,1
4.8054532935756509,1.8181318541920848,1
4.0161116442948295,2.2907150911468093,1
0.69653442961259149,3.1422541565323976,1
3.7511908927719606,-0.26155869049368663,1
1.7392070213134501,3.5419325006775857,1
3.6326001104782533,9.3266188444011622,1
4.60293898610594,-0.80906445264712135,1
-4.7827074655418844,-3.083466844877587,0
-4.6970706030836835,-2.4088719411181869,0
3.1388739268554469,3.8619985278845208,1
0.084775242336105006,0.83684371589854312,1
0.76623757583267915,5.44094303356216,1
3.5125285150895174,5.9478718812801104,1
2.7904113841720402,4.2240709675363082,1
1.7252195751706167,2.9227849718667582,1
2.626542950686547,5.5075370036918674,1
-0.97293634993347888,-4.5371315380339663,0
-1.3136563450054317,-4.2241846409907788,0
-4.9122539842958917,-1.5130973678377329,0
-3.4040990505305317,-1.3049263084767473,0
3.7825820258930243,3.0896067067651205,1
0.39922569149426756,3.5083143489489768,1
-2.8236631444602156,0.071757330884779869,0
5.7055627345304298,2.7570595246108711,1
-5.3235021732516223,-1.0034426527189118,0
0.26197872501128261,-2.1778596338843115,0
2.4257984090841105,0.25251543071363658,1
5.8153546960783107,5.935063970995051,1
-2.3091835465887351,-1.0171608960062615,0
4.900437674655076,4.4584438706133094,1
-1.2382384421233534,-4.9577226183023519,0
2.8132374815520467,0.94242156835958601,1
-3.4779004869453538,-3.9235726997015927,0
3.5844249845013119,-3.507478552525817,0
3.4286372692680054,1.6237284997425476,1
4.8702770068588386,4.1601292848992459,1
-0.57107578505742307,3.6071007491206593,1
-3.1431488467512834,-2.2763786013591512,0
3.2349514206585086,3.5163671761322881,1
0.24266171799352065,3.1182004624630002,1
3.7843565420129144,3.5514590380370015,1
-4.7795499770997019,-6.0316731891947946,0
2.8548410802265058,0.79306289863271928,1
2.2052237631226701,-0.48184266074824533,1
-1.0185484598576784,2.2889749852885251,0
6.6259327899010723,-0.63520113908004161,1
-0.69373667871577105,0.24044271156275299,0
-0.75192966632800928,5.9146518794669998,1
-2.812526779957623,-5.5961446928594434,0
-9.5474086701119916,-4.1874281249370817,0
2.9926273808379968,-2.4566383016554463,1
-2.5690319825380392,-2.908173363394138,0
3.7086069144929281,3.8056727911607995,1
-5.8488233783991053,-5.6679822798936925,0
-4.2343315017408072,-1.2947928352678426,0
-0.040233960042762362,-0.38623780858134049,0
-0.96062747176585717,6.2029949764754413,1
3.1954984745495372,0.21830046159779748,1
-5.4476999393468297,-0.93125522878545874,0
-6.8406226687208909,-2.5710214268430991,0
-7.8087856207380817,-4.2072190370333731,0
-2.4158801651596247,-0.32846009400332221,0
3.4867423825006854,6.0201946161055737,1
0.81057216696726586,-1.1139984975217099,0
-1.1042248541825175,-4.1895772782351308,0
-2.1798148878141488,-5.0340582281862734,0
4.6946727789413494,6.2455247374730281,1
-3.7071084638337854,-3.4338700678415544,0
-7.2386450627889189,-2.4673690798139667,0
2.4355411987781732,1.3290976932731251,0
-7.2268759115797234,-5.0519612269126641,0
2.0800765629813949,0.93546073190261092,1
-5.0971097429843173,-1.2068687774143445,0
8.1514168409027121,5.1459822337033643,1
3.2170848813370019,5.5618213089078443,1
-2.6106669520763299,-5.2560477444089102,0
-3.2094683463657043,-2.179784508078269,0
-5.6392433612877495,-3.4309005988664332,0
1.6939757289112323,-0.7834070131258799,1
-4.2900524582226023,0.24211516773529018,0
1.0473658666164907,0.83026629694417364,0
-6.6834226742072254,1.211829207464703,0
-2.7288482614807164,-4.2704361995467828,0
1.8592207188428633,5.043816764134796,1
2.3922957856022506,-1.2703646886889324,1
2.9906426779550603,5.1101748701852348,1
1.5552107586153601,2.8121102490023073,1
-3.7375846848502716,-1.8511635751349198,0
-4.4765274648701601,-5.3509598260774176,0
-1.3636927689814056,-6.1401740928266584,0
7.1231405389873608,5.011275762449765,1
-0.67698137866560693,5.2065348520268522,1
-1.3869784469493665,-2.6635725771927858,0
-3.814346004328657,2.0081837816661325,0
-2.6621805569489467,-2.0867402577582013,0
4.3831321881139704,3.4195169099424985,1
7.319703007691686,3.4939237491406026,1
5.0942561681679788,7.1504120614820081,1
2.8900904123988718,4.4073266274994314,1
-4.1402563346468328,-5.9726171500880838,0
1.3334629649651939,-3.0536740389695227,0
-0.48595153954798498,-7.8495170158756435,0
-1.7150140860566061,-6.8029624905226278,0
-3.4612694308667993,-5.7837354983428835,0
-0.68944641829399034,-0.36533486523822756,0
-4.185491801384229,-2.1415740208195517,0
-1.9914596432048715,-2.427090727475921,0
-3.6789637587198838,-3.567608520336464,0
-4.2527344086635033,-2.0607647296322757,0
2.6116482723644818,1.3798308500740173,1
-9.4156802942378501,4.0573304612818131,0
-3.227254114399718,-4.5326949305996482,0
-2.1424355090746223,-4.4852354233670795,0
-7.2484786660555089,-0.50325445125234936,0
-0.43914394121632006,-1.6234663249799048,0
4.3034820668256071,-0.73748145478402716,1
1.1663431190636915,1.8429879331351897,1
-2.3875116856082359,4.1020765008322044,1
7.4530491205988803,2.6002862493574379,1
-6.2929549528572011,-3.8858380079226982,0
5.5479314958862807,2.2038602952330155,1
3.2156701060869302,8.4323301553009777,1
1.0676982641519364,6.48199535343314,1
0.61741980011844788,5.7683033969320245,1
-1.9246480668150117,5.6104514868069915,1
4.7738846983896428,2.8957485125527218,1
3.2582856641463986,-4.3038485635573069,1
-3.7090550870338177,-7.1786559766099254,0
0.47674457982161478,-6.0006621892763388,0
6.3571659215140084,3.2656261307545358,1
1.8700043405608757,6.2453951945791388,1
5.6412767924204772,3.2475653858965821,1
-0.97718946942399176,0.36609970773015865,0
3.6954096206871645,4.1477815975451371,1
-5.4282593171405953,-4.1886805888651581,0
1.8008281301990943,2.5407217712747157,1
-2.3791641403111541,-6.3096562437122508,0
-1.5635887398111148,-3.7336561113357649,0
1.1917984970709325,6.2513531003276617,1
4.6326940016466285,6.1176080869858112,1
-2.0192911453320872,-2.1674473874332119,0
0.045514365616296182,1.3374154435023633,1
6.082485753292012,6.6266596300495753,1
3.9060091328118913,5.1696564599424324,1
0.18118319272148087,-1.7799976401453785,0
-3.2940435660402336,-0.50435128386092565,0
-1.9096060471963496,-1.5578721222895757,0
2.5986555350710079,4.5390096490371219,1
0.22049758361701643,-2.2739002698897348,0
-1.8375667435715417,-1.1894651234338214,0
-4.8917865278390167,-4.1895390768916458,0
-0.49423179193500033,-0.35192275126696426,1
-3.1359392952695977,-1.8999829220290443,0
-4.5968045541885054,-1.1416337388379165,0
2.0944386666557304,2.120958807840716,1
-4.5479385931775411,-6.7967088826143787,0
-4.826730523728024,-1.9006586081669903,0
-1.4578146677460666,-4.9610384379964252,0
0.053292143661039848,-5.0256852910039349,0
-1.541247883811061,-3.0950625774097085,0
-7.2094780292681646,-2.3786744884337394,0
-0.84585440560092362,4.373095743564078,1
5.6559918567390106,-0.16534492296808168,1
-3.1335739815324004,0.44230176163410651,0
-4.0823636793584646,-1.5984992605573858,0
-4.7968536725808262,-1.7152323955067541,0
2.7993018894219852,2.6136831798238216,1
-1.5536395154276397,-2.1821967416764103,0
4.3866586366122551,0.54645579806352762,1
-2.9071312081667551,-2.0157469728907156,0
8.0180581396107424,3.8389730623078897,1
0.34845421138410382,-2.3199134439035589,0
-4.0718315833409617,-1.8438845526165972,0
3.1270974442332253,0.20687691516939122,1
4.3280104308781926,-0.012761790693061492,1
-1.1542306477697151,-4.9288567592659822,0
-4.4043321690549426,-0.61119194767928242,0
0.035335580795046173,4.8940601967776907,1
1.8845649661704948,2.301449095412166,1
2.8482561210591126,3.1136484586919728,1
4.5239982142262001,3.3433377179145407,1
-7.8209267786177481,-0.37499391256344516,0
-1.4721059338965565,-2.9215711677284504,0
2.0041606098188645,3.0421049406739331,1
-1.4522717405309304,1.8497835617927518,1
1.2855214411339975,5.4096178840871838,1
-2.6391087030795783,-5.2891893590644443,0
-0.98158777711543044,-1.1399411991112149,0
-1.1495107830982016,-0.41071241107376411,1
2.2011673187283316,1.6550211775625456,1
5.2996983281607184,2.7198698258693312,1
-1.5665019954862309,7.4854164684936917,1
2.7162664819240874,3.6040273492577777,1
0.13414964693956666,-7.0120006387428253,0
-0.10747693823642068,-0.80797181095309956,0
-3.0606257373626815,-1.756585838321947,0
-2.0078858767126935,1.2451160377733457,0
4.7796573714731565,1.6464248418392133,1
-1.5381018061559522,-4.3729352563840536,0
-0.72728533138106943,-1.7172209866874284,0
-5.5499856210885259,-4.1113236618843301,0
-4.2872089710771011,-1.9469455809853116,0
-3.6805438174032536,-6.068310060487593,0
3.0649941335003037,2.5179664256427086,1
-0.97186539006647887,-7.2257201776941082,0
2.8786690877941843,3.2218106851631325,1
1.7945999261854721,0.87324008500920547,1
1.1840620290878729,3.0702545904693848,1
-4.8080257321663051,-7.1741821760684976,0
1.8996061567141784,-0.77699973684862478,1
-0.32255653777331572,1.7046448538266545,1
-0.78786499160956813,-1.1025822427934586,0
-3.6358107520867988,-3.0311794333820843,0
2.7486915948377142,-0.059288755874282284,1
3.8437833487761566,5.3813882729730391,1
0.75068753667833876,4.6081032627756979,1
4.2960689874658939,0.58719469222263054,1
1.3266404738217574,5.5327349065936886,1
1.3638520108468439,-0.56558111882668394,0
0.4095980184234409,-3.4997738196032375,0
4.0451925402314899,1.9108733730515444,1
4.3857196531967846,4.1873330481576447,1
-1.9138895465971935,-3.6608101560618196,0
4.9047460730077272,0.84394782688856385,1
2.8600614275824126,1.4238528062538687,1
-4.637023888779737,-5.6397374132686133,0
-3.7014227093521708,-1.5799046819883154,0
2.481232105797492,-0.39519625431772987,0
1.7100061890901903,3.1195918267680285,1
-5.0074531230915751,-3.6087876455176082,0
-6.2491278224629205,-0.15272389746054804,0
2.5218320416941804,4.0057061585646805,1
3.4376382097922042,3.8849509509209286,1
0.44809393546382958,-1.9551327019367608,0
-3.9841998162961394,-1.7918061105567777,0
-3.3995026340005676,-0.71602632511714637,0
-1.0639930374397559,-7.9809782361454298,0
4.0162558863179934,3.0423881615399098,1
4.3545604515827092,3.6744136136948677,1
-5.7859415719690084,-4.6373995828208683,0
-3.4232678912183592,-5.4823656756133801,0
2.7522427067264701,0.84653421038273624,1
3.346274367463578,3.5043630592274528,1
4.8536971301221854,0.99964140993994954,1
2.5342195951200077,2.092683485785698,1
-1.3414378644476115,-1.4899651010885588,0
-4.9678688018361257,-4.2698327618450644,0
3.2125972781007959,4.18684445859446,1
0.93202440085579941,-3.7490752499614768,0
-2.6390108889354655,-7.3202229511258095,0
-3.4162672029234051,-5.3769397504705836,0
4.1515882561716708,4.5897984927775175,1
-2.3206103515182273,1.1418113174756201,1
-0.28292364377127388,-0.33097879451505197,1
-4.7034155165295504,-2.352968834467394,0
5.8199123074691084,4.4005733579032906,1
-1.4335597327651171,-0.8951986910311911,0
-1.110727456290082,4.5117895971394439,1
0.90851309319989637,-1.0801983940172548,0
-3.9800340321044541,-2.5783214713341236,0
-4.1109956754986419,-2.6819861625527048,0
-1.8820765344784041,-0.16059384997425319,0
0.94255701214092369,4.750760245480004,1
7.9351316179287661,5.3494042223177836,1
3.7252062602975893,1.9953933010719778,1
2.9270721494386782,5.3195513900185842,1
-1.5326669287705428,-2.532964112563914,0
4.1860769592094753,-1.4440259626657088,1
-2.666985003858247,-1.4631932516369826,0
2.5672323863828539,3.7291586190843837,1
-5.1882964164280301,-2.3613109726801387,0
0.29016685662565234,-1.0951136820180329,0
-6.5697983219011586,-4.689715930831901,0
1.994591964386067,2.8505288269528863,1
4.2739441276556187,5.1789008106166809,1
-0.45269927192415071,4.4083795509757628,1
7.5023658607044243,3.9336367462648214,1
6.0832192709339186,3.6794645786862938,1
1.9532684142822807,0.97408783049179881,1
3.7097832291750841,2.8857082121065449,1
-2.6216494783503532,0.43794102032274829,0
-0.1970667589277344,-1.9801611943940212,0
7.044776589958456,2.3078790484511829,1
-6.2508112075716777,-1.9212452859419544,0
-0.40397789682589025,2.0111046702169295,1
-3.0551559559004713,0.70163819980175912,0
-4.1274362991806441,-6.2484785732179287,0
-1.101106847300855,-4.4304400892588252,0
2.8068322613707863,2.9459404569889838,1
0.98959310610671247,4.6881871247994091,1
2.1908901933299343,1.6572784992074883,1
0.97566804828820208,1.717092205620927,1
-0.67238448573736731,1.721801084914536,1
2.3627243618973335,4.5374439080657734,1
2.1371721854022794,6.1404256266965334,1
1.072948231271426,4.4272072610803672,1
6.4613635379781353,1.3156645301875145,1
-4.5219835028785473,0.53196735980987819,0
-2.3076305657669414,-6.0025755686117854,0
-4.6374162797185807,0.0074359158367696132,0
2.5190239692309797,-0.60763821986817046,1
2.6868783567954191,-5.9520931181567951,0
-5.7055655810580079,-4.2191941004644438,0
2.1924315883636076,0.92936863507888834,1
-5.2778255512024153,-4.6055321377804965,0
4.8659060001453698,-0.90917283649065617,1
2.7393142241454838,5.173346642463974,1
4.6883553152149187,0.38046998529661513,1
-0.12321074216688199,-3.3488273890345508,0
3.5877903794885491,-6.3125282416036281,0
0.55584377836868981,4.0162792552540116,1
-4.6116942201492765,-1.0661185313647212,0
2.8733695355949136,4.6723182087676456,1
-1.8804256751273885,-5.5359589383044279,0
-3.6310001467062816,-1.6270317699573063,0
3.7640363771035128,7.0570383785913116,1
-1.1177293681197915,-5.1224244562334098,0
-5.06552849569138,-3.8362430543539401,0
2.4511446459020956,5.4256124508326451,1
3.3963888218255747,5.562402655317074,1
-1.9942678333076933,-10.149481643350285,0
1.0409744798400151,5.5053621983864165,1
-2.9327178866438692,-4.3712540872258057,0
0.5475202608828571,4.1037134520957794,1
3.7141787318931279,4.742914620098583,1
4.144317339810395,-0.73123643284805295,1
2.1045992804908491,3.7178506729539276,1
-5.8651228035215706,-0.98216178928465991,0
1.2550649227889576,5.1105640391426643,1
4.3534816516553425,1.5592845288292634,1
-3.2398610457008958,0.24222875841654545,0
-0.38051164248674629,-2.3693308751437221,0
1.6176411548574778,2.7674559179780416,1
4.8808969629375394,-0.69887526925410448,1
-1.392964953833757,3.8438332107276016,1
6.317879843302963,4.1670687303249041,1
6.135856487664471,1.924576815961788,1
-3.3646798037175452,-4.3898907122853794,0
-3.131869804996628,-4.0953745754025377,0
-2.6560266454271191,-3.2607714506120566,0
4.4680750304120957,2.3068985385669061,1
-6.3004547298802844,-5.2608802052795181,0
6.2737263077388672,0.18847109958682928,1
-1.7347735806532647,2.6709284857765088,1
-3.0664231610210839,-6.7764764490419847,0
3.5362483191090863,4.8376676771513925,1
5.1820519021756919,1.2326137713351941,1
5.7888241609825091,5.928442088171515,1
3.8522423542049031,2.2098033931479546,1
-0.81394802223108664,-6.7356124922531855,0
5.9423291949234658,5.9814289653151924,1
-4.9880667822873228,-2.2280867429025797,0
-4.2817215239463762,-0.86581548723676294,0
5.1740878922558666,0.80636973870142326,1
-0.56052996958495971,-4.6841605459587896,0
4.2850531121757225,1.1406374028848538,1
-3.9326777704260243,-0.75628266530106547,0
-4.6830757878846638,-4.4110981245879222,0
-3.3619894904162644,-1.6076257301796633,0
4.4869145484075696,0.97575494360061654,1
5.3187662752974134,3.8682392708608928,1
-3.8465912445998849,-6.7829167013112146,0
-1.8010247735186136,4.937062821949862,1
-6.1985859622093322,-4.402042051370481,0
4.5533044463600341,-1.8984072163384305,1
-3.1546930468763597,-3.2511567776585335,0
-3.3137098831816827,-0.73341813354354723,0
0.21553180389282112,-2.6048254098954722,0
0.5883044845545502,-3.2898952386529761,0
3.0559581202718404,3.2041134352009597,1
1.8112442405923022,2.6428449815068622,1
-0.19573387728903935,2.4703010642395844,1
-2.9223463045206244,-4.664440903453988,0
-0.21280291659616779,-1.982544350667429,0
1.8613245872084991,5.1980030436166444,1
-5.5076550943177462,-2.3159958437236421,0
-1.2945044042555447,-4.8024495609153659,0
7.5117320868452202,4.9821446499517998,1
2.9505566338643323,3.4416319853337427,1
0.45536147873529131,6.1546473606718344,1
5.5343605392632611,3.2669534804756215,1
-4.426023779016238,-4.6235430181145993,0
-6.0757999916845336,-3.0592861654115251,0
-2.9838619445293264,-4.986172840650668,0
1.9179572622476728,-5.9900229680921111,0
-1.9146418382829788,-3.2773793666804698,0
7.7994793861609208,2.0336583797458609,1
6.2791046470493947,2.6495937030561878,1
-1.6290149885735361,-3.4479508302640305,0
1.1572768086272538,3.18482655760989,1
3.9980074738840528,-4.0612520124519387,1
-3.5987958406886831,-5.814927218926063,0
-1.3174628054980877,1.2957479946217725,1
3.4661437883994823,5.7863728581415321,1
2.3379434039599123,4.9548273484209773,1
5.8229433395493286,6.7747427273364327,1
4.1580782899100424,-0.25198773444727385,1
3.2594801716554822,6.3006127221499684,1
-2.7388475552950946,-0.13178090486109539,0
0.11061702508207327,4.0634435241017481,1
-2.6399716414360221,-4.3092822535252999,0
-7.2335754663161174,-7.6081399423547689,0
3.4938434666113642,3.7558962854958837,1
4.9919984345226744,4.1450592385308891,1
5.60086911591908,-0.50982040469612899,1
1.6781395825798759,5.8502327165158432,1
3.9949210573813665,0.67320601264545354,1
-5.5856742740631882,-4.8368981956670671,0
-3.7651504181496245,-3.2708756446490752,0
-4.4019321498423851,-0.31402618443813379,0
0.34563871756842079,3.2104967234970436,1
-4.7968673638240258,-0.8719921919202287,0
-2.3601521028052073,-2.2801042768277995,0
-3.507954511696318,-4.9702804329179564,0
3.5781075247927756,1.3274626281537603,1
-1.8107949008895594,-0.45574422753716615,0
1.1624737651637516,3.4315022941576241,1
-2.6575493476685859,-1.8540486431595085,0
4.1464671952064176,2.9339832637958607,1
2.5244227624769731,4.9027615533542672,1
0.60011425963959653,-6.0173686741313457,0
0.96918121866046958,3.3865314106867714,1
-4.8916091712767384,-1.9963296512524504,0
-4.9258792773616937,-1.7778227871596743,0
3.7714316653975462,4.754220578476982,1
-0.051863929252679242,-0.90141462999873045,1
-2.9503791287388128,-3.0121658563665519,0
-0.75856932139252908,-3.3406395453025759,0
-3.2094365101933278,-0.89690554937774847,0
-0.51984858133058109,-2.3954819413873119,0
-2.2337183549561574,-4.7013594737785658,0
-1.4372967357890327,-0.87525482673623722,0
2.6760414820290706,6.900404600365313,1
-2.6571832796121568,-1.9092793301218867,0
0.46512603529217822,3.0445908335594587,1
4.0033615295027509,1.9143297580196534,1
4.6466047472798184,2.8691900885267327,1
-2.4543965936300349,-5.1183710158667299,0
-2.886670187799568,-0.93971235171305478,0
-3.0225928341681372,-2.1386951435464194,0
-4.9516287949096274,-0.51023535866313052,0
0.23531939305078531,3.8860620884875292,1
7.1468551574565833,0.53036319371969265,1
2.0239753108263874,3.3969662461076804,1
-2.3831749326843368,-1.7381213741077159,0
2.9398323448164385,4.5834005635618587,1
4.8911236169114307,3.7396944448321801,1
-7.3357520477534495,-0.99398542778827847,0
-5.8066488603831505,-6.1511415086124064,0
-1.9258576265846339,-3.2642059681671425,0
-5.445836799989678,-1.9973966574509388,0
-2.9640909059029115,-1.6295205625694027,0
-4.5721365771258071,-1.0853963677136056,0
6.9113116202185685,5.1860273105050094,1
-4.4776953285865542,-3.7326521089068643,0
2.3375518211104813,3.9806062850873927,1
-0.40941460818813002,-4.6972304782365919,0
1.5586953639764962,-2.1216502723534458,0
5.2391863552504709,3.0750114688684178,1
3.5653658296926292,6.3069868813630521,1
-5.4033318260003647,0.64595994798309908,0
-8.3442608188567036,-2.5942496887385631,0
3.6268510594684078,5.3687375284901133,1
-1.0378235675168239,-4.918145449519435,0
-2.6218658714252339,-5.2343759290966698,0
-3.2610410234576515,0.50023873203790048,0
1.2572510859491239,4.8216292356381052,1
-1.1101677389544915,-6.7961469051584746,0
-3.3882355159582316,-4.2670203295936551,0
5.2500377031043737,1.8632352959904437,1
-3.4956809857691002,-4.9046145811302049,0
-2.6222103848849843,-3.4456908721688189,0
1.0687134506103171,2.0951986543445127,1
2.3860491255710974,0.95841055958501808,0
5.187254113319355,4.2783968018370873,1
-0.30559446587595485,-3.5841237065793079,0
-1.055866556684057,-3.5343162160384418,0
0.40722808204700645,-1.2654786958442956,0
-2.0617665910151697,-2.2517139455397031,0
-3.4300483267177837,-0.27853398800301044,0
-3.7424692084484801,0.16057880026049531,0
4.612765900632386,5.3765756990525615,1
1.0901586468649098,-2.5914671687652389,0
1.060850330836371,3.5704887635362925,1
-5.3733814259106971,0.69096078624304669,0
-0.24777792862808878,1.3654837268892666,1
2.0819966790064597,4.3086295024921117,1
-0.9644690546562753,-0.34537534471989373,1
-1.6881983193536889,-2.7879289792815598,0
-3.5529924255772576,3.2904496535301253,1
-0.62872029298371457,-7.6017457295086288,0
-0.038365765796370077,-8.5435405335374703,0
-0.35249692240212926,-1.5633134465963063,0
1.6924926917829217,3.3738526646311287,1
-2.2290761926054592,0.10358858880198119,0
-1.3143722344541258,-2.4995302999321911,0
3.086529837942225,2.7074189428525846,1
3.7467155964737571,3.2650692349070249,1
-4.8677162591784375,-2.7192878578323527,0
3.0379109154774904,2.8914809573805327,1
-0.70299057994807512,6.7116399804278171,1
0.51059982590185937,0.74465073885056965,1
3.7868015601292142,5.2747561377943786,1
0.32935812162375422,5.2095274935224314,1
6.2045418703717452,-1.3743662178343188,1
3.8952834004325876,1.0735368727819694,1
-0.2628757475565342,-3.1522482447153055,0
-1.3718442723339788,-6.1256067927248328,0
4.2289313614659196,2.7157678268969367,1
-4.4378153137698524,-2.393563351167844,0
-4.1874524758772802,-2.6752089945079578,0
1.5853372582356675,3.8471953658260407,1
4.8121008597184325,4.2146213076805434,1
4.8801769376106101,4.7244312578601591,1
1.9928062627954233,4.3465982879222551,1
-3.1889804088769766,-5.2924393151333655,0
-2.5063296843298359,-2.2693123865792737,0
6.647201234955892,3.3567588595747773,1
-3.9942594729831962,-3.5444254398223505,0
5.7565508197433317,2.6363103369840686,1
6.1326732155064034,2.1989901857753096,1
-2.9540009217607421,-1.0819585000399528,0
2.1972020565017809,-5.9000659538121312,0
3.2137266011528256,4.9089619558828632,1
-4.6949089799789459,-4.9592493304809739,0
-0.5948364172772993,6.4619720116214161,1
0.047723594825762383,-3.1009101948437907,0
-1.0370201188149295,3.41217088757654,1
-3.5208873957822799,-1.7308717198322003,0
3.4099322532196759,5.8399519279152861,1
-2.6829438434294066,-1.1026387097456645,0
2.0235593791400568,3.5154187895830598,1
7.2521574217253626,7.9920077075296003,1
4.5987227974856699,2.7658203323077806,1
-4.0757559462079396,0.4398302306427091,0
-1.6288873151264864,1.9504218733906873,1
-0.72060639746540733,2.7109153558487824,1
-2.5304410016077936,-1.7696390078239279,0
3.2393801891633816,4.9679053066621508,1
-7.9737388768252897,0.41914556814211235,0
-4.1480189601881312,0.17591070369518214,0
3.7992359172356962,4.8432182823273244,1
2.0512756606518017,1.0363524243078579,1
3.4478678575455395,6.0922590299951862,1
5.6969177092998056,1.7047515750212838,1
-8.1205757430995433,-3.8938721651142916,0
6.246570454398956,4.4827240211331558,1
2.0453511083604639,4.9255038046051247,1
-2.2290168794727432,-5.6165230663416761,0
-3.4587775586359721,-0.569833874292343,0
-4.2073035392754061,-3.0460827594354019,0
2.8427971218050296,5.3235384288594965,1
-2.2912864795597416,-0.22141523832532295,0
-3.9884716403436316,-2.5840676639402842,0
-3.0137166316808992,-2.0532343133525739,0
0.74070717247745277,5.2952152318783341,1
4.777805212155509,3.0484016904912181,1
-3.1252058154274116,-1.415846525654999,0
-3.6638888305046624,-2.7572347137879731,0
7.796128967712054,-0.31412023638271025,1
2.104306116479699,-0.81269984759327141,1
4.0472055910866578,4.8928498739732653,1
-3.9328888081662221,-2.3583441311246207,0
4.0027221036578009,3.1284119483671295,1
-1.8474221030029021,-2.1744969745408866,0
-3.042484294587843,-4.436201706511377,0
0.634652092196208,1.7110545115507227,1
1.1811496937455563,3.1536317825990405,1
2.6248977184996667,-0.28810670884840439,1
-1.5995926748152465,-2.1742496663708679,0
-2.3793281529024957,-0.43784434023775942,0
-0.68687289315159905,3.5742221837474881,1
5.9826092288193227,6.6159210319137793,1
-2.5925839326824267,-3.5380085552588607,0
-3.44100413703798,-6.125304590888077,0
3.1767639033549004,3.7452646192261549,1
-6.1895090114538682,-4.8330000411029657,0
2.7688230071560356,1.4881663381002492,1
3.9718305568380345,2.2602056824478574,1
3.9117624118222323,2.8704524669000229,1
1.0075118810921886,-2.0806558281138097,0
4.9974836563303802,6.1721485138708161,1
-3.2484065557451842,-1.7708286114328129,0
-5.53835306352312,-2.4622593338753918,0
3.4077566193915891,3.3189140772661414,1
-4.1167806744669715,-1.8214948864732643,0
-3.1934283878227978,-4.3220469290948413,0
3.8435468409294939,0.94053147203965626,1
-4.6872033084661178,-4.1575524161211366,0
0.95419584003278679,-3.8052158398098235,0
2.8325739794997093,2.2927318541381512,1
-1.1027295062073854,2.7034995858848956,1
-1.2099631508453339,-4.5608992730111666,0
5.8893314940589381,5.7414689204030545,1
4.3057103819085043,4.2074882459356777,1
1.8890437952190404,0.32970215219140053,1
4.1326066125376446,2.9935030035970875,1
4.0898936252071039,2.5910694753825898,1
0.19966788862461238,4.0519143035374103,1
4.9292271610445475,4.8747377591226293,1
4.0605357907529172,5.1178839954843927,1
6.3331701822849471,3.6284793020423844,1
5.1203640558019448,3.1459566928242295,1
-6.538813874072062,-7.134261116499828,0
1.014168051916827,-1.3526350871262007,0
1.4616774142280891,3.9547553206355817,1
0.05077296691740063,0.12372383592071312,1
4.1056414473872413,4.185392212276156,1
-6.078020767934432,-0.78513111297178062,0
4.5878298059798421,5.5722443060452704,1
0.56556769430688858,-2.7976677636347929,0
-3.9366341425304388,1.5100913239880258,0
-2.0817139958876085,-4.9843918098601865,0
-4.6897315306161182,-1.812038797844467,0
-0.47375783457437537,-0.066588526330525255,1
0.92778965543384517,2.0860294187728528,1
4.9559530917632406,1.3848099571474974,1
-1.6738980668991077,-5.1480324453813111,0
-4.6036610679513661,-4.0196411979496727,0
-4.0432464914284019,-1.6217585105044938,0
-0.32103134607402728,-3.2946898153019193,0
3.4650714860051912,4.2240744208676411,1
-6.8968896049200676,-4.5999511409984439,0
4.1684747452381279,4.1179485911214204,1
-1.2394910193875273,-2.5983216097311899,0
1.4664074515666432,5.3490388807230573,1
0.37494245987631603,4.206428167097485,1
3.4779269826567134,7.9743341843438991,1
-0.98528790884407202,3.1756882818922683,1
0.4463595383629948,6.3327210267643315,1
4.1813764919184031,0.5857513183991081,1
-0.60096283501942871,-1.5845147821851355,0
1.3423169153473715,-3.7843467859010795,0
4.5468386159002101,-0.8611659628648578,1
-3.7727230781857863,-6.7060984905979826,0
3.2500099877608695,4.9778195951756086,1
0.96565628518399427,6.2015397825916114,1
-3.7814268238328643,-7.160682020254737,0
-0.32456421960417714,-8.6500203513168739,0
0.86661457453858093,1.454096438389711,1
-1.0149981130560199,-3.8528208283993655,1
1.4942723036608281,4.1055238127039484,1
-2.7104670139144602,-5.6530821482548852,0
-2.123306393134694,-1.1010306497504809,0
3.3695891694345943,2.3971419840684116,1
-0.78760259245453001,-2.9623276790563771,0
-1.6086526124503988,-3.1480050883105712,0
-3.6618740859243828,-4.5386979379293733,0
3.1052552486124063,2.1168430782109819,1
1.9420457217327065,3.2617298857405643,1
0.64853018365491444,3.0454868984517924,1
4.5060434285471818,3.2756636014420852,1
3.2937042059519257,2.9283603333940871,1
-6.0742355205335574,-0.69562220992065837,0
2.1842627420935199,8.6675542069218778,1
-1.7786481434179282,-3.8188779892711047,0
-8.3119764458641079,-4.634368264161191,0
0.76837507885254519,4.1011800902409536,1
-3.594933373197347,-3.1242244544987146,0
2.5453319542945692,4.9382194782482935,1
4.371644541778438,3.7849006460488752,1
4.9274431528426366,2.7325370319045796,1
-5.5919865356890854,-2.1582441162498149,0
5.1673658994097798,2.9693295991916422,1
-6.0939279146434933,-2.066002925616647,0
1.9720843080471733,3.3099771615839901,1
0.44444837593934405,4.201464505293762,1
1.4035697866795915,7.3898800255399699,1
1.4118107088554572,3.3366702629985401,1
-6.3521401780125348,-1.7987303202447176,0
5.7829506070018226,1.5327883297533145,1
1.5679600759751464,-5.9368580336971526,0
-2.5039585329800991,-5.4883441748989954,0
3.2759763261781765,1.9039117773238905,1
-0.88434720028628533,-2.3220833247336801,0
6.1984958566182753,1.6494391641326811,1
-1.7939836024114992,2.4720577999639111,1
-1.8593476643001996,-3.8864226639837893,0
-1.3993309332577228,-5.2248668617237088,0
-3.1092512761775017,-2.5460566332377677,0
-0.19685000597645175,-2.7948492531515141,0
-1.7969124156389706,-6.6673731342013287,0
-3.0090464817376588,-4.2912440658242117,0
1.6464266037216517,1.0234637050410467,1
-3.1409848652047891,-2.8144342937058062,0
0.77787138520819132,4.6308053188105074,1
1.3003074203310081,3.5562139226978697,1
-4.4081642158828656,0.58820257247083862,0
-2.1075231334130233,-5.7988651735439047,0
-0.083098256170483609,-3.5219754401091441,0
2.4325330971745167,-1.5546875443764521,0
1.5936203950024466,3.1480804422831925,1
5.7970141834736353,-1.3548281253898642,1
-4.5740740343778068,-5.7472249553607977,0
4.8676124908497185,2.698287198909703,1
1.3454496609665436,1.8238680416705597,1
-1.4644483959723651,-3.8042926199437157,0
4.4665467332002002,3.1312989909184488,1
-0.84960341822059338,-3.9900724783467005,0
-4.6147116598509665,-2.1098605652273323,0
-1.5718890813688819,-4.5339967424657734,0
-2.641227794931575,-5.2062606829898153,0
-0.619605102124555,-4.5177866184930782,0
-6.1182576244409113,-0.97313338967948448,0
-4.606731107478419,-2.0328649417066424,0
4.2992541072429802,4.3162659403095978,1
-2.5866499477374054,-5.1739562818767881,0
-4.347544935997381,-2.1742822776707857,0
-4.741220475553769,-1.5289719986587031,0
-2.4344164743045642,-1.4647480880080117,0
4.8706675687412151,5.0169998192451137,1
5.0400085054994781,4.4671533979097671,1
-1.1007136697326969,-0.74811471402890328,0
-5.4672933245160928,-1.2754301095824687,0
-4.2092061098700988,0.108071272865645,0
1.9122855812816739,3.9951019334801097,1
-4.1201427640943118,-0.88683112039354928,0
-2.4094337438098581,3.3761923194368664,1
-0.16581377627823812,-2.0725737279641945,0
-3.0762028610161618,-7.2184514401638458,0
7.4691210598080398,1.8523533108003274,1
-1.7305783956151426,-4.9112799802480351,0
-4.3117465314868788,-1.2764830016272601,0
0.21601545871893046,-3.4250160610001705,0
-1.2219730530976576,-1.6113919004602235,0
-4.5882018297427134,-4.4776095358077619,0
-1.5909778932173482,-6.1165495309779887,0
3.8158974585721959,2.9815446606341167,1
1.379775643719416,4.2883072144890901,1
9.186847321540931,2.9315862362115106,1
-2.4142327229363656,-1.3893610506101837,0
-4.8748939354670089,-2.5394893917496688,0
0.72579909171816315,-1.3261708696541217,0
4.0446518850725717,-4.6718846021632867,1
-3.9851079576216093,-1.5151523922285148,0
-4.4430948005253619,-3.4424812824152862,0
-6.2200414182279147,-3.3250973044812917,0
-0.84521901260538002,5.3031002416730928,1
8.5515862607048891,4.6407646323722425,1
2.0454622200162316,2.7570530225640262,1
-2.8193724263852524,-0.9590244359843747,0
6.664171142593819,4.7201884157045972,1
-0.68705964551646925,2.5622355618157977,1
-2.2615613517989068,-1.1709246037777277,0
-1.538486725345684,-0.62792223803120306,0
4.3331557192211942,3.6101773128028274,1
-3.967383802738651,-4.3580009659111782,0
2.3617072802854659,3.3720364236226001,1
6.3786444898069155,3.6104899571944911,1
-2.7846023736264915,-3.4118404983087673,0
0.42013555659256996,-5.817219521617254,0
3.2376555086963967,3.9426171946121453,1
5.4526404322385336,3.7010257187103082,1
-4.1941953683164943,-8.3205080077375246,0
-3.6228288328623801,-4.6944766113630347,0
1.9799415636423563,4.5403076747984388,1
3.7732405717506619,3.5938413033606418,1
2.1553396417614206,4.1390664790478091,1
-3.2591175010531312,-3.3770854459479178,0
-0.68749666825668143,-2.1819559117739695,0
-2.0135061734260216,-6.0213823511200513,0
4.9558929065276711,3.4777992426045352,1
-7.1621902653276335,-3.0760507050308212,0
-3.8543827970652838,-5.6671312963304858,0
3.4195189437457141,2.9185118508249883,1
2.3799725936444402,3.4560984111667286,1
3.7381149136456346,-0.80240726331794043,1
0.4509650365282929,3.2498339066390094,1
-4.7807701490380969,-5.9304721114645425,0
-0.7212385475933365,-4.333300290922919,0
1.7449814822831065,0.32051469895194851,1
-2.6020151734412389,-3.1146005450905645,0
-2.7375786407871732,-2.547796356668897,0
2.5451496242337419,0.89968972502353317,1
2.4173053289102002,0.49560783907690187,1
4.0213205958916767,-0.8405046438885222,1
7.5269118799053958,1.9222905198453157,1
-1.3565704564477876,-2.0787891963768876,0
-3.2913590391022858,-5.8970172877947604,0
0.27109134670979707,1.4141079689632865,1
-1.5464525542553538,-2.0185167091559233,0
-3.0530094528235585,-2.2782186758992768,0
2.8116485280115766,3.3930773541591677,1
-3.1507782699163243,-4.7661467323200082,0
-0.30692917188573476,-5.3377564258992169,0
-7.5129673609974628,-2.1217777473503285,0
-5.3335423555568156,-4.9467796751083704,0
-3.2237444265643185,-1.0746769954032014,0
-3.8220516701191531,-4.5649831467268411,0
6.3768263408572867,4.6998989766465433,1
3.3270003033718099,5.108528446396905,1
0.88934481114248154,-4.1088900995680904,0
1.4284156984219927,6.5428470278909749,1
1.4230519342358483,2.3303634562659998,1
4.7436019273053986,4.1589805270804909,1
2.063670457626654,3.9280191456800524,1
0.4861117547074798,-3.500902613588539,0
1.5312795021965329,6.2780505246123415,1
2.0196360075370317,7.651253056199276,1
-3.4277245332631257,-4.1403094685805044,0
3.2982653462986948,0.90083146380916368,1
-3.7763295944486384,-4.2934539908701623,0
5.8881165851945649,0.88224462067628862,1
5.3314178933558045,1.7761013147932523,1
-1.743185285605376,-6.2114825396105333,0
4.983720725502069,5.0077268062967599,1
-3.9178085531489115,-8.8518405027294502,0
2.080253439492374,1.1637422485546507,1
1.1321089981755919,1.8842494516501367,1
1.8968576091526008,8.6179326858129208,1
-6.1451425371894333,-1.0991290155000897,0
-5.4750654352127333,-3.8472278773727178,0
-4.7394702313209649,-0.65395663072060373,0
-6.738587541485348,-0.80645023969996421,0
0.2866218927694919,-1.0732383713200075,1
-4.8590312233103941,-6.2125716576867429,0
4.8130493940818395,2.699814033759663,1
1.2177049441240362,-4.400853487663265,0
-2.1128213963761295,-0.23922069527776868,1
5.7710077941193916,8.2040693924792194,1
2.0142659307158413,0.15978395008007285,1
4.3934424004151698,3.3036320720170043,1
3.3855669982700518,7.2153127012956775,1
-1.6802863217451141,-4.3126709229094962,0
-0.29304890522328808,-4.4376571780298937,0
2.8249916276663045,0.020144811088234515,1
2.4260211448943538,-2.9184155760366606,0
0.60109388101391881,7.6757459198717388,1
0.99784647753038369,-4.5447371832261769,0
-3.8929498081276743,-4.731367348323011,0
-1.8327285756114959,0.23983357050448229,0
0.66982973299192405,3.5401626230563163,1
-1.1388272281630627,-7.6740760219351021,0
6.1990539897134695,8.6835500125515068,1
1.8971675045288638,5.0480923842821781,1
-2.5856904878048739,-2.9494263926604374,0
-2.7370809454071123,-2.6209891657502369,0
3.8102500128274994,2.6769291346452735,1
-3.3932881653465397,0.070693843314449722,0
3.638098799715709,-0.029335334997238949,1
-5.3464561611432035,-6.6396243356067162,0
1.0826867139976446,5.1780454700470795,1
-6.6957026064295437,-3.179076502579973,0
2.4840249556828882,6.544442161262559,1
0.0676592115205783,0.41853734829928912,0
-5.6919263721465523,1.1551573773635253,0
-2.8584718972908836,-4.6044577543666509,0
3.3140231019998554,2.8421567299862023,1
-3.3673738774457855,-5.4023528556357041,0
0.42697398785759821,4.3692359491167947,1
-5.0452448392763705,-1.9180692126256744,0
5.2461154649619335,3.8820020826380457,1
2.0414010692688662,9.3578358287110497,1
-3.0545211349802783,-4.1598821654304921,0
-8.5581291260056283,-3.3421647264891052,0
6.1557752236240102,-1.0980808204952792,1
-0.32392450789539273,-1.8075131852893362,0
-4.2013845415235425,-4.2812399776370791,0
-2.3393376753626072,-0.84198684660048073,0
5.5942665636188105,5.5492677560039851,1
0.51779825369124621,1.0261518983820652,1
-3.7990378860320617,-4.9890391459156405,0
-5.8735854111663919,-4.2409313228939194,0
6.635228106428678,1.0307898037388772,1
3.9324141505942145,4.659648981520478,1
2.2982038769450805,-1.5406193666746173,1
3.0165086547496225,3.228171532735542,1
0.99677251863045502,-4.1073377253778158,0
7.1107247765633064,0.1863886669031678,1
-2.3112224551104803,-5.0505477657235849,0
-3.6446016441333469,-4.7824778754250943,0
3.9409967530856589,-8.6238744431537881,0
4.0326877966008601,3.4370010157788529,1
-1.9031434950777355,-3.2203115425733486,0
0.78496682604594126,6.2730627883178443,1
-4.4010347912102645,-3.1726639425229224,0
3.319785567805523,5.8399846638059314,1
3.3458554459683629,-0.28542892111024765,1
2.606747927417894,-0.074774200256198853,1
3.4028303815876435,1.7067655484053268,1
-2.451597280323015,-0.86914411686649462,0
-3.8604829106711684,-2.635321627365601,0
-7.2936493158404634,-4.7201775766032936,0
3.4728858906280755,4.8852806926442502,1
3.1034125186889718,1.7793903164247686,1
-0.11634477495940443,-1.0811026563828781,0
-1.937362210929471,-2.7071726403153527,0
-1.4752384320273393,-2.6074583978853636,0
-0.15524794293904387,1.6768671700670152,1
-0.72065638987854674,4.7101866854448975,1
-5.1172504179372851,-5.7206330434184061,0
-3.7235619710835484,-0.65199928306073174,0
-2.7593487904031533,-6.6858126049596516,0
0.092031648423224865,-4.7635724367174666,0
2.6933337307872933,-0.044282326841081687,1
-1.7548363996231424,-0.66213739506968761,0
4.4439498166349676,2.0253731805474406,1
-0.75607771451234917,-0.36923228667565677,0
0.20589727625654408,5.1844910787411331,1
-5.2102942509336287,-4.0754071668620311,0
2.3061488346083729,-5.0408699313338143,0
-4.8305790784517706,-5.1667776662176577,0
5.5317303913433102,-0.55078805650171825,1
0.86028659755822678,0.86086280985590014,1
-4.1649921387672553,-4.2119693227160138,0
0.9377115805389078,-2.6690447210335844,0
-1.148371309907589,-0.80600763086350824,0
2.2617031093713118,4.8169138415000718,1
-3.2511187760708227,-10.620049758350319,0
2.3252787040403233,4.8012803053210646,1
2.9978643570620456,0.55290054470338967,1
3.7113187859984729,-0.97293505333057562,1
2.4865957777208125,6.1089163288930592,1
2.3191916938822614,7.3694802823769026,1
4.0908104949589577,4.4292958170528935,1
1.0188006907179246,5.7830189650142794,1
-7.7187918233274484,-3.5188313797965418,0
2.8965029629922983,6.0898133424957681,1
3.9346262829441407,3.2864753518484551,1
-2.0960446778609221,-4.8875299578891118,0
2.6861362353261575,2.9014529427576892,1
-5.0686235073673904,-3.3161770093482268,0
2.203231347831168,3.6727681831437704,1
-3.0155537799119663,-5.8717697439482874,0
2.1845566472408278,0.82278959828634557,1
2.0934619904974454,6.301512301710102,1
4.0847104898746291,-2.2197103181528171,1
6.6747432441783854,2.0212551758286912,1
-1.5806611481581656,-8.8190291115419903,0
-1.5598271139272628,-0.98431613771279869,0
0.71573810114086811,-6.1516319574273837,0
2.3738355701702925,1.3781332270713604,1
-1.2005982385668028,-1.0931964520869055,0
-5.4485156976909703,0.85280102288956794,0
0.66987276772473781,2.2070226409276366,1
-3.1251376811670597,2.2839395653746228,0
3.7021806292482955,2.8652429634312342,1
4.9541587853703177,2.9522590684262893,1
-2.3611157547907831,-2.0065288962459009,0
-0.46152828860840689,6.006977491715439,1
-3.7895942818682107,-5.7312761656509768,0
5.4610273231656219,2.6788022852111282,1
3.0365828032965396,3.512744708751772,1
1.419926780899746,-1.6334049429665058,0
2.7459681180923456,4.2768487586583843,1
4.3096601949679814,1.4897504248751017,1
-0.9774995636345003,-5.1343049520889643,0
6.742746971814741,6.4359282649561997,1
-1.3748381913535646,-1.9856242392301235,0
3.8958607970465402,0.052859371013412648,1
-1.8363958746213958,-2.5192928366268905,0
4.3314889488297244,1.9579615268940342,1
2.7827335203841339,1.0437621982094485,1
-5.3878709785993859,0.43457897001943557,0
0.31781168712158614,-2.7584577285050056,0
-5.0880607027635012,-2.904413090937791,0
3.1118292216828269,6.2984976642205464,1
2.0694118022707619,1.0829074392506797,1
-6.7800637651561786,-2.8186934116398388,0
2.2162762337862896,3.957474866439977,1
6.8721000451967065,5.3731990771459106,1
-5.7028082795446835,-2.6127845196295549,0
-1.6731974153330222,3.4135694940168109,1
5.7144129718624939,0.4620365470355563,1
2.5208906124965615,3.2201740915431167,1
6.3743644099076473,1.9070740106440336,1
3.3411717302184907,1.5243919496566465,1
3.5220266419336386,4.1172499124851933,1
7.0787641773051861,4.5967542851988696,1
-2.7508756301960622,1.2952549805860407,0
-1.593797861263009,-3.8832797716667731,0
1.2810554147802915,3.3613831650177155,1
-1.1174246282707079,-7.7743506479629199,0
-3.0183533351328826,-5.2499788130530458,0
-3.8029932448677375,-3.8501187583986356,0
-0.7412033100503459,-5.8325514748121829,0
-2.4028863863765815,-0.097918715032781822,0
-2.2357211490030267,-5.264221352107505,0
6.943360497033165,3.3381595226705141,1
-3.1761031420423333,2.579019091276896,0
-4.2931225940250375,-3.1253781445152184,0
4.0627943532724178,2.5890964365558649,1
-4.3017581740829218,-0.49670622877498305,0
-5.8198136475461926,-1.9606117025037464,0
5.9517819127537575,5.8746151424121411,1
-4.1916509040082186,-3.9065318733225309,0
5.8988980917175722,5.4904076391817433,1
5.7450347596293661,-0.17734978920755973,1
6.8788084755900876,5.4221051675995593,1
-1.2116265707556577,-2.2916554642545854,0
3.2860793689149954,4.8648394140574638,1
-1.7264709966881622,-3.5209599851611273,0
-0.20368805548843794,5.0696991166837249,1
-4.4664617019971162,-3.5398538180012364,0
0.0041563355226426069,3.4533232253988233,1
-0.58057548943609438,-3.042031119634208,0
4.1387336569197242,4.0322415626930228,1
-5.1270830490549297,-4.129531767983365,0
5.9377378982934799,4.7010438371045904,1
1.8772579992164105,1.501395604913941,1
8.7792722471580085,-2.6801357294102237,1
2.8966046834008705,1.0152607145943007,1
3.8498391054479764,4.8124424169712015,1
-3.0172769264222783,1.9296540630164642,0
-0.94388970643703551,-4.1503659387948852,0
-2.2471451905054156,-3.6048326676091711,0
-2.5653256053171463,2.8564198362538993,1
3.6542851367918665,5.9554694654620857,1
-5.1456110405179301,-0.76325429667547562,0
-1.019608806187968,0.16722548568380047,0
-3.5641294793321121,-0.67036565281546823,0
3.0862307762166026,-3.4582551459809951,0
-2.6990606810540934,-2.6349606828208358,0
4.1712648771449814,5.7913424510047404,1
-6.494897486882552,-2.5122949417811355,0
3.6932618027649267,1.4358417313740757,1
-0.45163479622282665,2.4031941891631812,1
-1.2333892731313367,-0.03633407171331049,0
-5.4265656809456946,-2.6124214064540912,0
0.19847826284361192,-0.20412411895379368,1
2.1203405775506652,2.0865761893417005,1
-6.1767060644228344,-4.1143346471893096,0
-0.6469921897691675,-2.137926891713307,0
-3.9091436064921177,-1.6795524718229318,0
5.091605562618744,3.046328432883302,1
-1.1069329804708963,-1.4777684815135304,0
1.5899323425641554,3.7242971584705176,1
-1.2798966250394739,-5.0468774449066753,0
-2.6785986612731638,-2.0558233278732128,0
-2.559337720701786,-2.7191550521431638,0
0.20089954133878152,-3.7870306310426805,0
-7.6482738511252348,-4.8278036924607228,0
-3.2382411489415057,-6.0730670113807825,0
2.8343431207886538,2.0403571760570047,1
5.2544705704390573,2.4981621516578185,1
6.1950647033123243,5.7604514626979517,1
6.8353468264869486,1.0556636895187079,1
-2.7086067007861785,-5.6271426891195926,0
-2.6199913072769121,-4.6402227570779946,0
4.3801591089856107,2.5337744200280783,1
1.1088035216083885,5.6342829920174768,1
-0.31611128558498836,-7.7662447496341978,0
3.414826319762605,2.0149043190299167,1
-3.5073234502966573,-1.0461050267419278,0
-2.2896488687423329,-6.6941284675192883,0
-5.6397489709291335,-2.6637524822437713,0
3.925143674656157,2.7924954213449684,1
0.16593269535995248,4.689513736228939,1
-3.9165598985698917,-6.0369383608758973,0
-1.3094664782087249,-2.6638075642198213,0
0.95054010901387098,8.3414068261487841,1
2.329824404947638,4.4641309106482527,1
-0.16745544430905657,-2.530893462414828,0
4.5834102626007036,2.5542765675041506,1
6.8818959176725656,-0.074838324150150459,1
4.0861445949702953,4.4222682371654383,1
-0.81617075592024779,1.8373659184897368,1
